order_id,order_ts,customer_id,store_id,product_id,quantity,unit_price,discount_pct,order_amount,payment_mode,order_status,channel,delivery_minutes
ORD001913,2026-09-24 22:56:41,C00005,S10,P0023,2,222.0,5,421.8,UPI,DELIVERED,App,35
ORD001791,2026-09-23 17:54:42,C00369,S05,P0136,1,360.0,0,360.0,UPI,DELIVERED,App,31
ORD002203,2026-09-28 15:53:19,C00010,S08,P0135,1,248.0,0,248.0,UPI,DELIVERED,App,26
ORD000550,2026-09-08 12:31:38,C00341,S01,P0128,1,211.0,20,168.8,UPI,DELIVERED,App,18
ORD001200,2026-09-16 12:51:37,C00316,S02,P0149,1,144.0,20,115.2,Card,DELIVERED,App,25
ORD001462,2026-09-19 15:32:55,C00265,S05,P0129,3,666.0,15,1698.3,Card,DELIVERED,App,8
ORD001314,2026-09-17 19:28:23,C00052,S02,P0018,3,186.0,0,558.0,UPI,DELIVERED,App,9
ORD000385,2026-09-06 10:02:54,C00136,S07,P0064,1,620.0,5,589.0,UPI,DELIVERED,App,17
ORD002073,2026-09-26 19:28:54,C00077,S12,P0082,1,338.0,10,304.2,Cash on Delivery,DELIVERED,App,17
ORD000787,2026-09-11 13:55:37,C00194,S03,P0034,1,205.0,0,205.0,Card,DELIVERED,App,29
ORD001417,2026-09-19 08:08:50,C00027,S10,P0133,1,267.0,0,267.0,UPI,DELIVERED,App,34
ORD001249,2026-09-16 23:09:50,C00310,S15,P0070,5,792.0,5,3762.0,UPI,RETURNED,App,28
ORD001067,2026-09-14 19:29:01,C00387,S03,P0144,1,666.0,20,532.8,Card,DELIVERED,App,15
ORD000480,2026-09-07 14:09:56,C00360,S13,P0139,2,405.0,0,810.0,UPI,DELIVERED,App,18
ORD001334,2026-09-18 06:14:12,C00036,S12,P0032,2,332.0,5,630.8,UPI,DELIVERED,App,24
ORD000520,2026-09-08 07:32:54,C00043,S06,P0140,4,364.0,0,1456.0,UPI,DELIVERED,App,16
ORD000314,2026-09-05 11:15:07,C00134,S06,P0011,5,119.0,10,535.5,UPI,DELIVERED,App,9
ORD001427,2026-09-19 09:46:10,C00125,S13,P0094,1,475.0,0,475.0,UPI,DELIVERED,App,18
ORD002113,2026-09-27 11:15:16,C00129,S08,P0123,3,629.0,0,1887.0,UPI,DELIVERED,App,25
ORD000682,2026-09-10 08:15:17,C00070,S12,P0002,1,105.0,10,94.5,Wallet,CANCELLED,Web,
ORD001051,2026-09-14 16:41:44,C00071,S03,P0086,4,23.0,0,92.0,UPI,DELIVERED,App,17
ORD001533,2026-09-20 10:22:04,C00080,S09,P0147,1,242.0,0,242.0,Card,DELIVERED,App,15
ORD001149,2026-09-15 19:14:36,C00209,S11,P0033,4,198.0,0,792.0,Card,DELIVERED,App,16
ORD001892,2026-09-24 18:46:20,C00252,S08,P0118,5,217.0,10,976.5,Card,DELIVERED,App,29
ORD001656,2026-09-21 20:30:58,C00147,S11,P0040,1,230.0,0,230.0,Card,DELIVERED,Web,20
ORD001866,2026-09-24 13:51:23,C00200,S14,P0112,3,183.0,10,494.1,UPI,DELIVERED,App,35
ORD000164,2026-09-03 08:01:41,C00093,S12,P0052,1,299.0,0,299.0,Card,DELIVERED,Web,9
ORD001962,2026-09-25 15:09:01,C00007,S02,P0049,2,152.0,20,243.2,UPI,DELIVERED,App,15
ORD000228,2026-09-04 06:03:17,C00050,S04,P0002,2,105.0,20,168.0,UPI,RETURNED,App,27
ORD000492,2026-09-07 16:18:45,C00319,S15,P0022,1,46.0,20,36.8,Card,DELIVERED,Web,19
ORD000283,2026-09-04 23:25:25,C00310,S14,P0150,5,337.0,0,1685.0,Cash on Delivery,DELIVERED,App,8
ORD001372,2026-09-18 16:18:47,C00007,S10,P0139,4,405.0,20,1296.0,Wallet,DELIVERED,App,23
ORD001898,2026-09-24 19:25:42,C00009,S12,P0099,2,303.0,0,606.0,UPI,DELIVERED,App,20
ORD002236,2026-09-29 06:19:32,C00170,S01,P0133,1,267.0,10,240.3,UPI,DELIVERED,App,13
ORD002255,2026-09-29 10:33:19,,S08,P0016,1,224.0,0,224.0,UPI,DELIVERED,App,33
ORD002365,2026-09-30 15:46:30,C00286,S06,P0008,4,150.0,5,570.0,UPI,DELIVERED,App,9
ORD000547,2026-09-08 12:16:26,C00344,S15,P0120,1,344.0,15,292.4,UPI,DELIVERED,App,34
ORD001320,2026-09-17 20:42:48,C00265,S14,P0141,1,265.0,0,265.0,UPI,DELIVERED,App,29
ORD000910,2026-09-12 23:01:20,C00149,S02,P0008,4,150.0,15,510.0,Cash on Delivery,CANCELLED,App,
ORD001703,2026-09-22 13:43:07,C00387,S13,P0088,4,277.0,10,997.2,Wallet,DELIVERED,App,20
ORD001350,2026-09-18 11:23:50,C00101,S11,P0061,1,819.0,20,655.2,Card,DELIVERED,Web,29
ORD001038,2026-09-14 14:00:00,C00213,S13,P0014,1,108.0,5,102.6,UPI,DELIVERED,App,29
ORD001683,2026-09-22 08:04:04,C00234,S01,P0123,2,629.0,5,1195.1,UPI,CANCELLED,App,
ORD001603,2026-09-21 09:17:32,C00259,S01,P0056,1,663.0,5,629.85,UPI,DELIVERED,App,8
ORD002323,2026-09-30 06:40:07,C00173,S09,P0020,1,55.0,5,52.25,UPI,DELIVERED,App,23
ORD002399,2026-09-30 23:38:04,C00231,S10,P0010,2,77.0,5,146.3,UPI,DELIVERED,App,12
ORD001812,2026-09-23 21:10:38,C00367,S11,P0148,4,105.0,10,378.0,Cashh,DELIVERED,App,12
ORD002189,2026-09-28 13:33:57,C00028,S06,P0069,1,228.0,10,205.2,Wallet,DELIVERED,App,27
ORD002132,2026-09-27 17:28:52,C00215,S10,P0046,2,197.0,20,315.2,UPI,DELIVERED,App,23
ORD002196,2026-09-28 14:25:06,C00106,S12,P0150,3,337.0,10,909.9,UPI,DELIVERED,Web,21
ORD000179,2026-09-03 10:46:58,C00229,S13,P0005,2,167.0,0,334.0,Cash on Delivery,DELIVERED,Web,20
ORD001333,2026-09-17 23:58:51,C00043,S14,P0124,2,483.0,0,966.0,UPI,DELIVERED,App,33
ORD000170,2026-09-03 09:05:05,C00048,S15,P0003,1,177.0,5,168.15,Wallet,DELIVERED,App,28
ORD001641,2026-09-21 17:45:49,C00094,S08,P0064,2,620.0,5,1178.0,Wallet,DELIVERED,App,24
ORD001032,2026-09-14 12:32:14,C00057,S09,P0105,1,109.0,0,109.0,UPI,DELIVERED,App,30
ORD000354,2026-09-05 22:08:31,C00271,S02,P0118,1,217.0,15,184.45,Card,DELIVERED,App,9
ORD002225,2026-09-28 21:49:35,C00391,S09,P0117,2,77.0,15,130.9,UPI,DELIVERED,App,21
ORD000929,2026-09-13 09:20:34,C00300,S15,P0087,1,49.0,0,49.0,UPI,DELIVERED,App,23
ORD000937,2026-09-13 10:39:20,C00373,S05,P0021,2,142.0,5,269.8,UPI,DELIVERED,App,14
ORD000147,2026-09-02 22:21:29,C00254,S09,P0058,2,292.0,15,496.4,Card,DELIVERED,App,17
ORD000894,2026-09-12 20:03:40,C00101,S01,P0060,2,531.0,20,849.6,UPI,DELIVERED,App,12
ORD002082,2026-09-26 22:02:17,C00284,S01,P0003,3,177.0,0,531.0,UPI,CANCELLED,Web,
ORD001738,2026-09-22 22:25:20,C00181,S02,P0084,3,288.0,0,864.0,Wallet,DELIVERED,App,23
ORD001963,2026-09-25 15:14:33,C00307,S14,P0027,1,448.0,15,380.8,UPI,DELIVERED,Web,29
ORD002103,2026-09-27 09:31:35,C00025,S03,P0093,1,492.0,250,492.0,UPI,DELIVERED,App,23
ORD000429,2026-09-06 20:14:16,C00257,S09,P0020,1,55.0,0,55.0,UPI,DELIVERED,App,16
ORD000398,2026-09-06 12:28:42,C00337,S03,P0140,1,364.0,0,364.0,Card,DELIVERED,App,9
ORD001451,2026-09-19 13:39:12,C00301,S01,P0079,5,227.0,15,964.75,UPI,DELIVERED,Web,31
ORD000286,2026-09-04 23:47:11,C00307,S05,P0026,1,205.0,10,184.5,UPI,DELIVERED,App,17
ORD001602,2026-09-21 09:07:10,C00379,S05,P0126,1,416.0,10,374.4,Wallet,DELIVERED,App,30
ORD000357,2026-09-05 23:17:07,C00007,S05,P0054,1,849.0,10,764.1,UPI,DELIVERED,App,14
ORD002050,2026-09-26 14:45:09,C00115,S11,P0094,3,475.0,0,1425.0,UPI,DELIVERED,App,27
ORD002272,2026-09-29 15:37:52,C00145,S09,P0126,1,416.0,0,416.0,UPI,DELIVERED,App,9
ORD000951,2026-09-13 13:48:22,C00013,S11,P0128,5,211.0,10,949.5,Wallet,DELIVERED,App,26
ORD001430,2026-09-19 10:12:02,C00161,S11,P0009,1,111.0,20,88.8,UPI,DELIVERED,Web,16
ORD001113,2026-09-15 09:34:03,C00102,S08,P0051,1,283.0,0,283.0,UPI,DELIVERED,App,18
ORD001959,2026-09-25 14:25:19,C00306,S08,P0103,1,300.0,10,270.0,UPI,DELIVERED,Web,29
ORD001972,2026-09-25 16:59:53,C00015,S06,P0068,3,649.0,10,1752.3,Card,DELIVERED,App,35
ORD002175,2026-09-28 10:33:12,C00017,S01,P0092,5,297.0,10,1336.5,UPI,DELIVERED,App,32
ORD001004,2026-09-13 23:46:36,C00236,S13,P0145,2,315.0,0,630.0,UPI,DELIVERED,App,21
ORD000684,2026-09-10 09:15:16,C00129,S15,P0135,1,248.0,10,223.2,Card,CANCELLED,App,
ORD000432,2026-09-06 21:27:58,C00247,S11,P0074,3,350.0,0,1050.0,UPI,DELIVERED,App,13
ORD000646,2026-09-09 19:21:43,C00092,S05,P0076,3,11.0,0,33.0,UPI,DELIVERED,App,18
ORD002251,2026-09-29 09:52:24,C00396,S10,P0057,1,820.0,0,820.0,Cash on Delivery,DELIVERED,App,34
ORD000671,2026-09-09 23:42:10,C00060,S06,P0059,2,883.0,20,1412.8,Card,DELIVERED,App,25
ORD000553,2026-09-08 13:53:45,C00295,S15,P0067,1,339.0,5,322.05,UPI,DELIVERED,App,8
ORD001930,2026-09-25 08:59:10,C00139,S13,P0131,4,336.0,15,1142.4,UPI,DELIVERED,App,25
ORD001127,2026-09-15 13:33:32,C00110,S01,P0123,1,629.0,5,597.55,UPI,DELIVERED,App,17
ORD000390,2026-09-06 11:01:23,C00193,S11,P0075,1,157.0,0,157.0,UPI,DELIVERED,App,26
ORD001758,2026-09-23 10:14:54,C00066,S12,P0034,1,205.0,5,194.75,Cash on Delivery,DELIVERED,App,30
ORD001871,2026-09-24 14:33:20,C00268,S11,P0096,2,395.0,0,790.0,UPI,DELIVERED,App,30
ORD001476,2026-09-19 18:00:10,C00391,S04,P0072,1,396.0,5,376.2,UPI,DELIVERED,App,33
ORD001938,2026-09-25 10:54:27,C00380,S07,P0062,2,421.0,5,799.9,Cash on Delivery,DELIVERED,App,32
ORD002400,2026-09-30 23:46:37,C00336,S01,P0078,4,399.0,0,1596.0,UPI,DELIVERED,App,19
ORD001456,2026-09-19 14:20:51,C00307,S11,P0013,1,164.0,10,147.6,UPI,DELIVERED,App,32
ORD000950,2026-09-13 13:28:22,C00299,S09,P0024,1,36.0,10,32.4,UPI,DELIVERED,Web,16
ORD001951,2026-09-25 14:01:52,C00192,S01,P0052,1,299.0,15,254.15,UPI,DELIVERED,App,18
ORD002009,2026-09-26 08:19:38,C00281,S06,P0012,1,137.0,20,109.6,UPI,CANCELLED,App,
ORD000857,2026-09-12 12:47:05,C00141,S15,P0050,4,449.0,5,1706.2,Card,DELIVERED,App,22
ORD002011,2026-09-26 08:21:12,C00170,S14,P0122,2,315.0,5,598.5,Card,DELIVERED,Web,27
ORD002265,2026-09-29 12:25:23,C00310,S02,P0089,1,492.0,0,492.0,Cash on Delivery,DELIVERED,Web,28
ORD000737,2026-09-10 19:15:14,C00283,S06,P0057,2,820.0,10,1476.0,Cash on Delivery,DELIVERED,App,25
ORD001696,2026-09-22 11:36:45,C00358,S06,P0130,3,406.0,10,1096.2,Card,DELIVERED,App,26
ORD000975,2026-09-13 17:40:21,C00077,S07,P0023,1,222.0,10,199.8,UPI,DELIVERED,App,21
ORD002393,2026-09-30 22:54:40,C00007,S06,P0043,3,437.0,10,1179.9,UPI,DELIVERED,App,9
ORD000353,2026-09-05 21:27:57,C00125,S15,P0071,1,336.0,5,319.2,Cash on Delivery,DELIVERED,App,31
ORD000348,2026-09-05 20:31:42,C00351,S12,P0010,1,77.0,0,77.0,UPI,DELIVERED,App,23
ORD000891,2026-09-12 19:40:50,C00271,S07,P0074,1,350.0,15,297.5,Cash on Delivery,DELIVERED,Web,18
ORD002247,2026-09-29 08:56:32,C00358,S05,P0147,3,242.0,10,653.4,UPI,DELIVERED,App,33
ORD000672,2026-09-09 23:51:14,C00198,S09,P0143,2,455.0,0,910.0,UPI,DELIVERED,App,22
ORD000440,2026-09-06 23:42:55,C00069,S05,P0078,4,399.0,0,1596.0,Card,DELIVERED,App,11
ORD000213,2026-09-03 19:03:53,C00339,S11,P0041,2,444.0,15,754.8,UPI,DELIVERED,App,25
ORD001987,2026-09-25 20:17:15,C00169,S01,P0083,1,125.0,5,118.75,Wallet,CANCELLED,App,
ORD000428,2026-09-06 19:54:42,C00236,S14,P0036,1,131.0,5,124.45,Wallet,DELIVERED,App,11
ORD001295,2026-09-17 15:45:14,C00268,S07,P0109,4,203.0,0,812.0,Wallet,RETURNED,App,14
ORD000149,2026-09-02 23:04:58,C00049,S08,P0012,2,137.0,10,246.6,Card,DELIVERED,App,16
ORD000976,2026-09-13 17:40:34,C00347,S08,P0059,2,883.0,5,1677.7,Card,DELIVERED,App,35
ORD001460,2026-09-19 15:00:13,C00341,S02,P0102,3,369.0,0,1107.0,Wallet,DELIVERED,App,28
ORD000255,2026-09-04 16:24:13,C00241,S10,P0014,2,108.0,0,216.0,UPI,DELIVERED,App,18
ORD000678,2026-09-10 07:22:22,C00386,S02,P0057,2,820.0,5,1558.0,Card,DELIVERED,App,33
ORD001615,2026-09-21 11:20:55,C00300,S08,P0041,3,444.0,0,1332.0,Cash on Delivery,CANCELLED,App,
ORD002151,2026-09-27 21:38:26,C00210,S01,P0061,1,819.0,0,819.0,Card,DELIVERED,App,29
ORD000060,2026-09-01 18:27:54,C00079,S09,P0022,3,46.0,0,138.0,Card,DELIVERED,App,22
ORD000083,2026-09-02 07:01:58,C00061,S15,P0132,1,497.0,0,497.0,UPI,DELIVERED,App,22
ORD001001,2026-09-13 23:09:07,C00130,S10,P0039,1,380.0,20,304.0,Card,DELIVERED,App,19
ORD000469,2026-09-07 11:52:46,C00076,S02,P0041,0,444.0,10,0.0,UPI,DELIVERED,App,18
ORD001313,2026-09-17 18:52:36,C00199,S14,P0057,1,820.0,20,656.0,UPI,DELIVERED,App,20
ORD001778,2026-09-23 14:55:08,C00363,S14,P0040,5,230.0,10,1035.0,UPI,DELIVERED,App,18
ORD001923,2026-09-25 07:20:49,C00389,S14,P0113,5,445.0,0,2225.0,Card,CANCELLED,App,
ORD001958,2026-09-25 14:19:41,C00101,S11,P0010,1,77.0,5,73.15,UPI,DELIVERED,App,30
ORD001011,2026-09-14 08:05:16,C00067,S09,P0010,2,77.0,20,123.2,UPI,DELIVERED,Web,9
ORD000626,2026-09-09 13:01:54,C00133,S06,P0055,2,684.0,0,1368.0,Card,DELIVERED,App,24
ORD000510,2026-09-07 21:40:54,C00136,S01,P0020,3,55.0,10,148.5,UPI,DELIVERED,App,33
ORD000321,2026-09-05 13:17:30,C00169,S15,P0125,1,609.0,5,578.55,UPI,DELIVERED,App,19
ORD001344,2026-09-18 09:12:25,C00006,S08,P0140,1,364.0,5,345.8,UPI,DELIVERED,App,18
ORD001966,2026-09-25 16:05:13,C00010,S11,P0098,4,93.0,0,372.0,UPI,DELIVERED,App,25
ORD002192,2026-09-28 13:55:12,C00175,S07,P0140,5,364.0,10,1638.0,UPI,CANCELLED,App,
ORD000379,2026-09-06 08:44:10,C00239,S15,P0073,2,279.0,0,558.0,Card,DELIVERED,App,29
ORD002119,2027-01-01 09:00:00,C00396,S05,P0103,2,300.0,0,600.0,Cash on Delivery,DELIVERED,App,9
ORD000157,2026-09-03 07:00:25,C00156,S13,P0074,5,350.0,10,1575.0,Card,DELIVERED,App,26
ORD001431,2026-09-19 10:16:00,C00194,S10,P0132,2,497.0,15,844.9,Card,DELIVERED,App,31
ORD001066,2026-09-14 19:28:25,C00284,S11,P0085,3,137.0,5,390.45,UPI,delivered,Web,26
ORD000518,2026-09-08 06:56:59,C00299,S03,P0015,1,218.0,15,185.3,UPI,DELIVERED,App,19
ORD000261,2026-09-04 18:33:59,C00231,S09,P0082,1,338.0,5,321.1,UPI,DELIVERED,App,27
ORD000027,2026-09-01 10:49:42,C00187,S07,P0065,1,190.0,5,180.5,Cash on Delivery,DELIVERED,App,16
ORD000377,2026-09-06 08:11:20,C00327,S06,P0006,3,197.0,20,472.8,UPI,DELIVERED,Web,15
ORD002310,2026-09-29 22:51:29,C00348,S08,P0067,1,339.0,15,288.15,UPI,DELIVERED,App,28
ORD000189,2026-09-03 13:26:35,C00126,S07,P0072,1,396.0,15,336.6,UPI,DELIVERED,App,20
ORD001473,2026-09-19 17:42:01,C00377,S09,P0024,1,36.0,5,34.2,UPI,DELIVERED,App,14
ORD000918,2026-09-13 06:31:27,C00179,S04,P0115,4,628.0,0,2512.0,UPI,DELIVERED,Web,16
ORD000039,2026-09-01 12:55:53,C00038,S15,P0143,2,455.0,15,773.5,UPI,DELIVERED,App,28
ORD001601,2026-09-21 08:29:57,C00152,S12,P0126,3,416.0,20,998.4,UPI,DELIVERED,App,30
ORD001439,2026-09-19 12:09:26,C00391,S15,P0082,1,338.0,20,270.4,UPI,DELIVERED,App,32
ORD000366,2026-09-06 07:02:01,C00052,S13,P0091,1,468.0,0,468.0,UPI,DELIVERED,App,8
ORD002313,2026-09-29 23:00:50,C00153,S04,P0136,5,360.0,20,1440.0,UPI,DELIVERED,App,25
ORD001021,2026-09-14 10:17:32,C00101,S13,P0127,2,602.0,0,1204.0,Card,CANCELLED,App,
ORD000125,2026-09-02 18:21:25,C00091,S09,P0143,2,455.0,0,910.0,UPI,DELIVERED,App,12
ORD002335,2026-09-30 10:26:00,C00287,S10,P0008,2,150.0,0,300.0,Card,DELIVERED,App,35
ORD000193,2026-09-03 14:02:00,C00124,S02,P0054,1,849.0,5,806.55,Cash on Delivery,DELIVERED,App,11
ORD001290,2026-09-17 13:37:58,C00337,S08,P0087,4,49.0,20,156.8,UPI,DELIVERED,App,30
ORD001554,2026-09-20 14:50:05,C00097,S09,P0092,3,297.0,0,891.0,Wallet,DELIVERED,App,
ORD000115,2026-09-02 16:50:40,C00244,S04,P0019,1,220.0,0,220.0,UPI,DELIVERED,App,27
ORD000739,2026-09-10 19:43:10,C00366,S01,P0016,2,224.0,0,448.0,UPI,DELIVERED,App,12
ORD002194,2026-09-28 14:09:42,C00387,S06,P0008,1,150.0,0,150.0,UPI,DELIVERED,App,22
ORD000687,2026-09-10 09:40:59,C00239,S01,P0037,1,143.0,0,143.0,Card,DELIVERED,App,23
ORD001701,2026-09-22 13:09:48,C00220,S07,P0136,1,360.0,0,360.0,Wallet,DELIVERED,Web,35
ORD000545,2026-09-08 12:05:59,C00166,S02,P0038,1,389.0,5,369.55,Cash on Delivery,DELIVERED,App,24
ORD000835,2026-09-12 06:21:54,C00263,S13,P0100,3,220.0,5,627.0,Cash on Delivery,DELIVERED,App,14
ORD000447,2026-09-07 07:15:17,C00248,S01,P0022,5,46.0,10,207.0,UPI,DELIVERED,App,17
ORD002312,2026-09-29 23:00:06,C00254,S09,P0122,2,315.0,5,598.5,UPI,DELIVERED,Web,13
ORD002108,2026-09-27 10:26:35,C00102,S09,P0146,1,337.0,15,286.45,UPI,DELIVERED,App,10
ORD000814,2026-09-11 19:30:03,C00138,S06,P0131,1,336.0,0,336.0,UPI,DELIVERED,App,21
ORD002123,2026-09-27 14:57:33,C00279,S10,P0038,2,389.0,5,739.1,Cash on Delivery,DELIVERED,App,30
ORD001039,2026-09-14 14:02:23,C00001,S03,P0032,1,332.0,15,282.2,UPI,DELIVERED,App,16
ORD001652,2026-09-21 20:03:12,C00134,S03,P0039,1,380.0,0,380.0,Card,DELIVERED,App,23
ORD001402,2026-09-18 23:33:57,C00339,S11,P0145,1,315.0,10,283.5,UPI,RETURNED,App,19
ORD000999,2026-09-13 22:54:22,C00303,S12,P0107,1,567.0,5,538.65,Card,DELIVERED,Web,28
ORD000640,2026-09-09 16:46:04,C00275,S11,P0072,1,396.0,5,376.2,Cash on Delivery,DELIVERED,App,35
ORD002081,2026-09-26 21:30:29,C00072,S06,P0030,1,50.0,20,40.0,UPI,DELIVERED,App,28
ORD000651,2026-09-09 20:01:26,C00012,S14,P0028,1,76.0,20,60.8,Cash on Delivery,DELIVERED,Web,26
ORD002224,2026-09-28 21:39:39,C00022,S15,P0145,1,315.0,0,315.0,UPI,DELIVERED,App,22
ORD000770,2026-09-11 09:15:15,C00082,S03,P0072,1,396.0,0,396.0,UPI,DELIVERED,App,29
ORD001265,2026-09-17 08:42:41,C00273,S09,P0083,4,125.0,10,450.0,UPI,DELIVERED,App,14
ORD001101,2026-09-15 08:16:44,C00103,S13,P0021,5,142.0,0,710.0,UPI,DELIVERED,App,27
ORD001964,2026-09-25 15:54:54,C00252,S05,P0002,1,105.0,20,84.0,UPI,CANCELLED,App,
ORD001409,2026-09-19 06:41:01,C00038,S09,P0102,2,369.0,20,590.4,UPI,DELIVERED,App,16
ORD000342,2026-09-05 19:35:28,C00286,S15,P0126,2,416.0,0,832.0,UPI,DELIVERED,App,8
ORD001713,2026-09-22 16:22:09,C00063,S15,P0096,1,395.0,0,395.0,UPI,DELIVERED,Web,32
ORD002041,2026-09-26 12:52:44,C00257,S09,P0102,1,369.0,5,350.55,UPI,DELIVERED,App,8
ORD001971,2026-09-25 16:54:23,C00304,S07,P0069,1,228.0,10,205.2,UPI,DELIVERED,App,34
ORD000747,2026-09-10 21:26:46,C00147,S02,P0087,1,49.0,15,41.65,UPI,DELIVERED,Web,9
ORD000056,2026-09-01 17:51:37,C00292,S08,P0110,1,42.0,5,39.9,Cash on Delivery,DELIVERED,App,27
ORD000980,2026-09-13 18:09:01,C00363,S02,P0136,1,360.0,0,360.0,Card,DELIVERED,App,26
ORD002167,2026-09-28 07:55:07,C00400,S03,P0013,1,164.0,0,164.0,Card,DELIVERED,App,25
ORD000490,2026-09-07 15:57:31,C00359,S11,P0119,2,515.0,20,824.0,Card,DELIVERED,App,19
ORD002348,2026-09-30 12:19:29,C00270,S13,P0062,1,421.0,0,421.0,Wallet,DELIVERED,Web,30
ORD002308,2026-09-29 22:23:31,C00270,S12,P0133,1,267.0,0,267.0,UPI,DELIVERED,Web,23
ORD001715,2026-09-22 16:32:34,C00388,S08,P0137,1,168.0,20,134.4,UPI,DELIVERED,Web,13
ORD002381,2026-09-30 19:18:07,C00307,S13,P0093,5,492.0,10,2214.0,UPI,RETURNED,App,12
ORD001566,2026-09-20 17:31:54,C00330,S14,P0149,1,144.0,0,144.0,UPI,DELIVERED,App,16
ORD001883,2026-09-24 16:36:30,C00269,S05,P0040,1,230.0,0,230.0,Cash on Delivery,DELIVERED,App,14
ORD001469,2026-09-19 16:53:36,C00326,S04,P0122,1,315.0,0,315.0,UPI,DELIVERED,App,19
ORD001299,2026-09-17 16:24:16,C00147,S03,P0024,1,36.0,0,36.0,UPI,DELIVERED,App,12
ORD002039,2026-09-26 12:35:24,C00142,S11,P0003,4,177.0,5,672.6,Cash on Delivery,DELIVERED,Web,10
ORD001631,2026-09-21 15:23:16,C00203,S06,P0094,1,475.0,5,451.25,UPI,DELIVERED,App,27
ORD000986,2026-09-13 19:12:18,C00312,S08,P9455,1,152.0,10,136.8,UPI,DELIVERED,App,9
ORD002006,2026-09-26 07:38:44,C00369,S10,P0059,2,883.0,10,1589.4,Card,DELIVERED,App,17
ORD000578,2026-09-08 19:22:44,C00284,S06,P0099,3,303.0,10,818.1,Wallet,DELIVERED,App,19
ORD001786,2026-09-23 16:06:25,C00315,S02,P0030,5,50.0,0,250.0,UPI,DELIVERED,App,9
ORD000152,2026-09-02 23:50:57,C00144,S07,P0081,2,10.0,0,20.0,Cash on Delivery,DELIVERED,Web,12
ORD001199,2026-09-16 12:50:26,C00295,S05,P0085,1,137.0,10,123.3,UPI,DELIVERED,App,19
ORD001996,2026-09-25 22:30:06,C00080,S06,P0077,4,369.0,0,1476.0,UPI,DELIVERED,App,33
ORD001736,2026-09-22 22:18:26,C00156,S12,P0103,4,300.0,15,1020.0,Card,DELIVERED,Web,8
ORD001608,2026-09-21 10:19:56,C00323,S02,P0087,3,49.0,10,132.3,Card,DELIVERED,App,22
ORD000911,2026-09-12 23:05:09,C00081,S03,P0035,1,67.0,0,67.0,Card,DELIVERED,App,18
ORD002045,2026-09-26 13:38:09,C00356,S06,P0091,1,468.0,10,421.2,UPI,DELIVERED,App,32
ORD001446,2026-09-19 12:49:44,C00156,S01,P0089,1,492.0,0,492.0,Wallet,DELIVERED,App,12
ORD000507,2026-09-07 20:23:33,C00189,S15,P0050,1,449.0,0,449.0,UPI,DELIVERED,Web,27
ORD000775,2026-09-11 10:38:34,C00047,S13,P0006,5,197.0,0,985.0,Card,DELIVERED,Web,32
ORD000659,2026-09-09 21:35:27,C00195,S01,P0132,2,497.0,0,994.0,Wallet,DELIVERED,App,16
ORD000427,2026-09-06 19:34:48,C00173,S15,P0099,4,303.0,0,1212.0,Card,DELIVERED,App,24
ORD000063,2026-09-01 19:11:42,C00325,S06,P0138,1,507.0,0,507.0,Cash on Delivery,DELIVERED,App,28
ORD000275,2026-09-04 22:25:50,C00118,S11,P0125,1,609.0,0,609.0,Cash on Delivery,DELIVERED,App,16
ORD000333,2026-09-05 16:51:18,C00091,S03,P0114,2,505.0,0,1010.0,Card,DELIVERED,App,27
ORD002306,2026-09-29 22:09:29,C00245,S11,P0101,2,248.0,15,421.6,Card,CANCELLED,App,
ORD002366,2026-09-30 15:56:05,C00219,S12,P0108,3,161.0,5,458.85,Wallet,DELIVERED,App,18
ORD000991,2026-09-13 20:28:54,C00266,S10,P0027,1,448.0,0,448.0,Card,DELIVERED,App,11
ORD000051,2026-09-01 17:19:45,C00306,S08,P0086,4,23.0,20,73.6,UPI,DELIVERED,App,31
ORD000786,2026-09-11 13:30:34,C00080,S09,P0056,1,663.0,5,629.85,Wallet,DELIVERED,App,13
ORD002021,2026-09-26 09:52:35,C00106,S15,P0011,2,119.0,0,238.0,UPI,DELIVERED,App,30
ORD001910,2026-09-24 22:27:00,C00329,S14,P0062,1,421.0,0,421.0,UPI,DELIVERED,App,9
ORD001593,2026-09-20 23:47:40,C00086,S11,P0062,1,421.0,15,357.85,Cash on Delivery,DELIVERED,App,34
ORD001359,2026-09-18 12:50:07,C00291,S13,P0073,2,279.0,10,502.2,Cash on Delivery,CANCELLED,Web,
ORD000156,2026-09-03 06:54:41,C00059,S15,P0056,2,663.0,10,1193.4,UPI,DELIVERED,App,17
ORD001667,2026-09-21 22:22:50,C00129,S09,P0148,2,105.0,15,178.5,Wallet,DELIVERED,App,35
ORD000791,2026-09-11 14:13:52,C00334,S04,P0037,1,143.0,0,143.0,Card,DELIVERED,Web,30
ORD000010,2026-09-01 07:53:47,C00130,S09,P0014,2,108.0,20,172.8,UPI,DELIVERED,App,30
ORD001326,2026-09-17 22:32:55,C00379,S12,P0146,1,337.0,15,286.45,Card,DELIVERED,App,24
ORD000234,2026-09-04 07:48:41,C00233,S06,P0032,1,332.0,10,298.8,Wallet,DELIVERED,App,26
ORD001135,2026-09-15 16:16:47,C00195,S03,P0093,2,492.0,0,984.0,Cash on Delivery,DELIVERED,Web,18
ORD000337,2026-09-05 17:54:32,C00036,S09,P0043,4,437.0,0,1748.0,UPI,DELIVERED,App,30
ORD000041,2026-09-01 13:38:59,C00013,S11,P0140,1,364.0,0,364.0,UPI,DELIVERED,App,32
ORD001159,2026-09-15 20:56:56,C00205,S15,P0005,4,167.0,20,534.4,UPI,RETURNED,Web,9
ORD001445,2026-09-19 12:27:49,C00149,S09,P0011,1,119.0,15,101.15,Wallet,DELIVERED,App,17
ORD001518,2026-09-20 08:00:26,C00044,S08,P0093,1,492.0,20,393.6,UPI,DELIVERED,Web,20
ORD000683,2026-09-10 08:39:21,C00049,S15,P0033,3,198.0,10,534.6,Card,DELIVERED,App,25
ORD000572,2026-09-08 17:49:45,C00147,S01,P0031,1,244.0,5,231.8,Wallet,DELIVERED,Web,28
ORD000160,2026-09-03 07:07:53,C00099,S14,P0100,2,220.0,0,440.0,Card,DELIVERED,App,34
ORD000885,2026-09-12 18:49:12,C00372,S12,P0078,1,399.0,10,359.1,Card,DELIVERED,App,25
ORD000701,2026-09-10 11:51:18,,S01,P0080,1,518.0,5,492.1,Cash on Delivery,DELIVERED,App,8
ORD002235,2026-09-29 06:04:06,C00272,S12,P0085,1,137.0,0,137.0,Card,DELIVERED,App,9
ORD001800,2026-09-23 19:08:16,C00377,S11,P0147,1,242.0,0,242.0,UPI,DELIVERED,App,
ORD000928,2026-09-13 08:33:58,C00130,S12,P0049,4,152.0,0,608.0,UPI,DELIVERED,Web,29
ORD001779,2026-09-23 15:12:07,C00097,S01,P0024,2,36.0,5,68.4,Wallet,DELIVERED,App,33
ORD001558,2026-09-20 15:46:10,C00158,S07,P0134,2,219.0,15,372.3,UPI,DELIVERED,App,21
ORD002341,2026-09-30 11:25:18,C00336,S03,P0001,2,107.0,0,214.0,Card,DELIVERED,App,26
ORD000733,2026-09-10 17:48:25,C00236,S03,P0053,4,609.0,0,2436.0,Card,DELIVERED,App,33
ORD001076,2026-09-14 20:28:09,C00278,S13,P0099,3,303.0,20,727.2,UPI,DELIVERED,Web,23
ORD001342,2026-09-18 08:44:32,C00229,S10,P0039,4,380.0,15,1292.0,Wallet,DELIVERED,App,8
ORD000018,2026-09-01 09:39:18,C00054,S15,P0091,1,468.0,10,421.2,UPI,DELIVERED,App,23
ORD002140,2026-09-27 18:38:36,C00177,S15,P0004,1,188.0,0,188.0,UPI,DELIVERED,App,26
ORD000103,2026-09-02 14:00:27,C00031,S12,P0119,1,515.0,20,412.0,UPI,DELIVERED,App,21
ORD000896,2026-09-12 20:24:29,C00170,S05,P0048,2,159.0,0,318.0,Card,DELIVERED,App,28
ORD001760,2026-09-23 10:21:11,C00172,S01,P0082,5,338.0,15,1436.5,Card,DELIVERED,App,20
ORD001073,2026-09-14 20:22:05,C00046,S02,P0079,2,227.0,0,454.0,UPI,DELIVERED,App,14
ORD001822,2026-09-23 21:51:28,C00362,S14,P0092,5,297.0,0,1485.0,UPI,DELIVERED,App,15
ORD001447,2026-09-19 13:16:17,C00015,S14,P0098,1,93.0,5,88.35,Cash on Delivery,DELIVERED,Web,26
ORD001854,2026-09-24 09:52:50,C00139,S14,P0097,2,302.0,0,604.0,UPI,DELIVERED,App,31
ORD001988,2026-09-25 20:25:11,C00297,S14,P0083,2,125.0,20,200.0,Card,DELIVERED,App,30
ORD001462,2026-09-19 15:32:55,C00265,S05,P0129,3,666.0,15,1698.3,Card,DELIVERED,App,8
ORD001717,2026-09-22 16:34:52,C00310,S14,P0069,4,228.0,5,866.4,UPI,DELIVERED,App,32
ORD000403,N/A,C00152,S08,P0046,1,197.0,0,197.0,UPI,DELIVERED,App,27
ORD001992,2026-09-25 21:48:27,C00263,S10,P0011,1,119.0,0,119.0,UPI,DELIVERED,App,16
ORD001037,2026-09-14 13:29:58,C00385,S13,P0104,1,525.0,10,472.5,UPI,DELIVERED,App,480
ORD000043,2026-09-01 14:19:15,C00294,S06,P0100,2,220.0,20,352.0,UPI,DELIVERED,App,34
ORD001398,2026-09-18 21:12:08,C00058,S04,P0133,5,267.0,5,1268.25,UPI,DELIVERED,App,10
ORD000666,2026-09-09 23:13:13,C00196,S01,P0055,1,684.0,5,649.8,Wallet,DELIVERED,App,30
ORD002386,2026-09-30 21:02:57,C00287,S07,P0024,2,36.0,15,61.2,Wallet,CANCELLED,Web,
ORD000126,2026-09-02 18:24:09,C00100,S06,P0075,2,157.0,0,314.0,Card,DELIVERED,App,35
ORD001621,2026-09-21 12:54:26,C00352,S10,P0069,3,228.0,15,581.4,UPI,DELIVERED,App,12
ORD000477,2026-09-07 13:27:11,C00326,S04,P0064,1,620.0,10,558.0,UPI,DELIVERED,App,10
ORD000319,2026-09-05 12:27:37,C00182,S04,P0021,1,142.0,0,142.0,Cash on Delivery,DELIVERED,App,21
ORD001420,2026-09-19 08:26:56,C00290,S03,P0010,5,77.0,0,385.0,UPI,DELIVERED,App,16
ORD002324,2026-09-30 06:47:36,C00195,S07,P0005,1,167.0,0,167.0,UPI,CANCELLED,App,
ORD000777,2026-09-11 11:42:26,C00136,S12,P0061,4,819.0,5,3112.2,Cash on Delivery,DELIVERED,App,24
ORD001666,2026-09-21 22:08:05,C00074,S13,P0075,1,157.0,15,133.45,UPI,DELIVERED,App,31
ORD001693,2026-10-21 10:15:00,C00392,S03,P0045,3,387.0,15,986.85,UPI,DELIVERED,App,18
ORD000246,2026-09-04 12:58:32,C00345,S02,P0122,1,315.0,10,283.5,UPI,DELIVERED,App,20
ORD000067,2026-09-01 20:17:13,C00178,S03,P0088,3,277.0,0,831.0,Wallet,DELIVERED,Web,28
ORD001276,2026-09-17 11:26:58,C00169,S01,P0020,1,55.0,5,52.25,UPI,DELIVERED,Web,11
ORD001771,2026-09-23 13:29:39,C00170,S13,P0055,1,684.0,15,581.4,Card,DELIVERED,App,13
ORD001726,2026-09-22 19:59:45,C00245,S04,P0068,2,649.0,0,1298.0,UPI,DELIVERED,App,12
ORD000434,2026-09-06 21:53:14,C00353,S03,P0092,1,297.0,20,237.6,Wallet,DELIVERED,Web,20
ORD000870,2026-09-12 16:48:43,C00392,S07,P0057,2,820.0,15,1394.0,UPI,DELIVERED,App,35
ORD001300,2026-09-17 16:56:28,C00291,S04,P0041,3,444.0,10,1198.8,Wallet,DELIVERED,App,27
ORD001873,2026-09-24 14:51:31,C00124,S08,P0032,1,332.0,20,265.6,Card,DELIVERED,Web,15
ORD000996,2026-09-13 21:59:37,C00081,S11,P0039,1,380.0,0,380.0,UPI,DELIVERED,App,21
ORD001197,2026-09-16 12:36:26,C00231,S07,P0022,5,46.0,0,230.0,Wallet,DELIVERED,App,18
ORD000629,2026-09-09 13:43:58,C00098,S06,P0001,1,107.0,0,107.0,UPI,DELIVERED,Web,18
ORD001944,2026-09-25 12:34:35,C00343,S07,P0021,2,142.0,5,269.8,UPI,DELIVERED,App,29
ORD001739,2026-09-22 22:38:10,C00223,S07,P0108,3,161.0,0,483.0,UPI,RETURNED,App,10
ORD000327,2026-09-05 14:42:03,C00165,S01,P0036,5,131.0,20,524.0,Card,DELIVERED,Web,17
ORD001863,2026-09-24 13:19:45,C00314,S02,P0066,3,209.0,20,501.6,UPI,DELIVERED,Web,26
ORD001058,2026-09-14 18:13:11,C00296,S15,P9212,3,224.0,5,638.4,Wallet,DELIVERED,Web,8
ORD000138,2026-09-02 19:57:42,C00268,S07,P0008,3,150.0,10,405.0,Card,CANCELLED,App,
ORD002061,2026-09-26 16:21:04,C00400,S05,P0054,3,849.0,20,2037.6,Wallet,CANCELLED,App,
ORD001383,2026-09-18 18:34:44,C00071,S05,P0129,1,666.0,0,666.0,UPI,DELIVERED,App,32
ORD001576,2026-09-20 19:42:11,C00177,S06,P0100,1,220.0,10,198.0,UPI,DELIVERED,App,32
ORD001270,2026-09-17 10:33:47,C00037,S08,P0029,3,260.0,0,780.0,Card,DELIVERED,App,25
ORD000105,2026-09-02 14:15:04,C00352,S04,P0090,1,527.0,10,474.3,Cash on Delivery,DELIVERED,App,28
ORD002305,2026-09-29 21:58:50,C00033,S14,P0141,3,265.0,15,6757.5,Cash on Delivery,DELIVERED,App,29
ORD001328,2026-09-17 23:10:09,C00066,S10,P0058,1,292.0,0,292.0,Card,DELIVERED,App,14
ORD002222,2026-09-28 21:32:31,C00356,S09,P0099,3,303.0,20,727.2,Wallet,DELIVERED,App,29
ORD000982,2026-09-13 18:28:14,C00348,S06,P0035,2,67.0,0,134.0,Wallet,DELIVERED,Web,22
ORD000021,2026-09-01 09:52:00,C00074,S11,P0012,1,137.0,20,109.6,Card,DELIVERED,App,8
ORD001176,2026-09-16 07:59:55,C00260,S03,P0123,1,629.0,0,629.0,UPI,DELIVERED,App,31
ORD002259,2026-09-29 11:14:30,C00391,S07,P0147,1,242.0,15,205.7,UPI,DELIVERED,App,33
ORD000589,2026-09-08 21:24:14,C00370,S06,P0142,2,115.0,0,230.0,UPI,DELIVERED,App,16
ORD000061,2026-09-01 18:29:53,C00139,S07,P0142,1,115.0,0,115.0,UPI,DELIVERED,Web,33
ORD002078,2026-09-26 21:06:44,C00342,S06,P0053,1,609.0,10,548.1,UPI,DELIVERED,App,21
ORD001365,2026-09-18 14:28:38,C00060,S15,P0030,1,50.0,20,40.0,UPI,DELIVERED,App,34
ORD002289,2026-09-29 18:47:16,C00187,S15,P0094,3,475.0,0,1425.0,Wallet,DELIVERED,App,25
ORD000692,2026-09-10 10:47:42,C00353,S02,P0009,2,111.0,0,222.0,UPI,DELIVERED,App,26
ORD001909,2026-09-24 22:08:26,C00371,S02,P0012,1,137.0,15,116.45,UPI,DELIVERED,App,22
ORD000930,2026-09-13 09:22:41,C00324,S03,P0142,1,115.0,10,103.5,Card,DELIVERED,Web,23
ORD000425,2026-09-06 19:17:02,C00166,S04,P0125,1,609.0,15,517.65,UPI,DELIVERED,App,30
ORD000664,2026-09-09 22:57:47,C00031,S04,P0085,1,137.0,0,137.0,UPI,DELIVERED,App,9
ORD001178,2026-09-16 08:33:53,C00064,S13,P0150,2,337.0,20,539.2,Cash on Delivery,DELIVERED,Web,11
ORD001253,2026-09-17 06:27:08,C00208,S15,P0063,3,729.0,0,2187.0,UPI,DELIVERED,App,28
ORD002143,2026-09-27 19:37:00,C00016,S15,P0054,2,849.0,20,1358.4,UPI,DELIVERED,App,26
ORD002056,2026-09-26 15:28:00,C00304,S08,P0077,1,369.0,0,369.0,Card,DELIVERED,App,31
ORD002395,2026-09-30 23:08:24,C00057,S10,P0032,1,332.0,0,332.0,UPI,DELIVERED,Web,32
ORD000612,2026-09-09 09:34:07,C00186,S15,P0141,1,265.0,0,265.0,UPI,DELIVERED,App,35
ORD002293,2026-09-29 19:15:20,C00224,S02,P0034,1,205.0,20,164.0,UPI,DELIVERED,App,9
ORD000128,2026-09-02 18:38:28,C00292,S06,P0134,3,219.0,10,591.3,UPI,DELIVERED,App,17
ORD001345,2026-09-18 09:15:48,C00209,S08,P0143,2,455.0,0,910.0,UPI,DELIVERED,App,14
ORD002307,2026-09-29 22:11:16,C00142,S05,P0090,4,527.0,5,2002.6,UPI,DELIVERED,App,30
ORD001751,2026-09-23 07:33:23,C00347,S06,P0127,1,602.0,0,602.0,UPI,DELIVERED,App,10
ORD000267,2026-09-04 19:53:08,C00152,S08,P0080,2,518.0,0,1036.0,Cash on Delivery,DELIVERED,App,21
ORD001002,2026-09-13 23:15:45,C00303,S10,P0076,1,11.0,20,8.8,Card,DELIVERED,Web,9
ORD000331,2026-09-05 16:47:45,C00359,S03,P0109,2,203.0,20,324.8,UPI,DELIVERED,App,16
ORD002334,2026-09-30 10:04:16,C00273,S07,P0015,1,218.0,0,218.0,UPI,DELIVERED,App,17
ORD002258,2026-09-29 11:08:47,C00199,S03,P0013,5,164.0,0,820.0,UPI,DELIVERED,App,27
ORD001426,2026-09-19 09:44:09,C00121,S08,P0005,2,167.0,0,334.0,UPI,CANCELLED,App,
ORD000409,2026-09-06 16:08:47,C00343,S13,P0094,1,475.0,0,475.0,UPI,CANCELLED,Web,
ORD001589,2026-09-20 22:18:31,C00288,S02,P0020,1,55.0,0,55.0,Card,DELIVERED,App,32
ORD001440,2026-09-19 12:10:17,C00330,S02,P0096,5,395.0,0,1975.0,UPI,DELIVERED,App,27
ORD001864,2026-09-24 13:20:53,C00208,S06,P0079,1,227.0,15,192.95,Card,DELIVERED,App,32
ORD002002,2026-09-26 06:01:51,C00386,S13,P0119,1,515.0,5,489.25,UPI,DELIVERED,App,13
ORD001407,2026-09-19 06:26:50,C00290,S08,P0026,1,205.0,10,184.5,Card,DELIVERED,App,27
ORD000702,2026-09-10 11:58:23,C00007,S01,P0085,1,137.0,10,123.3,Cash on Delivery,DELIVERED,App,24
ORD000049,2026-09-01 16:58:15,C00131,S05,P0076,1,11.0,0,11.0,UPI,DELIVERED,App,21
ORD000205,2026-09-03 17:24:01,C00233,S10,P0088,3,277.0,0,831.0,Cash on Delivery,DELIVERED,App,19
ORD000123,2026-09-02 18:03:59,C00109,S14,P0093,3,492.0,5,1402.2,UPI,DELIVERED,App,21
ORD000780,2026-09-11 12:06:13,C00244,S12,P0045,1,387.0,0,387.0,Cash on Delivery,DELIVERED,App,15
ORD001434,2026-09-19 10:55:15,C00307,S11,P0019,1,220.0,0,220.0,Card,DELIVERED,Web,20
ORD000082,2026-09-02 06:58:09,C00034,S05,P0124,3,483.0,0,1449.0,UPI,DELIVERED,App,35
ORD001339,2026-09-18 07:13:33,C00019,S05,P0131,2,336.0,20,537.6,UPI,DELIVERED,App,17
ORD001934,2026-09-25 10:23:46,C00399,S05,P0136,1,360.0,0,360.0,UPI,DELIVERED,Web,34
ORD002135,2026-09-27 18:12:46,C00040,S05,P0019,1,220.0,5,209.0,UPI,DELIVERED,App,10
ORD000843,2026-09-12 08:48:06,C00085,S05,P0130,3,406.0,0,1218.0,UPI,DELIVERED,App,8
ORD001089,2026-10-21 10:15:00,C00255,S07,P0079,1,227.0,15,192.95,UPI,DELIVERED,App,22
ORD001665,2026-09-21 22:05:08,C00379,S09,P0023,3,222.0,0,666.0,UPI,DELIVERED,App,14
ORD000247,2026-09-04 13:00:31,C00396,S02,P0081,1,10.0,10,9.0,Card,CANCELLED,App,
ORD000031,2026-09-01 11:23:58,C00064,S10,P0072,3,396.0,5,1128.6,UPI,DELIVERED,App,9
ORD002147,2026-09-27 20:43:11,C00083,S05,P0126,1,416.0,5,395.2,UPI,DELIVERED,Web,19
ORD000459,2026-09-07 09:25:01,C00040,S02,P0051,2,283.0,15,481.1,Card,DELIVERED,Web,31
ORD001807,2026-09-23 20:18:10,C00168,S09,P0033,1,198.0,0,198.0,UPI,DELIVERED,App,34
ORD002026,2026-09-26 10:02:15,C00011,S08,P0113,2,445.0,5,845.5,Cash on Delivery,CANCELLED,App,
ORD000939,2026-09-13 10:48:00,C00225,S14,P0042,2,432.0,0,864.0,Wallet,DELIVERED,App,21
ORD000207,2026-09-03 17:28:58,C00149,S13,P0105,2,109.0,15,185.3,UPI,DELIVERED,App,13
ORD000630,2026-09-09 13:53:49,C00031,S14,P0078,2,399.0,10,718.2,UPI,DELIVERED,App,19
ORD001294,2026-09-17 15:42:24,C00363,S14,P0147,2,242.0,20,387.2,Card,DELIVERED,App,12
ORD000959,2026-09-13 14:55:40,C00138,S04,P0142,1,115.0,5,109.25,Card,DELIVERED,App,32
ORD000096,2026-09-02 11:21:29,C00267,S06,P0139,2,405.0,5,769.5,Card,DELIVERED,App,19
ORD001202,2026-09-16 13:27:46,C00210,S09,P0090,1,527.0,0,527.0,Cash on Delivery,RETURNED,App,12
ORD001352,2026-09-18 11:39:43,C00135,S12,P0013,2,164.0,0,328.0,UPI,DELIVERED,App,21
ORD001453,2026-09-19 13:48:47,C00198,S04,P0105,3,109.0,20,261.6,UPI,DELIVERED,App,8
ORD002166,2026-09-28 07:53:27,C00272,S15,P0007,2,93.0,0,186.0,UPI,DELIVERED,App,12
ORD000329,2026-09-05 15:16:57,C00107,S07,P0047,1,304.0,5,288.8,UPI,DELIVERED,App,21
ORD001937,2026-09-25 10:51:36,C00021,S03,P0114,1,505.0,0,505.0,Card,DELIVERED,App,8
ORD000177,2026-09-03 10:20:36,C00021,S09,P0102,5,369.0,20,1476.0,Card,DELIVERED,App,16
ORD001798,2026-09-23 19:01:00,C00302,S13,P0139,2,405.0,0,810.0,UPI,DELIVERED,App,35
ORD001180,2026-09-16 09:02:52,C00269,S09,P0005,2,167.0,0,334.0,UPI,DELIVERED,App,11
ORD000635,2026-09-09 14:40:11,C00153,S14,P0022,1,46.0,0,46.0,Card,DELIVERED,Web,24
ORD001227,2026-09-16 19:06:43,C00293,S06,P0038,3,389.0,20,933.6,Wallet,DELIVERED,App,16
ORD000570,2026-09-08 17:44:47,C00209,S15,P0037,1,143.0,0,143.0,UPI,DELIVERED,App,10
ORD001723,2026-09-22 19:19:51,C00056,S11,P0093,1,492.0,0,492.0,Card,DELIVERED,App,24
ORD000530,2026-09-08 09:29:03,C00136,S05,P0045,5,387.0,5,1838.25,UPI,DELIVERED,App,27
ORD001105,2026-09-15 08:53:15,C00163,S01,P0136,1,360.0,0,360.0,UPI,DELIVERED,App,24
ORD000957,2026-09-13 14:37:31,C00251,S12,P0109,5,203.0,15,862.75,Wallet,CANCELLED,App,
ORD000336,2026-09-05 17:36:30,C00108,S06,P0017,1,120.0,0,120.0,Card,DELIVERED,Web,18
ORD000229,2026-09-04 06:17:22,C00260,S10,P0033,4,198.0,0,792.0,Card,DELIVERED,App,10
ORD000943,2026-09-13 11:41:16,C00249,S15,P0086,5,23.0,15,97.75,UPI,DELIVERED,App,31
ORD000111,2026-09-02 15:41:57,C00288,S14,P0042,4,432.0,0,1728.0,Cash on Delivery,DELIVERED,Web,11
ORD001336,2026-09-18 06:39:46,C00074,S15,P0044,2,228.0,0,456.0,UPI,DELIVERED,App,20
ORD001077,2026-09-14 20:30:10,C00323,S15,P0067,1,339.0,15,288.15,UPI,DELIVERED,App,22
ORD000972,2026-09-13 17:17:57,C00092,S08,P0074,1,350.0,15,297.5,UPI,DELIVERED,Web,24
ORD001732,2026-09-22 21:08:11,C00213,S08,P0052,1,299.0,5,284.05,UPI,DELIVERED,App,9
ORD000854,2026-09-12 11:29:47,C00392,S12,P0017,2,120.0,0,240.0,Wallet,DELIVERED,App,23
ORD001650,2026-09-21 19:16:57,C00015,S12,P0088,1,277.0,10,249.3,UPI,DELIVERED,App,27
ORD001680,2026-09-22 07:49:40,C00272,S08,P0100,2,220.0,0,440.0,Wallet,DELIVERED,App,19
ORD000574,2026-09-08 18:12:51,C00207,S15,P0131,2,336.0,0,672.0,Wallet,DELIVERED,App,21
ORD002091,2026-09-26 23:57:51,C00061,S14,P0130,1,406.0,20,324.8,UPI,DELIVERED,App,35
ORD000804,2026-09-11 17:44:28,C00052,S13,P0004,3,188.0,5,535.8,UPI,DELIVERED,App,14
ORD000325,2026-09-05 14:15:38,C00060,S13,P0149,5,144.0,20,576.0,UPI,DELIVERED,App,20
ORD000695,2026-09-10 11:02:18,C00040,S04,P0085,1,137.0,15,116.45,UPI,DELIVERED,App,20
ORD001195,2026-09-16 12:31:18,C00367,S04,P0097,1,302.0,20,241.6,Cash on Delivery,DELIVERED,Web,15
ORD001273,2026-09-17 11:17:14,C00338,S13,P0144,4,666.0,15,2264.4,UPI,DELIVERED,App,12
ORD001541,2026-09-20 12:08:30,C00284,S04,P0138,2,507.0,0,1014.0,Cash on Delivery,DELIVERED,App,18
ORD000135,2026-09-02 19:26:19,C00113,S04,P0027,1,448.0,20,358.4,UPI,RETURNED,App,19
ORD000685,2026-09-10 09:27:00,C00260,S01,P0061,1,819.0,0,819.0,UPI,DELIVERED,App,10
ORD000577,2026-09-08 19:22:00,C00098,S03,P0078,2,399.0,5,758.1,Cash on Delivery,DELIVERED,App,21
ORD001805,2026-09-23 20:07:41,C00102,S08,P0121,1,334.0,5,317.3,Cash on Delivery,DELIVERED,App,26
ORD001036,2026-09-14 13:27:34,C00045,S12,P0135,4,248.0,15,843.2,Card,DELIVERED,Web,33
ORD002391,2026-09-30 22:44:07,C00274,S11,P0091,5,468.0,5,2223.0,UPI,DELIVERED,App,19
ORD001162,2026-09-15 21:23:23,C00154,S02,P0018,1,186.0,15,158.1,Cash on Delivery,DELIVERED,App,13
ORD000350,2026-09-05 20:59:09,C00346,S07,P0128,3,211.0,0,633.0,UPI,DELIVERED,App,22
ORD002238,2026-09-29 06:45:59,C00195,S01,P0038,4,389.0,10,1400.4,UPI,DELIVERED,App,33
ORD002024,2026-09-26 10:00:25,C00057,S03,P0052,2,299.0,0,598.0,UPI,DELIVERED,App,32
ORD001757,2026-09-23 10:10:47,C00268,S15,P0131,1,336.0,5,319.2,UPI,DELIVERED,App,32
ORD002241,2026-09-29 07:24:14,C00202,S06,P0101,4,248.0,0,992.0,UPI,DELIVERED,App,17
ORD000023,2026-09-01 10:11:07,C00363,S09,P0109,2,203.0,20,324.8,UPI,DELIVERED,App,24
ORD000919,2026-09-13 06:34:54,C00113,S08,P0118,1,217.0,20,173.6,Card,CANCELLED,App,
ORD001121,2026-11-02 18:40:00,C00133,S15,P0016,2,224.0,20,358.4,Cash on Delivery,DELIVERED,App,27
ORD000322,2026-09-05 13:27:53,C00076,S08,P0138,1,507.0,0,507.0,UPI,DELIVERED,App,12
ORD000668,2026-09-09 23:22:57,C00224,S02,P0094,1,475.0,15,403.75,UPI,DELIVERED,App,24
ORD001648,2026-09-21 18:52:24,C00100,S05,P0043,1,437.0,0,437.0,UPI,DELIVERED,App,27
ORD002090,2026-09-26 23:33:12,C00175,S05,P0002,1,105.0,10,94.5,UPI,DELIVERED,App,22
ORD000924,2026-09-13 07:18:29,C00241,S11,P0041,1,444.0,0,444.0,UPI,DELIVERED,App,16
ORD000597,2026-09-08 23:52:17,C00291,S02,P0018,2,186.0,5,353.4,Cash on Delivery,DELIVERED,App,11
ORD001501,2026-09-19 22:24:43,C00206,S07,P0117,1,77.0,15,65.45,Cash on Delivery,CANCELLED,App,
ORD001841,2026-09-24 06:51:19,C00119,S06,P0137,5,168.0,0,840.0,Card,DELIVERED,App,18
ORD000146,2026-09-02 21:20:22,C00197,S13,P0008,1,150.0,5,142.5,UPI,DELIVERED,App,30
ORD001118,2026-09-15 10:53:44,C00056,S08,P0049,2,152.0,20,243.2,UPI,CANCELLED,App,
ORD000517,2026-09-08 06:53:50,C00039,S11,P0111,1,169.0,5,160.55,Card,DELIVERED,App,19
ORD000559,2026-09-08 15:53:17,C00131,S14,P0123,1,629.0,0,629.0,Card,DELIVERED,App,33
ORD000536,2026-09-08 10:20:06,C00183,S06,P0008,1,150.0,0,150.0,UPI,DELIVERED,App,33
ORD001117,2026-09-15 10:43:56,C00035,S06,P0100,3,220.0,5,627.0,Card,DELIVERED,Web,10
ORD001010,2026-09-14 07:54:20,C00349,S09,P0111,3,169.0,5,481.65,UPI,DELIVERED,App,32
ORD002248,2026-09-29 09:05:18,C00071,S15,P0038,1,389.0,20,311.2,Cash on Delivery,DELIVERED,App,28
ORD000947,2026-09-13 12:22:13,C00190,S14,P0049,5,152.0,10,684.0,UPI,CANCELLED,App,
ORD000058,2026-09-01 17:56:16,C00258,S01,P0092,2,297.0,0,594.0,Cash on Delivery,DELIVERED,App,11
ORD002155,2026-09-27 22:45:21,C00384,S08,P0036,2,131.0,20,209.6,Cash on Delivery,DELIVERED,Web,35
ORD000783,2026-09-11 12:43:06,C00267,S13,P0110,4,42.0,10,151.2,Card,DELIVERED,App,32
ORD001266,2026-09-17 09:01:51,C00091,S06,P0033,3,198.0,0,594.0,UPI,DELIVERED,App,15
ORD000293,2026-09-05 06:36:02,C00035,S14,P0015,1,218.0,20,174.4,Cash on Delivery,DELIVERED,App,12
ORD000402,2026-09-06 13:45:43,C00089,S10,P0045,1,387.0,0,387.0,Wallet,RETURNED,App,27
ORD001654,2026-09-21 20:26:31,C00279,S09,P0081,1,10.0,10,9.0,Card,DELIVERED,App,22
ORD001148,2026-09-15 19:05:58,C00154,S14,P0123,1,629.0,0,629.0,UPI,DELIVERED,App,26
ORD001423,2026-09-19 08:58:44,C00011,S09,P0017,3,120.0,0,360.0,UPI,DELIVERED,App,35
ORD001325,2026-09-17 22:25:52,C00170,S07,P0136,2,360.0,5,684.0,Card,DELIVERED,App,13
ORD001845,2026-09-24 07:43:43,C00037,S13,P0105,3,109.0,5,310.65,UPI,DELIVERED,App,30
ORD001737,2026-09-22 22:25:09,C00024,S08,P0116,1,450.0,10,405.0,UPI,DELIVERED,App,8
ORD001537,2026-09-20 11:00:18,C00114,S13,P0094,3,475.0,15,1211.25,UPI,DELIVERED,App,21
ORD002266,2026-09-29 12:43:38,C00275,S04,P0099,1,303.0,5,287.85,UPI,DELIVERED,App,9
ORD001442,2026-09-19 12:16:24,C00143,S14,P0064,2,620.0,0,1240.0,Wallet,DELIVERED,App,17
ORD000773,2026-09-11 10:29:31,C00098,S04,P0140,2,364.0,0,728.0,UPI,DELIVERED,Web,25
ORD002100,2026-09-27 08:27:43,C00108,S11,P0042,1,432.0,15,367.2,UPI,DELIVERED,App,27
ORD001570,2026-09-20 18:29:34,C00268,S08,P0146,2,337.0,5,640.3,UPI,DELIVERED,App,23
ORD000202,2026-09-03 16:59:44,C00072,S15,P0136,1,360.0,5,342.0,UPI,DELIVERED,App,19
ORD002185,2026-09-28 13:04:39,C00026,S14,P0028,4,76.0,20,243.2,UPI,DELIVERED,App,8
ORD001529,2026-09-20 09:56:14,C00260,S07,P0026,5,205.0,0,1025.0,UPI,DELIVERED,Web,8
ORD001577,2026-09-20 19:44:11,C00253,S04,P0119,1,515.0,5,489.25,UPI,DELIVERED,App,32
ORD000219,2026-09-03 21:55:39,C00313,S10,P0115,1,628.0,20,502.4,Wallet,DELIVERED,App,30
ORD000332,2026-09-05 16:48:59,C00346,S12,P0035,1,67.0,0,67.0,Cash on Delivery,DELIVERED,App,25
ORD001596,2026-09-21 06:09:26,C00016,S04,P0057,2,820.0,0,1640.0,Card,DELIVERED,App,21
ORD001710,2026-09-22 15:17:00,C00067,S05,P0105,1,109.0,20,87.2,UPI,DELIVERED,App,28
ORD002063,2026-09-26 17:05:57,C00393,S04,P0049,1,152.0,20,121.6,Cash on Delivery,RETURNED,App,33
ORD001467,2026-09-19 16:11:14,C00036,S06,P0032,1,332.0,0,332.0,Cash on Delivery,DELIVERED,App,23
ORD000457,2026-09-07 09:18:46,C00259,S05,P0016,2,224.0,0,448.0,UPI,DELIVERED,App,30
ORD000104,2026-09-02 14:08:22,C00394,S09,P0073,3,279.0,10,753.3,UPI,DELIVERED,App,16
ORD000106,2026-09-02 15:00:37,C00160,S06,P0063,4,729.0,20,2332.8,Cash on Delivery,DELIVERED,App,16
ORD001729,2026-09-22 20:33:39,C00146,S10,P0134,2,219.0,20,350.4,Card,DELIVERED,App,9
ORD002044,2026-09-26 13:17:00,C00054,S13,P0026,1,205.0,0,205.0,Wallet,DELIVERED,App,31
ORD001586,2026-09-20 21:49:37,C00337,S15,P0018,5,186.0,15,790.5,Wallet,DELIVERED,App,32
ORD001003,2026-09-13 23:24:48,C00049,S03,P0044,2,228.0,0,456.0,UPI,DELIVERED,App,27
ORD000273,2026-09-04 21:06:11,C00384,S05,P0045,1,387.0,5,367.65,UPI,CANCELLED,App,
ORD002004,2026-09-26 06:10:38,C00290,S01,P0071,2,336.0,0,6720.0,Cash on Delivery,DELIVERED,App,31
ORD000710,2026-09-10 13:27:25,C00291,S07,P0058,1,292.0,15,248.2,UPI,DELIVERED,App,10
ORD001728,2026-09-22 20:10:14,C00223,S13,P0099,1,303.0,0,303.0,Card,DELIVERED,Web,32
ORD000185,2026-09-03 12:57:49,C00181,S13,P0019,1,220.0,0,220.0,Card,DELIVERED,App,15
ORD000209,2026-09-03 17:35:53,C00356,S02,P0063,2,729.0,15,1239.3,UPI,DELIVERED,App,14
ORD000073,2026-09-01 21:44:45,C00330,S07,P0072,1,396.0,10,356.4,UPI,DELIVERED,App,32
ORD000499,2026-09-07 17:34:03,C00261,S06,P0112,2,183.0,10,329.4,Card,DELIVERED,App,14
ORD001555,2026-09-20 14:52:20,C00181,S06,P0028,2,76.0,5,144.4,Cash on Delivery,DELIVERED,App,22
ORD000840,2026-09-12 07:46:32,C00326,S08,P0067,1,339.0,15,288.15,Cash on Delivery,DELIVERED,App,19
ORD001337,2026-09-18 06:44:04,C00023,S04,P0027,2,448.0,0,896.0,UPI,DELIVERED,App,31
ORD000581,2026-09-08 19:48:29,C00142,S11,P0122,2,315.0,20,504.0,Card,DELIVERED,App,19
ORD000716,2026-09-10 14:35:22,C00045,S10,P0031,1,244.0,10,219.6,Wallet,DELIVERED,App,10
ORD001968,2026-09-25 16:20:29,C00384,S13,P0105,2,109.0,15,185.3,UPI,DELIVERED,Web,17
ORD002304,2026-09-29 21:57:52,C00134,S09,P0138,3,507.0,0,1521.0,Wallet,DELIVERED,App,26
ORD000132,2026-09-02 18:47:59,C00088,S03,P0038,2,389.0,0,778.0,UPI,DELIVERED,App,11
ORD001517,2026-09-20 07:51:36,C00039,S15,P0134,1,219.0,15,186.15,UPI,DELIVERED,Web,20
ORD001126,2026-09-15 13:20:44,C00080,S05,P0085,3,137.0,0,411.0,Card,DELIVERED,App,12
ORD002027,2026-09-26 10:11:23,C00176,S03,P0037,1,143.0,5,135.85,UPI,DELIVERED,App,32
ORD000112,2026-09-02 15:51:59,C00211,S01,P0069,1,228.0,0,228.0,UPI,DELIVERED,App,18
ORD001157,2026-09-15 20:47:17,C00318,S09,P0047,1,304.0,0,304.0,UPI,DELIVERED,App,25
ORD000864,2026-09-12 14:43:01,C00262,S09,P0063,4,729.0,20,2332.8,UPI,DELIVERED,App,30
ORD001206,2026-09-16 14:05:13,C00380,S09,P0036,3,131.0,10,353.7,UPI,DELIVERED,App,34
ORD001221,2026-09-16 17:48:26,C00367,S15,P0006,1,197.0,10,177.3,UPI,DELIVERED,Web,35
ORD000181,2026-09-03 11:06:43,C00251,S01,P0142,1,115.0,20,92.0,UPI,DELIVERED,App,20
ORD000045,2026-09-01 15:06:19,C00362,S02,P0127,1,602.0,10,541.8,Cash on Delivery,DELIVERED,App,18
ORD001917,2026-09-25 06:15:53,C00137,S06,P0122,1,315.0,10,283.5,Card,DELIVERED,App,28
ORD000449,2026-09-07 07:28:41,C00199,S02,P0026,3,205.0,20,492.0,Cash on Delivery,DELIVERED,App,35
ORD000841,2026-09-12 07:54:43,C00055,S04,P0038,2,389.0,20,622.4,UPI,DELIVERED,App,32
ORD001915,2026-09-25 06:05:46,C00035,S07,P0126,1,416.0,0,416.0,UPI,CANCELLED,App,
ORD001288,2026-09-17 13:36:28,C00032,S13,P0130,1,406.0,0,406.0,UPI,DELIVERED,App,21
ORD000108,2026-09-02 15:31:25,C00102,S10,P0045,4,387.0,15,1315.8,UPI,DELIVERED,App,10
ORD002101,2026-09-27 08:47:38,C00313,S03,P0041,2,444.0,5,843.6,UPI,DELIVERED,Web,480
ORD001120,2026-09-15 11:39:59,C00090,S14,P0042,2,432.0,0,864.0,Card,DELIVERED,Web,33
ORD001610,2026-13-05 11:00:00,C00359,S08,P0030,1,50.0,0,50.0,UPI,DELIVERED,App,12
ORD001607,2026-09-21 10:02:08,C00129,S12,P0062,2,421.0,0,842.0,Wallet,DELIVERED,App,27
ORD001534,2026-09-20 10:48:30,C00264,S09,P0002,1,105.0,0,105.0,Card,DELIVERED,App,20
ORD000044,2026-09-01 14:20:55,C00254,S02,P0072,2,396.0,20,633.6,Card,DELIVERED,App,10
ORD001220,2026-09-16 17:24:04,C00186,S06,P0081,2,10.0,20,16.0,UPI,DELIVERED,App,13
ORD002288,2026-09-29 18:37:19,C00056,S11,P0106,3,380.0,15,969.0,Card,DELIVERED,App,34
ORD000604,2026-09-09 07:41:17,C00141,S11,P0123,1,629.0,15,534.65,UPI,DELIVERED,App,8
ORD001947,2026-09-25 13:10:25,C00112,S07,P0076,2,11.0,10,19.8,UPI,DELIVERED,App,15
ORD000877,2026-09-12 17:33:11,C00356,S10,P0020,1,55.0,5,52.25,UPI,DELIVERED,Web,11
ORD002181,2026-09-28 11:33:25,C00327,S01,P0134,1,219.0,0,219.0,UPI,DELIVERED,App,32
ORD001551,2026-09-20 14:07:02,C00016,S15,P0019,1,220.0,0,220.0,UPI,DELIVERED,App,22
ORD001742,2026-09-22 23:38:00,C00163,S10,P0119,1,515.0,10,463.5,UPI,DELIVERED,App,18
ORD001425,2026-09-19 09:39:00,C00291,S02,P0001,2,107.0,10,192.6,UPI,DELIVERED,App,33
ORD001613,2026-09-21 11:04:31,C00295,S13,P0090,1,527.0,5,500.65,Card,DELIVERED,Web,12
ORD001207,2026-09-16 14:39:47,C00280,S07,P0096,1,395.0,15,335.75,UPI,DELIVERED,App,31
ORD001836,2026-09-23 23:50:07,C00278,S08,P0047,2,304.0,0,608.0,UPI,DELIVERED,App,28
ORD000384,2026-09-06 09:53:56,C00021,S07,P0009,1,111.0,0,111.0,UPI,CANCELLED,App,
ORD001590,2026-09-20 22:47:40,C00011,S01,P0010,2,77.0,20,123.2,Wallet,DELIVERED,Web,18
ORD000494,2026-09-07 16:42:01,C00299,S03,P0001,1,107.0,10,96.3,UPI,DELIVERED,App,30
ORD002066,2026-09-26 18:00:23,C00136,S05,P0058,2,292.0,0,584.0,Cash on Delivery,DELIVERED,App,21
ORD000287,2026-09-04 23:49:49,C00357,S04,P0067,3,339.0,10,915.3,UPI,DELIVERED,Web,26
ORD001347,2026-09-18 09:47:08,C00074,S15,P0049,3,152.0,0,456.0,Cash on Delivery,DELIVERED,App,17
ORD001323,2026-09-17 21:34:20,C00179,S12,P0027,3,448.0,10,1209.6,Card,DELIVERED,Web,34
ORD002204,2026-09-28 16:12:20,C00272,S10,P0114,4,505.0,0,2020.0,UPI,DELIVERED,App,33
ORD002183,2026-09-28 12:09:16,C00111,S06,P0095,3,354.0,0,1062.0,UPI,CANCELLED,App,
ORD000341,2026-09-05 18:16:55,C00041,S08,P0148,1,105.0,0,105.0,Cash on Delivery,DELIVERED,App,13
ORD001914,2026-09-24 23:47:24,C00286,S11,P0065,1,190.0,0,190.0,UPI,CANCELLED,App,
ORD000233,2026-09-04 07:14:17,C00305,S01,P0076,1,11.0,0,11.0,UPI,DELIVERED,App,18
ORD001789,2026-09-23 17:22:46,C00377,S11,P0098,3,93.0,0,279.0,UPI,DELIVERED,Web,30
ORD002281,2026-09-29 17:04:11,C00077,S02,P0035,2,67.0,15,113.9,Wallet,DELIVERED,App,29
ORD001639,2026-09-21 17:11:15,C00372,S13,P0057,1,820.0,10,738.0,Cash on Delivery,DELIVERED,App,16
ORD000836,2026-09-12 06:34:10,C00234,S03,P0121,1,334.0,15,283.9,Cash on Delivery,DELIVERED,Web,23
ORD000006,2026-09-01 07:31:27,C00023,S11,P0120,1,344.0,0,344.0,UPI,DELIVERED,App,16
ORD002218,2026-09-28 20:16:25,C00350,S06,P0121,1,334.0,20,267.2,UPI,DELIVERED,App,11
ORD002084,2026-09-26 22:20:12,C00325,S11,P0143,2,455.0,15,773.5,UPI,DELIVERED,App,20
ORD000994,2026-09-13 21:39:57,C00257,S06,P0044,5,228.0,15,969.0,UPI,DELIVERED,App,23
ORD002122,2026-09-27 14:56:27,C00262,S09,P0018,1,186.0,20,148.8,UPI,DELIVERED,Web,34
ORD000997,2026-09-13 22:07:46,,S10,P0106,1,380.0,20,304.0,Card,DELIVERED,App,28
ORD002237,2026-09-29 06:21:11,C00262,S02,P0064,1,620.0,0,620.0,UPI,DELIVERED,App,30
ORD001183,2026-09-16 09:49:01,C00250,S01,P0092,1,297.0,10,267.3,UPI,DELIVERED,App,35
ORD000133,2026-09-02 19:02:55,C00372,S15,P0083,3,125.0,0,375.0,UPI,DELIVERED,App,34
ORD000037,2026-09-01 12:29:52,C00303,S13,P0099,1,303.0,0,303.0,UPI,DELIVERED,Web,32
ORD000328,2026-09-05 14:47:13,C00252,S01,P0102,2,369.0,0,738.0,UPI,RETURNED,App,21
ORD001545,2026-09-20 12:55:47,C00215,S03,P0076,1,11.0,5,10.45,UPI,DELIVERED,App,12
ORD001312,2026-09-17 18:51:04,C00091,S06,P0111,1,169.0,0,169.0,UPI,DELIVERED,App,30
ORD000282,2026-09-04 23:17:54,C00345,S14,P0050,2,449.0,15,763.3,Cash on Delivery,DELIVERED,Web,13
ORD000245,2026-09-04 12:51:19,C00243,S02,P0060,1,531.0,10,477.9,UPI,DELIVERED,App,29
ORD002362,2026-09-30 15:01:03,C00307,S05,P0072,1,396.0,10,356.4,Cash on Delivery,DELIVERED,App,28
ORD000358,2026-09-05 23:48:01,C00340,S02,P0073,3,279.0,0,837.0,Wallet,CANCELLED,Web,
ORD000081,2026-09-02 06:26:15,C00020,S10,P0091,1,468.0,0,468.0,Card,DELIVERED,Web,26
ORD001414,2026-09-19 07:47:25,C00316,S12,P0084,1,288.0,0,288.0,Cashh,DELIVERED,Web,18
ORD002025,2026-09-26 10:01:25,C00132,S06,P0105,1,109.0,0,109.0,Card,DELIVERED,App,8
ORD001885,2026-09-24 17:14:40,C00307,S05,P0072,1,396.0,5,376.2,UPI,DELIVERED,App,22
ORD000902,2026-09-12 22:23:12,C00274,S14,P0069,4,228.0,5,866.4,UPI,DELIVERED,App,27
ORD001642,2026-09-21 17:52:09,C00189,S06,P0113,4,445.0,0,1780.0,Card,DELIVERED,App,9
ORD001167,2026-09-15 23:05:42,C00380,S07,P0026,4,205.0,10,738.0,UPI,RETURNED,App,29
ORD002118,2026-09-27 12:35:15,C00164,S09,P0006,2,197.0,5,374.3,UPI,DELIVERED,Web,20
ORD001662,2026-09-21 21:44:52,C00133,S03,P0031,1,244.0,15,207.4,Card,DELIVERED,App,22
ORD000827,2026-09-11 23:30:39,C00395,S11,P0100,1,220.0,20,176.0,Card,DELIVERED,App,9
ORD000650,2026-09-09 19:56:01,C00021,S10,P0089,1,492.0,0,492.0,Cash on Delivery,DELIVERED,App,16
ORD002032,2026-09-26 11:04:22,C00251,S12,P0135,3,248.0,10,669.6,UPI,DELIVERED,App,11
ORD000607,2026-09-09 08:12:26,C00141,S13,P0080,1,518.0,20,414.4,UPI,DELIVERED,App,32
ORD000748,2026-09-10 21:28:00,C00007,S10,P0065,1,190.0,15,161.5,Wallet,DELIVERED,Web,19
ORD001803,2026-09-23 19:35:04,C00299,S08,P0011,1,119.0,0,119.0,UPI,DELIVERED,App,26
ORD002351,2026-09-30 13:04:38,C00400,S14,P0064,2,620.0,5,1178.0,UPI,DELIVERED,App,33
ORD002379,2026-09-30 19:13:02,C00359,S10,P0039,2,380.0,0,760.0,UPI,DELIVERED,App,22
ORD002097,2026-09-27 07:20:27,C00065,S14,P0130,1,406.0,20,324.8,Cash on Delivery,DELIVERED,App,8
ORD001722,2026-09-22 18:43:45,C00356,S03,P0094,1,475.0,5,451.25,UPI,DELIVERED,App,10
ORD000173,2026-09-03 09:13:34,C00039,S11,P0098,2,93.0,15,158.1,UPI,DELIVERED,App,11
ORD002370,2026-09-30 17:41:21,C00238,S02,P0107,2,567.0,0,1134.0,UPI,CANCELLED,App,
ORD002388,2026-09-30 21:59:36,C00384,S04,P0099,1,303.0,10,272.7,Card,DELIVERED,App,19
ORD000279,2026-09-04 23:05:12,C00268,S04,P0139,2,405.0,0,810.0,Cash on Delivery,CANCELLED,App,
ORD001902,2026-09-24 20:33:08,C00062,S08,P0117,1,77.0,0,77.0,Cash on Delivery,DELIVERED,App,10
ORD001040,2026-09-14 14:22:05,C00300,S08,P0004,1,188.0,20,150.4,UPI,DELIVERED,App,16
ORD000200,2026-09-03 16:47:32,C00384,S01,P0138,3,507.0,20,1216.8,Cash on Delivery,DELIVERED,App,14
ORD002344,2026-09-30 11:35:33,C00400,S08,P0114,2,505.0,0,1010.0,Card,DELIVERED,App,15
ORD001526,2026-09-20 08:52:08,C00232,S15,P0077,2,369.0,0,738.0,UPI,DELIVERED,App,18
ORD001685,2026-09-22 08:45:36,C00274,S03,P9816,2,883.0,0,1766.0,Cash on Delivery,DELIVERED,App,20
ORD000388,2026-09-06 10:59:21,C00214,S01,P0143,3,455.0,20,1092.0,Wallet,DELIVERED,Web,26
ORD002136,2026-09-27 18:25:43,C00127,S04,P0063,3,729.0,0,2187.0,Card,RETURNED,App,23
ORD000356,2026-09-05 23:14:15,C00281,S13,P0092,1,297.0,10,267.3,Wallet,DELIVERED,App,29
ORD001761,2026-09-23 10:52:42,C00073,S05,P0105,1,109.0,0,109.0,UPI,DELIVERED,App,35
ORD001065,2026-09-14 19:09:01,C00298,S05,P0073,1,279.0,10,251.1,UPI,DELIVERED,App,29
ORD000352,2026-09-05 21:26:13,C00053,S05,P0109,1,203.0,20,162.4,Card,DELIVERED,App,22
ORD000983,2026-09-13 18:51:29,C00191,S10,P0136,1,360.0,10,324.0,UPI,DELIVERED,App,35
ORD001842,2026-09-24 07:16:43,C00380,S14,P0106,1,380.0,10,342.0,UPI,DELIVERED,App,31
ORD002295,2026-09-29 19:45:31,C00360,S01,P0046,2,197.0,0,394.0,Card,DELIVERED,App,14
ORD000431,2026-09-06 20:48:27,C00106,S15,P0063,3,729.0,0,2187.0,Cash on Delivery,DELIVERED,App,20
ORD000564,2026-09-08 16:57:03,C00165,S04,P0047,1,304.0,0,304.0,UPI,DELIVERED,App,27
ORD002363,2026-09-30 15:19:34,C00063,S14,P0141,2,265.0,0,530.0,Wallet,RETURNED,Web,10
ORD002095,2026-09-27 06:51:01,C00066,S14,P0028,1,76.0,5,72.2,Card,DELIVERED,Web,15
ORD001054,2026-09-14 17:31:48,C00158,S13,P0114,1,505.0,0,505.0,UPI,DELIVERED,App,33
ORD000417,2026-09-06 18:22:00,C00264,S15,P0026,1,205.0,0,205.0,UPI,DELIVERED,App,23
ORD001630,2026-09-21 14:56:49,C00335,S09,P0149,4,144.0,15,489.6,UPI,DELIVERED,App,22
ORD000521,2026-09-08 07:48:39,C00168,S04,P0049,3,152.0,0,456.0,UPI,DELIVERED,App,35
ORD001632,2026-09-21 15:26:05,C00293,S15,P0014,1,108.0,0,108.0,UPI,DELIVERED,App,9
ORD001191,2026-09-16 11:17:20,C00251,S14,P0089,1,492.0,20,393.6,UPI,CANCELLED,App,
ORD002287,2026-09-29 18:25:46,C00153,S02,P0006,1,197.0,0,197.0,UPI,DELIVERED,App,27
ORD002284,2026-09-29 17:36:29,C00301,S12,P0062,5,421.0,20,1684.0,Wallet,DELIVERED,App,24
ORD001563,2026-09-20 16:37:24,C00295,S01,P0061,2,819.0,0,1638.0,Wallet,DELIVERED,App,34
ORD001949,2026-09-25 13:36:38,C00042,S04,P0070,2,792.0,0,1584.0,UPI,DELIVERED,App,16
ORD001901,2026-09-24 20:31:30,C00151,S10,P0006,3,197.0,10,531.9,Cash on Delivery,DELIVERED,App,18
ORD000478,2026-09-07 13:38:49,C00254,S12,P0046,3,197.0,0,591.0,UPI,DELIVERED,App,20
ORD001428,2026-09-19 09:53:06,C00162,S14,P0149,3,144.0,10,388.8,Wallet,DELIVERED,Web,29
ORD001893,2026-09-24 18:54:07,C00008,S09,P0044,3,228.0,5,649.8,UPI,DELIVERED,App,8
ORD001855,2026-09-24 10:15:07,C00298,S13,P0147,2,242.0,0,484.0,Wallet,DELIVERED,App,10
ORD001354,2026-09-18 11:59:26,C00032,S01,P0044,2,228.0,10,410.4,UPI,DELIVERED,App,21
ORD001436,2026-09-19 11:40:16,C00088,S13,P0144,1,666.0,5,632.7,UPI,DELIVERED,Web,29
ORD001168,2026-09-15 23:14:01,C00101,S09,P0096,1,395.0,0,395.0,Cash on Delivery,DELIVERED,App,31
ORD000803,2026-09-11 17:42:39,C00370,S08,P0146,5,337.0,5,1600.75,Wallet,DELIVERED,App,14
ORD000753,2026-09-10 22:37:16,C00350,S14,P0046,1,197.0,5,187.15,UPI,RETURNED,Web,35
ORD000688,2026-09-10 09:57:25,C00171,S05,P0011,1,119.0,5,113.05,Card,DELIVERED,App,11
ORD000201,2026-09-03 16:55:20,C00218,S05,P0059,2,883.0,0,1766.0,UPI,DELIVERED,Web,32
ORD000455,2026-09-07 08:19:57,C00025,S09,P0147,2,242.0,15,411.4,UPI,DELIVERED,Web,1440
ORD001082,2026-09-14 21:19:50,C00101,S09,P0059,1,883.0,0,883.0,Card,DELIVERED,App,29
ORD001023,2026-09-14 10:24:15,C00261,S10,P0101,1,248.0,0,248.0,Wallet,DELIVERED,App,27
ORD001999,2026-09-25 23:04:41,C00081,S14,P0013,2,164.0,0,328.0,UPI,DELIVERED,Web,15
ORD000481,2026-09-07 14:11:53,C00386,S05,P0014,1,108.0,5,102.6,UPI,DELIVERED,App,21
ORD001500,2026-09-19 22:23:08,C00202,S03,P0140,4,364.0,0,1456.0,UPI,DELIVERED,App,33
ORD002397,2026-09-30 23:17:20,C00144,S12,P0041,1,444.0,20,355.2,Cash on Delivery,CANCELLED,App,
ORD000163,2026-09-03 07:58:40,C00195,S02,P0128,1,211.0,0,211.0,Cash on Delivery,DELIVERED,Web,13
ORD000932,2026-09-13 09:47:07,C00328,S08,P0064,2,620.0,10,1116.0,Card,DELIVERED,Web,27
ORD000580,2026-09-08 19:46:54,,S04,P0110,5,42.0,20,168.0,Wallet,DELIVERED,App,23
ORD000792,2026-09-11 15:05:15,C00161,S15,P0042,2,432.0,15,734.4,Cash on Delivery,DELIVERED,App,34
ORD000655,2026-09-09 20:40:47,C00162,S15,P0132,2,497.0,0,994.0,Wallet,DELIVERED,App,30
ORD000522,2026-09-08 07:56:26,C00314,S13,P0009,2,111.0,0,222.0,UPI,CANCELLED,App,
ORD000709,2026-09-10 12:47:48,C00092,S05,P0034,1,205.0,5,194.75,UPI,DELIVERED,App,15
ORD000059,2026-09-01 18:06:29,C00370,S02,P0010,1,77.0,5,73.15,Wallet,DELIVERED,App,13
ORD001777,2026-09-23 14:52:24,C00039,S09,P0040,1,230.0,20,184.0,UPI,DELIVERED,App,31
ORD001410,2026-09-19 06:56:52,C00369,S10,P0006,2,197.0,10,354.6,Card,DELIVERED,App,11
ORD001922,2026-09-25 07:13:07,C00273,S13,P0060,2,531.0,10,955.8,Wallet,DELIVERED,App,13
ORD002207,2026-09-28 16:22:00,C00072,S02,P0082,1,338.0,0,338.0,Card,DELIVERED,App,15
ORD001569,2026-09-20 18:10:50,C00141,S04,P0104,1,525.0,0,525.0,Card,DELIVERED,Web,20
ORD000470,2026-09-07 11:52:47,C00023,S07,P0126,1,416.0,10,374.4,UPI,DELIVERED,App,22
ORD000760,2026-09-11 06:26:37,C00312,S10,P0017,1,120.0,5,114.0,UPI,CANCELLED,App,
ORD002114,2026-09-27 11:25:02,C00069,S14,P0013,2,164.0,10,295.2,Wallet,DELIVERED,App,34
ORD000948,2026-09-13 13:05:04,C00105,S05,P0058,4,292.0,10,1051.2,Cash on Delivery,DELIVERED,App,21
ORD000808,2026-09-11 18:22:59,C00170,S13,P0073,1,279.0,5,265.05,UPI,DELIVERED,Web,17
ORD001620,2026-09-21 12:37:53,C00289,S02,P0131,1,336.0,0,336.0,UPI,DELIVERED,App,11
ORD000731,2026-09-10 16:54:06,C00021,S11,P0018,1,186.0,20,148.8,Cash on Delivery,DELIVERED,App,
ORD000842,2026-09-12 08:44:08,C00276,S10,P0083,3,125.0,15,318.75,UPI,DELIVERED,Web,33
ORD000809,2026-09-11 18:23:13,C00326,S10,P0078,1,399.0,10,359.1,Card,CANCELLED,App,
ORD000463,2026-09-07 10:27:01,C00269,S05,P0052,1,299.0,0,299.0,Card,DELIVERED,Web,15
ORD000397,2026-09-06 12:17:27,C00115,S11,P0024,1,36.0,5,34.2,UPI,DELIVERED,Web,14
ORD000237,2026-09-04 10:01:49,C00258,S02,P0043,2,437.0,15,742.9,Wallet,DELIVERED,App,17
ORD000751,2026-09-10 21:55:36,C00269,S04,P0095,2,354.0,0,708.0,Cash on Delivery,DELIVERED,Web,32
ORD002047,2026-09-26 14:02:48,C00211,S09,P0040,1,230.0,0,230.0,Card,DELIVERED,App,29
ORD000772,2026-09-11 09:27:50,C00148,S02,P0117,2,77.0,20,123.2,Wallet,DELIVERED,App,29
ORD000628,2026-09-09 13:15:03,C00116,S08,P0143,1,455.0,15,386.75,UPI,DELIVERED,App,15
ORD001280,2026-09-17 12:06:35,C00039,S10,P0072,2,396.0,20,633.6,Cash on Delivery,DELIVERED,App,32
ORD002198,2026-09-28 15:11:53,C00340,S10,P0044,2,228.0,20,364.8,UPI,DELIVERED,Web,8
ORD001795,2026-09-23 18:42:23,C00025,S11,P0064,2,620.0,0,1240.0,UPI,CANCELLED,App,
ORD000984,2026-09-13 19:06:08,C00351,S12,P0135,1,248.0,0,248.0,UPI,DELIVERED,App,22
ORD001209,2026-09-16 15:24:55,C00272,S04,P0011,3,119.0,0,357.0,UPI,DELIVERED,App,16
ORD000869,2026-09-12 16:36:54,C00081,S06,P0017,1,120.0,20,96.0,Cash on Delivery,DELIVERED,Web,24
ORD000351,2026-09-05 20:59:20,C00260,S06,P0040,1,230.0,15,195.5,Card,DELIVERED,App,17
ORD001304,2026-09-17 17:28:27,C00062,S09,P0110,2,42.0,5,79.8,UPI,DELIVERED,App,29
ORD001762,2026-09-23 10:53:30,C00130,S07,P0027,1,448.0,5,425.6,UPI,DELIVERED,App,35
ORD000618,2026-09-09 11:03:18,C00369,S04,P0022,1,46.0,0,46.0,UPI,DELIVERED,App,33
ORD000644,2026-09-09 18:40:58,C00104,S08,P0150,2,337.0,0,674.0,Cash on Delivery,DELIVERED,App,17
ORD000952,2026-09-13 13:54:07,C00222,S04,P0113,1,445.0,0,445.0,Wallet,DELIVERED,App,15
ORD001912,2026-09-24 22:33:12,C00224,S12,P0139,1,405.0,20,324.0,Cash on Delivery,DELIVERED,App,33
ORD001718,2026-09-22 16:38:40,C00141,S09,P0041,4,444.0,15,1509.6,Card,DELIVERED,Web,10
ORD001094,2026-09-15 06:28:38,C00022,S07,P0132,3,497.0,0,1491.0,Cash on Delivery,DELIVERED,App,35
ORD000257,2026-09-04 16:49:10,C00093,S08,P0084,1,288.0,15,244.8,UPI,DELIVERED,App,25
ORD000394,2026-09-06 12:06:11,C00221,S07,P0058,1,292.0,0,292.0,Card,DELIVERED,Web,9
ORD001435,2026-09-19 11:16:10,C00068,S02,P0129,1,666.0,0,666.0,UPI,DELIVERED,App,12
ORD000758,2026-09-10 23:49:16,C00025,S01,P0033,1,198.0,0,198.0,UPI,DELIVERED,App,22
ORD001735,2026-09-22 21:32:26,C00165,S01,P0049,1,152.0,15,129.2,Card,CANCELLED,Web,
ORD001741,2026-09-22 23:15:15,C00055,S07,P0055,1,684.0,15,581.4,Wallet,DELIVERED,App,18
ORD000090,2026-09-02 09:51:50,C00378,S13,P0132,1,497.0,0,497.0,UPI,DELIVERED,App,22
ORD001319,2026-09-17 20:38:36,C00046,S05,P0018,1,186.0,10,167.4,UPI,DELIVERED,Web,11
ORD000619,2026-09-09 11:23:47,C00236,S07,P0006,1,197.0,0,197.0,Card,DELIVERED,App,15
ORD001772,2026-09-23 13:55:57,C00337,S07,P0016,5,224.0,20,896.0,UPI,DELIVERED,App,8
ORD000859,2026-09-12 13:20:52,C00001,S15,P0069,2,228.0,0,456.0,UPI,DELIVERED,App,22
ORD001393,2026-09-18 20:07:09,C00368,S13,P0090,1,527.0,0,527.0,UPI,DELIVERED,App,24
ORD001673,2026-09-22 06:24:50,C00290,S12,P0065,3,190.0,10,513.0,Card,DELIVERED,App,8
ORD001806,2026-09-23 20:16:37,C00320,S11,P0043,1,437.0,10,393.3,UPI,DELIVERED,App,33
ORD001531,2026-09-20 10:03:07,C00039,S08,P0037,1,143.0,5,135.85,UPI,DELIVERED,App,16
ORD000258,2026-09-04 17:00:20,C00294,S12,P0005,2,167.0,20,267.2,UPI,DELIVERED,App,32
ORD002343,2026-09-30 11:31:07,C00394,S04,P0144,1,666.0,15,566.1,Cash on Delivery,DELIVERED,App,10
ORD000204,2026-09-03 17:10:36,C00233,S14,P0031,1,244.0,10,219.6,Card,DELIVERED,App,30
ORD001787,2026-09-23 16:53:39,C00265,S08,P0150,2,337.0,0,674.0,UPI,DELIVERED,App,14
ORD000290,2026-09-05 06:18:00,C00334,S07,P0150,1,337.0,0,337.0,UPI,DELIVERED,App,9
ORD002349,2026-09-30 12:20:08,C00237,S08,P0076,1,11.0,0,11.0,UPI,DELIVERED,App,15
ORD001567,2026-09-20 18:04:02,C00341,S02,P0008,3,150.0,0,450.0,UPI,DELIVERED,App,18
ORD002028,2026-09-26 10:23:34,C00285,S08,P0044,3,228.0,10,615.6,UPI,CANCELLED,App,
ORD001808,2026-09-23 20:23:56,C00126,S03,P0053,1,609.0,5,578.55,Cash on Delivery,CANCELLED,Web,
ORD001565,2026-09-20 17:09:07,C00209,S07,P0127,2,602.0,0,1204.0,UPI,DELIVERED,Web,21
ORD000109,2026-09-02 15:31:54,C00259,S15,P0106,2,380.0,0,760.0,UPI,DELIVERED,App,22
ORD001310,2026-09-17 18:12:00,C00025,S14,P0016,1,224.0,0,224.0,UPI,DELIVERED,Web,12
ORD001659,2026-09-21 20:34:25,C00303,S03,P0008,2,150.0,0,300.0,UPI,DELIVERED,App,10
ORD001317,2026-09-17 19:41:50,C00107,S08,P0102,2,369.0,10,664.2,UPI,DELIVERED,App,35
ORD000077,2026-09-01 22:19:21,C00288,S07,P0011,2,119.0,15,202.3,UPI,DELIVERED,Web,19
ORD001293,2026-09-17 14:59:31,C00190,S11,P0122,3,315.0,10,850.5,Cash on Delivery,DELIVERED,Web,34
ORD002314,2026-09-29 23:34:51,C00190,S04,P0050,1,449.0,20,359.2,UPI,DELIVERED,Web,21
ORD002226,2026-09-28 21:53:28,C00096,S14,P0107,2,567.0,10,1020.6,UPI,DELIVERED,App,26
ORD001745,2026-09-23 06:38:52,C00034,S13,P0013,2,164.0,10,295.2,UPI,DELIVERED,App,8
ORD000118,2026-09-02 17:04:26,C00090,S15,P0098,1,93.0,0,93.0,UPI,DELIVERED,App,10
ORD002052,2026-09-26 15:05:08,C00357,S04,P0035,1,67.0,0,67.0,Cash on Delivery,DELIVERED,App,28
ORD000502,2026-09-07 18:45:07,C00233,S04,P0123,2,629.0,5,1195.1,Wallet,DELIVERED,Web,32
ORD001634,2026-09-21 16:02:28,C00392,S08,P0073,1,279.0,20,223.2,Card,DELIVERED,App,22
ORD001480,2026-09-19 18:37:32,C00287,S13,P0124,4,483.0,0,1932.0,Wallet,DELIVERED,App,16
ORD001277,2026-09-17 11:27:29,C00221,S14,P0108,1,161.0,10,144.9,UPI,DELIVERED,App,
ORD001341,2026-09-18 07:51:54,C00022,S05,P0018,2,186.0,5,353.4,UPI,CANCELLED,App,
ORD001573,2026-09-20 18:58:04,C00155,S07,P0059,1,883.0,0,883.0,UPI,DELIVERED,App,13
ORD002130,2026-09-27 16:39:26,C00043,S06,P0107,4,567.0,5,2154.6,UPI,DELIVERED,App,33
ORD001084,2026-09-14 22:21:20,C00227,S10,P0006,1,197.0,10,177.3,UPI,DELIVERED,App,10
ORD000504,2026-09-07 19:30:54,C00220,S04,P0131,1,336.0,5,319.2,Card,DELIVERED,App,33
ORD001017,2026-09-14 09:17:41,C00122,S10,P0116,4,450.0,0,1800.0,UPI,DELIVERED,App,33
ORD000184,2026-09-03 12:46:56,C00148,S03,P0114,2,505.0,5,959.5,Cash on Delivery,DELIVERED,Web,21
ORD001158,2026-09-15 20:49:55,C00315,S09,P0014,5,108.0,0,540.0,UPI,DELIVERED,App,12
ORD001272,2026-09-17 11:15:17,C00220,S04,P0030,3,50.0,15,127.5,UPI,DELIVERED,App,11
ORD000669,2026-09-09 23:28:07,C00173,S15,P0072,2,396.0,10,712.8,UPI,CANCELLED,App,
ORD001502,2026-09-19 22:29:26,C00177,S03,P0143,2,455.0,20,728.0,Card,DELIVERED,App,23
ORD000025,2026-09-01 10:45:47,C00062,S01,P0046,4,197.0,0,788.0,UPI,DELIVERED,App,18
ORD000868,2026-09-12 16:18:23,C00225,S13,P0014,3,108.0,10,291.6,UPI,DELIVERED,App,9
ORD001605,2026-09-21 09:31:26,C00088,S09,P0077,1,369.0,5,350.55,UPI,DELIVERED,App,11
ORD002148,2026-09-27 20:53:23,C00055,S07,P0126,1,416.0,0,416.0,UPI,CANCELLED,App,
ORD000599,2026-09-09 06:21:02,C00292,S03,P0116,1,450.0,15,382.5,UPI,RETURNED,App,28
ORD001989,2026-09-25 20:35:44,C00293,S01,P0043,1,437.0,0,437.0,Card,RETURNED,App,34
ORD001239,2026-09-16 21:34:44,C00355,S10,P0042,5,432.0,5,2052.0,UPI,DELIVERED,App,33
ORD001799,2026-09-23 19:04:13,C00244,S99,P0133,1,267.0,5,253.65,Card,DELIVERED,Web,22
ORD001025,2026-09-14 10:26:30,C00121,S08,P0008,1,150.0,0,150.0,Cash on Delivery,DELIVERED,App,20
ORD001235,2026-09-16 20:44:25,C00185,S12,P0125,1,609.0,20,487.2,Card,RETURNED,App,20
ORD000815,2026-09-11 19:50:11,C00191,S03,P0092,1,297.0,0,297.0,Cash on Delivery,DELIVERED,App,18
ORD002172,2026-09-28 09:32:49,C00251,S01,P0035,3,67.0,0,201.0,Wallet,DELIVERED,App,32
ORD000074,2026-09-01 21:47:27,C00396,S15,P0112,3,183.0,0,549.0,Card,CANCELLED,Web,
ORD000436,2026-09-06 22:10:57,C00314,S15,P0026,1,205.0,10,184.5,UPI,DELIVERED,App,29
ORD001046,2026-09-14 15:20:37,C00136,S17,P0117,3,77.0,5,219.45,Wallet,DELIVERED,Web,13
ORD000370,2026-09-06 07:16:46,C00085,S15,P0124,3,483.0,0,1449.0,Card,DELIVERED,App,29
ORD000215,2026-09-03 20:01:46,C00339,S09,P0138,2,507.0,10,912.6,UPI,CANCELLED,App,
ORD000582,2026-09-08 19:49:45,C00060,S02,P0139,1,405.0,0,405.0,UPI,DELIVERED,Web,15
ORD000375,2026-09-06 08:05:44,C00276,S11,P0049,1,152.0,20,121.6,UPI,DELIVERED,App,31
ORD000500,2026-09-07 18:11:10,C00197,S10,P0032,1,332.0,0,332.0,Card,Pending??,App,19
ORD000978,2026-09-13 17:51:05,C00158,S09,P0137,2,168.0,0,336.0,UPI,DELIVERED,App,28
ORD000505,2026-09-07 19:36:12,C00291,S05,P0107,3,567.0,0,1701.0,Wallet,DELIVERED,App,10
ORD002357,2026-09-30 13:30:31,C00305,S07,P0047,1,304.0,20,243.2,Wallet,DELIVERED,App,21
ORD001130,2026-09-15 14:10:41,C00146,S01,P0132,1,497.0,10,447.3,UPI,DELIVERED,App,13
ORD000473,2026-09-07 12:24:45,C00264,S04,P0134,2,219.0,5,416.1,UPI,DELIVERED,App,31
ORD000410,2026-09-06 16:24:45,C00189,S06,P0072,2,396.0,0,792.0,Wallet,DELIVERED,App,31
ORD002137,2026-09-27 18:28:22,C00102,S03,P0149,2,144.0,10,259.2,UPI,DELIVERED,App,9
ORD000182,2026-09-03 11:11:14,C00202,S11,P0090,1,527.0,0,527.0,Cash on Delivery,DELIVERED,App,32
ORD000909,2026-09-12 22:47:06,C00005,S07,P0142,2,115.0,15,195.5,UPI,DELIVERED,App,33
ORD001187,2026-09-16 10:31:54,C00369,S05,P0057,1,820.0,15,697.0,Card,DELIVERED,App,8
ORD001433,2026-09-19 10:34:51,C00266,S08,P0121,2,334.0,20,534.4,UPI,DELIVERED,App,10
ORD001165,2026-09-15 22:31:15,C00366,S15,P0084,1,288.0,15,244.8,UPI,CANCELLED,App,
ORD000784,2026-09-11 12:47:07,C00195,S10,P0147,1,242.0,20,193.6,Card,DELIVERED,App,26
ORD001599,2026-09-21 07:23:17,C00175,S05,P0101,1,248.0,15,210.8,Cash on Delivery,DELIVERED,App,17
ORD001651,2026-09-21 19:26:26,C00313,S10,P0049,2,152.0,10,273.6,UPI,DELIVERED,App,26
ORD000214,2026-09-03 19:33:36,C00105,S14,P0057,2,820.0,0,1640.0,UPI,DELIVERED,App,12
ORD001471,2026-09-19 17:14:45,C00298,S07,P0031,1,244.0,20,195.2,UPI,DELIVERED,App,23
ORD002210,2026-09-28 17:54:29,C00098,S07,P0089,2,492.0,0,984.0,UPI,DELIVERED,Web,8
ORD000588,2026-09-08 21:04:51,C00019,S06,P0145,4,315.0,15,1071.0,Wallet,DELIVERED,Web,27
ORD001879,2026-09-24 15:49:47,C00152,S11,P0031,2,244.0,15,414.8,UPI,DELIVERED,App,30
ORD001278,2026-09-17 12:00:27,C00092,S01,P0018,1,186.0,10,167.4,UPI,DELIVERED,App,20
ORD001018,2026-09-14 09:44:24,C00205,S08,P0056,1,663.0,0,663.0,Card,DELIVERED,App,12
ORD002139,2026-09-27 18:36:16,C00151,S13,P0115,2,628.0,0,1256.0,UPI,DELIVERED,App,20
ORD000845,2026-09-12 09:30:35,C00238,S12,P0101,2,248.0,5,4712.0,UPI,DELIVERED,Web,20
ORD001072,2026-09-14 20:18:46,C00262,S11,P0033,2,198.0,0,396.0,Card,DELIVERED,App,8
ORD000966,2026-09-13 15:40:24,C00149,S14,P0041,1,444.0,20,355.2,Cash on Delivery,DELIVERED,App,33
ORD001616,2026-09-21 11:29:59,C00222,S07,P0103,1,300.0,0,300.0,UPI,DELIVERED,App,24
ORD001702,2026-09-22 13:17:39,C00217,S09,P0140,1,364.0,0,364.0,UPI,DELIVERED,App,19
ORD000788,2026-09-11 14:02:24,C00087,S15,P0066,1,209.0,5,198.55,Card,DELIVERED,Web,23
ORD002169,2026-09-28 08:20:59,C00158,S14,P0092,1,297.0,0,297.0,UPI,CANCELLED,App,
ORD000922,2026-09-13 07:07:35,C00112,S02,P0099,1,303.0,20,242.4,Card,DELIVERED,App,19
ORD002372,2026-09-30 18:13:57,C00338,S14,P0030,4,50.0,0,200.0,Wallet,CANCELLED,App,
ORD000359,2026-09-06 06:06:17,C00284,S15,P0138,2,507.0,20,811.2,Card,DELIVERED,App,12
ORD000594,2026-09-08 23:18:21,C00138,S11,P0147,1,242.0,10,217.8,UPI,DELIVERED,App,32
ORD001692,2026-09-22 10:27:56,C00032,S10,P0145,1,315.0,15,267.75,UPI,DELIVERED,Web,29
ORD000823,2026-09-11 22:58:55,C00382,S03,P0038,2,389.0,10,700.2,Cash on Delivery,DELIVERED,App,34
ORD000933,2026-09-13 09:57:16,C00348,S15,P0078,2,399.0,0,798.0,UPI,DELIVERED,App,29
ORD000706,2026-09-10 12:26:11,C00135,S04,P0105,3,109.0,0,327.0,Card,DELIVERED,Web,19
ORD000086,2026-09-02 08:31:43,C00168,S03,P0007,5,93.0,5,441.75,UPI,DELIVERED,App,32
ORD000098,2026-09-02 11:38:39,C00221,S07,P0016,1,224.0,15,190.4,Cash on Delivery,CANCELLED,App,
ORD000542,2026-09-08 10:49:04,C00350,S15,P0006,2,197.0,10,354.6,Cash on Delivery,DELIVERED,Web,10
ORD000641,2026-09-09 16:48:22,C00314,S01,P0103,1,300.0,20,240.0,UPI,DELIVERED,App,22
ORD000974,2026-09-13 17:37:59,C00236,S14,P0028,3,76.0,0,228.0,Card,DELIVERED,App,28
ORD001408,2026-09-19 06:28:17,C00303,S05,P0122,1,315.0,10,283.5,UPI,DELIVERED,App,27
ORD000231,2026-09-04 06:21:15,C00226,S13,P0056,4,663.0,15,2254.2,UPI,DELIVERED,App,23
ORD001578,2026-09-20 20:00:16,C00169,S09,P0105,2,109.0,5,207.1,UPI,DELIVERED,App,28
ORD000973,2026-09-13 17:28:39,C00082,S04,P0086,1,23.0,0,23.0,Card,CANCELLED,App,
ORD001481,2026-09-19 18:37:59,C00203,S03,P0017,5,120.0,0,600.0,Card,DELIVERED,App,20
ORD002294,2026-09-29 19:44:40,C00128,S12,P0073,3,279.0,5,795.15,UPI,DELIVERED,App,8
ORD002278,2026-09-29 16:50:24,C00391,S03,P0122,3,315.0,20,756.0,UPI,DELIVERED,App,22
ORD001553,2026-09-20 14:33:20,C00252,S13,P0112,4,183.0,0,732.0,Wallet,DELIVERED,App,29
ORD001931,2026-09-25 09:26:53,C00073,S08,P0023,5,222.0,20,888.0,UPI,DELIVERED,App,25
ORD000486,2026-09-07 15:35:46,C00340,S10,P0059,2,883.0,0,1766.0,Wallet,DELIVERED,App,24
ORD001296,2026-09-17 16:07:59,C00305,S03,P0046,-2,197.0,0,-394.0,UPI,DELIVERED,App,35
ORD002336,2026-09-30 10:28:40,C00161,S02,P0098,2,93.0,10,167.4,Wallet,DELIVERED,App,14
ORD000935,2026-09-13 10:28:14,C00093,S08,P0112,1,183.0,5,173.85,UPI,DELIVERED,Web,14
ORD001014,2026-09-14 08:32:22,C00283,S08,P0009,1,111.0,0,111.0,UPI,CANCELLED,App,
ORD000241,2026-09-04 11:05:18,C00016,S10,P0022,1,46.0,0,46.0,UPI,DELIVERED,App,32
ORD002209,2026-09-28 16:53:43,C00009,S08,P0026,1,205.0,0,205.0,Cash on Delivery,DELIVERED,App,13
ORD001482,2026-09-19 18:48:26,C00210,S06,P0002,3,105.0,5,299.25,Card,DELIVERED,App,22
ORD001955,2026-09-25 14:11:07,C00400,S09,P0116,1,450.0,10,405.0,UPI,DELIVERED,App,29
ORD002261,2026-09-29 11:50:35,C00301,S03,P0112,1,183.0,20,146.4,Cash on Delivery,DELIVERED,App,11
ORD001301,2026-09-17 17:01:28,C00036,S02,P0038,3,389.0,15,991.95,UPI,DELIVERED,App,32
ORD000861,2026-09-12 13:58:23,C00037,S01,P0146,1,337.0,0,337.0,UPI,DELIVERED,Web,26
ORD000964,2026-09-13 15:34:18,C00062,S07,P0073,3,279.0,0,8370.0,Cash on Delivery,DELIVERED,Web,10
ORD001371,2026-09-18 16:17:43,C00326,S15,P0039,1,380.0,10,342.0,Wallet,DELIVERED,App,23
ORD000360,2026-09-06 06:38:06,C00087,S02,P0046,1,197.0,10,177.3,Card,DELIVERED,App,16
ORD001583,2026-09-20 21:01:43,C00366,S13,P0145,1,315.0,15,267.75,UPI,DELIVERED,App,19
ORD001459,2026-09-19 14:49:06,C00266,S15,P0060,-3,531.0,0,-1593.0,UPI,DELIVERED,App,21
ORD000674,2026-09-10 06:16:53,C00319,S01,P0055,1,684.0,0,684.0,UPI,DELIVERED,App,24
ORD000824,2026-09-11 23:08:52,C00106,S03,P0046,1,197.0,5,187.15,Cash on Delivery,DELIVERED,App,28
ORD001205,2026-09-16 13:59:49,C00218,S13,P0037,2,143.0,5,271.7,UPI,DELIVERED,App,31
ORD000094,2026-09-02 10:56:29,C00287,S11,P0027,1,448.0,10,403.2,Card,DELIVERED,App,11
ORD002019,2026-09-26 09:36:06,,S12,P0031,5,244.0,0,1220.0,Wallet,DELIVERED,App,20
ORD000593,2026-09-08 22:14:49,C00115,S06,P0016,1,224.0,10,201.6,UPI,DELIVERED,App,15
ORD000284,2026-09-04 23:30:25,C00266,S03,P0149,2,144.0,20,230.4,UPI,DELIVERED,App,12
ORD000745,2026-09-10 20:37:23,C00252,S06,P0113,1,445.0,0,445.0,Card,DELIVERED,App,32
ORD000534,2026-13-05 11:00:00,C00043,S15,P0073,4,279.0,0,1116.0,UPI,DELIVERED,App,21
ORD001843,2026-09-24 07:23:25,C00064,S02,P0131,2,336.0,5,638.4,UPI,DELIVERED,App,34
ORD001954,2026-09-25 14:08:35,C00139,S02,P0093,1,492.0,0,492.0,Cash on Delivery,DELIVERED,App,10
ORD001967,2026-09-25 16:06:28,C00095,S06,P0070,1,792.0,10,712.8,Card,DELIVERED,Web,28
ORD001416,2026-09-19 07:58:59,C00302,S15,P0081,3,10.0,10,27.0,Card,DELIVERED,App,17
ORD002246,2026-09-29 08:52:55,C00165,S12,P0007,1,93.0,15,79.05,UPI,DELIVERED,Web,32
ORD001492,2026-09-19 20:39:41,C00142,S17,P0049,3,152.0,20,364.8,UPI,DELIVERED,Web,31
ORD001869,2026-09-24 14:06:44,C00032,S07,P0135,4,248.0,20,793.6,Card,DELIVERED,App,31
ORD000097,2026-09-02 11:34:17,C00027,S08,P0103,1,300.0,15,255.0,UPI,DELIVERED,App,32
ORD001536,2026-09-20 10:56:19,C00109,S05,P0125,1,609.0,10,548.1,UPI,DELIVERED,App,16
ORD000361,2026-09-06 06:38:41,C00127,S06,P0048,2,159.0,15,270.3,UPI,DELIVERED,App,27
ORD001926,2026-09-25 08:02:49,C00063,S12,P0091,1,468.0,5,444.6,Card,DELIVERED,App,9
ORD001060,2026-09-14 18:36:10,C00044,S05,P0096,1,395.0,0,395.0,UPI,DELIVERED,App,26
ORD000034,2026-09-01 11:57:10,C00283,S02,P0020,2,55.0,0,110.0,Card,DELIVERED,Web,11
ORD001881,2026-09-24 16:11:34,C00332,S04,P0052,1,299.0,5,284.05,Wallet,DELIVERED,App,12
ORD002338,2026-09-30 10:42:28,C00397,S12,P0060,1,531.0,5,504.45,UPI,CANCELLED,App,
ORD000411,2026-09-06 16:48:06,C00202,S08,P0033,3,198.0,15,504.9,Wallet,CANCELLED,App,
ORD000897,2026-09-12 20:37:36,C00344,S10,P0047,1,304.0,0,304.0,UPI,RETURNED,App,10
ORD000038,2026-09-01 12:46:47,C00272,S09,P0091,2,468.0,20,748.8,UPI,DELIVERED,App,25
ORD001861,2026-09-24 12:29:32,C00309,S01,P0017,1,120.0,0,120.0,Card,DELIVERED,App,24
ORD001100,2026-09-15 07:32:10,C00141,S07,P0031,1,244.0,10,219.6,UPI,DELIVERED,App,8
ORD000171,2026-09-03 09:08:40,C00099,S12,P0031,1,244.0,15,207.4,UPI,DELIVERED,App,25
ORD001840,2026-09-24 06:35:30,C00221,S12,P0014,1,108.0,5,102.6,UPI,DELIVERED,App,22
ORD000442,2026-09-07 06:09:50,C00237,S03,P0132,1,497.0,0,497.0,UPI,CANCELLED,App,
ORD002144,2026-09-27 20:17:20,C00011,S04,P0067,2,339.0,15,576.3,UPI,DELIVERED,App,25
ORD001768,2026-09-23 12:31:18,C00237,S01,P0096,2,395.0,5,750.5,UPI,DELIVERED,App,11
ORD001208,2026-09-16 15:24:38,C00331,S09,P0048,3,159.0,0,477.0,UPI,DELIVERED,App,30
ORD000798,2026-09-11 17:01:33,C00355,S04,P0018,1,186.0,0,186.0,UPI,DELIVERED,App,30
ORD000740,2026-09-10 20:16:01,C00286,S02,P0131,2,336.0,5,638.4,Wallet,DELIVERED,App,9
ORD001184,2026-09-16 09:53:23,C00072,S02,P0027,1,448.0,0,448.0,Wallet,DELIVERED,Web,31
ORD000012,2026-09-01 08:14:49,C00147,S11,P0099,1,303.0,15,257.55,UPI,DELIVERED,App,31
ORD000203,2026-09-03 17:05:51,C00240,S09,P0136,4,360.0,20,1152.0,UPI,DELIVERED,App,12
ORD001007,2026-09-14 06:35:30,C00214,S15,P0040,1,230.0,0,230.0,UPI,DELIVERED,App,31
ORD002283,2026-09-29 17:33:00,C00034,S04,P0104,1,525.0,15,446.25,Cash on Delivery,DELIVERED,App,31
ORD002364,2026-09-30 15:38:12,C00053,S02,P0052,3,299.0,0,897.0,Wallet,DELIVERED,App,11
ORD000867,2026-09-12 15:43:47,C00290,S13,P0090,-1,527.0,5,-500.65,UPI,DELIVERED,App,29
ORD000726,2026-09-10 16:09:51,C00251,S10,P0022,1,46.0,0,46.0,UPI,DELIVERED,App,27
ORD001815,2026-09-23 21:19:25,C00015,S02,P0035,3,67.0,10,180.9,UPI,DELIVERED,App,11
ORD001123,2026-09-15 12:37:59,C00271,S14,P0038,1,389.0,0,389.0,Wallet,DELIVERED,App,32
ORD000137,2026-09-02 19:35:44,C00025,S05,P0126,3,416.0,15,1060.8,UPI,DELIVERED,App,22
ORD001050,2026-09-14 16:34:24,C00164,S06,P0122,4,315.0,0,1260.0,Cash on Delivery,DELIVERED,App,35
ORD001716,2026-09-22 16:33:09,C00126,S04,P0134,2,219.0,20,350.4,Cash on Delivery,DELIVERED,App,16
ORD001733,2026-09-22 21:11:47,C00360,S07,P0005,5,167.0,20,668.0,UPI,DELIVERED,App,34
ORD001691,2026-09-22 09:46:24,C00267,S15,P0076,2,11.0,15,18.7,Card,DELIVERED,Web,24
ORD000916,2026-09-12 23:45:06,C00119,S08,P0116,1,450.0,0,450.0,UPI,DELIVERED,App,28
ORD000493,2026-09-07 16:26:28,C00238,S08,P0015,2,218.0,10,392.4,Card,DELIVERED,App,13
ORD001231,2026-09-16 19:40:31,C00283,S04,P0129,1,666.0,5,632.7,UPI,DELIVERED,App,16
ORD000551,2026-09-08 13:06:34,C00190,S08,P0019,2,220.0,0,440.0,Card,DELIVERED,App,30
ORD001856,2026-09-24 10:29:46,C00330,S03,P0053,1,609.0,15,517.65,UPI,DELIVERED,App,10
ORD001097,2026-09-15 06:44:13,C00382,S11,P0099,2,303.0,0,606.0,Card,DELIVERED,App,20
ORD001452,2026-09-19 13:45:37,C00241,S15,P0061,3,819.0,0,2457.0,UPI,DELIVERED,App,11
ORD001448,2026-09-19 13:19:34,C00375,S01,P0147,1,242.0,15,205.7,Wallet,DELIVERED,Web,10
ORD001022,2026-09-14 10:18:19,C00216,S03,P0100,2,220.0,5,418.0,UPI,DELIVERED,App,34
ORD001429,2026-09-19 10:03:15,C00217,S06,P0130,3,406.0,10,1096.2,UPI,DELIVERED,App,14
ORD001538,2026-09-20 11:24:03,C00057,S11,P0002,1,105.0,0,105.0,Cash on Delivery,DELIVERED,App,34
ORD000552,2026-09-08 13:34:24,C00321,S14,P0024,2,36.0,0,72.0,UPI,DELIVERED,App,27
ORD001834,2026-09-23 23:25:14,C00107,S12,P0147,2,242.0,0,484.0,Cash on Delivery,DELIVERED,App,15
ORD002161,2026-09-28 06:36:42,C00193,S03,P0084,5,288.0,0,1440.0,UPI,DELIVERED,App,14
ORD000807,2026-09-11 18:06:29,C00269,S15,P0129,3,666.0,20,1598.4,UPI,DELIVERED,Web,14
ORD001542,2026-09-20 12:17:26,C00275,S12,P0118,2,217.0,0,434.0,Card,DELIVERED,App,21
ORD002048,2026-09-26 14:36:02,C00271,S06,P0126,2,416.0,15,707.2,UPI,DELIVERED,App,30
ORD000159,2026-09-03 07:03:46,C00302,S04,P0010,2,77.0,10,138.6,upi,DELIVERED,App,11
ORD002199,2026-09-28 15:19:19,C00133,S12,P0040,1,230.0,0,230.0,Card,DELIVERED,App,25
ORD000563,2026-09-08 16:55:58,C00140,S09,P0039,1,380.0,0,380.0,UPI,DELIVERED,App,22
ORD000876,2026-09-12 17:29:55,C00343,S14,P0129,1,666.0,0,666.0,UPI,DELIVERED,App,12
ORD001147,2026-09-15 18:43:13,C00362,S04,P0037,1,143.0,0,143.0,Wallet,DELIVERED,App,25
ORD000143,2026-09-02 20:36:26,C00349,S15,P0057,2,820.0,5,1558.0,UPI,DELIVERED,App,29
ORD000989,2026-09-13 19:53:43,C00083,S10,P0093,3,492.0,20,1180.8,UPI,RETURNED,App,10
ORD000387,2026-09-06 10:34:59,C00088,S13,P0048,1,159.0,0,159.0,UPI,DELIVERED,App,24
ORD000461,2026-09-07 09:31:20,C00096,S15,P0079,5,227.0,10,1021.5,UPI,DELIVERED,App,34
ORD001096,2026-09-15 06:34:27,C00150,S03,P0079,2,227.0,0,454.0,UPI,DELIVERED,App,26
ORD000004,2026-09-01 07:05:08,C00016,S02,P0144,1,666.0,0,666.0,Card,DELIVERED,App,13
ORD002233,2026-09-28 23:43:33,C00340,S09,P0046,1,197.0,0,197.0,Card,CANCELLED,App,
ORD001896,2026-09-24 19:08:24,C00232,S14,P0088,1,277.0,0,277.0,UPI,DELIVERED,App,30
ORD000362,,C00114,S15,P0106,3,380.0,15,969.0,UPI,DELIVERED,App,26
ORD001924,2026-09-25 07:41:37,C00297,S09,P0110,2,42.0,0,84.0,UPI,DELIVERED,App,31
ORD002249,2026-09-29 09:11:58,C00386,S01,P0092,1,297.0,5,282.15,UPI,DELIVERED,App,26
ORD000421,2026-09-06 18:54:04,C00179,S08,P0058,1,292.0,5,277.4,UPI,DELIVERED,App,34
ORD000395,2026-09-06 12:07:31,C00108,S02,P0092,2,297.0,0,594.0,Cash on Delivery,DELIVERED,App,16
ORD000413,2026-09-06 17:11:33,C00082,S04,P0097,5,302.0,0,1510.0,Card,DELIVERED,App,34
ORD000227,2026-09-03 23:59:25,C00062,S08,P0067,1,339.0,0,339.0,Wallet,DELIVERED,Web,24
ORD000019,2026-09-01 09:40:54,C00297,S10,P0111,5,169.0,20,676.0,Card,DELIVERED,Web,9
ORD002158,2026-09-27 23:15:56,C00164,S07,P0030,3,50.0,0,150.0,UPI,DELIVERED,App,32
ORD000007,2026-09-01 07:34:59,C00253,S11,P0086,4,23.0,0,92.0,Card,DELIVERED,App,29
ORD001794,2026-09-23 18:25:25,C00138,S08,P0026,1,205.0,20,164.0,UPI,DELIVERED,App,19
ORD001316,2026-09-17 19:41:18,C00069,S04,P0111,1,169.0,0,169.0,UPI,DELIVERED,App,11
ORD001493,2026-09-19 20:44:30,C00265,S01,P0043,2,437.0,0,874.0,Card,DELIVERED,App,32
ORD001349,2026-09-18 10:56:08,C00373,S07,P0006,1,197.0,20,157.6,Cash on Delivery,DELIVERED,App,20
ORD000483,2026-09-07 14:19:43,C00261,S13,P0073,1,279.0,10,251.1,Card,DELIVERED,App,30
ORD001188,2026-09-16 10:51:02,C00060,S10,P0053,1,609.0,0,609.0,Wallet,DELIVERED,App,17
ORD000318,2026-09-05 12:24:22,C00125,S08,P0049,3,152.0,20,364.8,UPI,CANCELLED,App,
ORD000475,2026-09-07 12:54:52,C00109,S13,P0037,2,143.0,10,257.4,Card,DELIVERED,App,35
ORD001044,2026-09-14 15:13:08,C00196,S02,P0034,2,205.0,10,369.0,UPI,DELIVERED,App,25
ORD001776,2026-09-23 14:33:01,C00342,S01,P0051,2,283.0,20,452.8,Card,RETURNED,Web,29
ORD000817,2026-09-11 20:30:21,C00082,S15,P0045,1,387.0,0,387.0,Cash on Delivery,DELIVERED,App,11
ORD001547,2026-09-20 12:58:53,C00177,S04,P0002,2,105.0,15,178.5,Wallet,DELIVERED,App,34
ORD001329,2026-09-17 23:30:02,C00307,S12,P0044,1,228.0,15,193.8,Card,DELIVERED,App,31
ORD000899,2026-09-12 21:26:57,C00129,S10,P0009,1,111.0,15,94.35,UPI,DELIVERED,App,9
ORD000756,2026-09-10 23:46:02,C00234,S10,P0022,1,46.0,0,46.0,Card,DELIVERED,App,34
ORD000900,2026-09-12 21:42:59,C00280,S14,P0035,1,67.0,20,53.6,UPI,DELIVERED,App,35
ORD002054,2026-09-26 15:17:43,C00074,S01,P0093,1,492.0,10,442.8,UPI,DELIVERED,App,32
ORD000320,2026-09-05 12:28:09,C00267,S05,P0071,3,336.0,0,1008.0,UPI,DELIVERED,App,27
ORD000944,2026-09-13 11:46:04,C00352,S14,P0142,2,115.0,15,195.5,UPI,DELIVERED,App,35
ORD000703,2026-09-10 12:01:02,C00173,S13,P0008,4,150.0,0,600.0,Wallet,DELIVERED,App,25
ORD001363,2026-09-18 13:56:05,C00328,S10,P0061,5,819.0,0,4095.0,Card,DELIVERED,App,19
ORD001238,2026-09-16 21:18:18,C00141,S07,P0026,5,205.0,5,973.75,UPI,DELIVERED,App,22
ORD000297,2026-09-05 07:07:46,C00154,S14,P0053,1,609.0,20,487.2,Card,DELIVERED,App,10
ORD002164,2026-09-28 07:18:10,C00048,S12,P0039,2,380.0,0,760.0,UPI,DELIVERED,App,29
ORD000450,2026-09-07 07:37:07,C00015,S03,P0043,1,437.0,15,371.45,UPI,DELIVERED,App,16
ORD000901,2026-09-12 22:00:22,C00049,S06,P0089,2,492.0,0,984.0,Cash on Delivery,DELIVERED,App,16
ORD002003,2026-09-26 06:09:16,C00064,S11,P0077,5,369.0,20,1476.0,Card,DELIVERED,App,13
ORD000571,2026-09-08 17:48:36,C00080,S07,P0128,2,211.0,0,422.0,Cash on Delivery,DELIVERED,App,32
ORD002346,2026-09-30 12:07:58,C00058,S02,P0008,4,150.0,5,570.0,Card,DELIVERED,App,26
ORD000330,2026-09-05 16:04:11,C00379,S14,P0148,1,105.0,10,94.5,Wallet,DELIVERED,Web,20
ORD000617,2026-09-09 11:01:25,C00393,S02,P0071,3,336.0,15,856.8,UPI,DELIVERED,App,23
ORD002262,2026-09-29 11:56:29,,S12,P0004,1,188.0,5,178.6,Wallet,DELIVERED,App,12
ORD000235,2026-09-04 08:20:11,C00117,S14,P0110,1,42.0,0,42.0,Cash on Delivery,DELIVERED,App,34
ORD000191,2026-09-03 13:49:26,C00043,S03,P0101,1,248.0,15,210.8,Wallet,DELIVERED,App,21
ORD001609,2026-09-21 10:25:23,C00089,S03,P0004,1,188.0,20,150.4,Card,DELIVERED,App,11
ORD002001,2026-09-25 23:50:42,C00345,S09,P0020,1,55.0,0,55.0,UPI,DELIVERED,App,33
ORD001828,2026-09-23 22:51:17,C00393,S04,P0028,2,76.0,0,152.0,UPI,DELIVERED,Web,8
ORD000220,2026-09-03 22:08:44,C00323,S01,P0067,2,339.0,10,610.2,UPI,DELIVERED,Web,31
ORD001389,2026-09-18 19:34:31,C00299,S02,P0103,1,300.0,0,300.0,UPI,DELIVERED,App,25
ORD001626,2026-09-21 13:40:22,C00119,S15,P0124,2,483.0,0,966.0,UPI,DELIVERED,App,33
ORD001512,2026-09-20 06:13:43,C00049,S04,P0047,1,304.0,15,258.4,Wallet,DELIVERED,App,10
ORD000889,2026-09-12 19:36:34,C00373,S11,P0019,1,220.0,15,187.0,UPI,DELIVERED,App,14
ORD000598,2026-09-08 23:54:39,C00322,S08,P0148,3,105.0,10,283.5,Wallet,CANCELLED,App,
ORD000296,2026-09-05 07:00:30,C00188,S11,P0046,1,197.0,0,197.0,Card,RETURNED,App,19
ORD001128,2026-09-15 13:35:26,C00036,S15,P0075,5,157.0,5,745.75,Cash on Delivery,DELIVERED,App,29
ORD001705,2026-09-22 14:07:26,C00066,S06,P0126,2,416.0,20,665.6,Cash on Delivery,DELIVERED,App,20
ORD002243,2026-09-29 08:20:38,C00344,S11,P0077,3,369.0,5,1051.65,Cash on Delivery,DELIVERED,App,34
ORD000528,2026-09-08 08:43:07,C00227,S01,P0101,1,248.0,10,223.2,UPI,DELIVERED,App,28
ORD000225,2026-09-03 23:19:40,C00316,S10,P0025,5,238.0,15,1011.5,Cash on Delivery,DELIVERED,Web,19
ORD000941,2026-09-13 10:58:36,C00190,S07,P0140,4,364.0,20,1164.8,UPI,DELIVERED,Web,10
ORD000448,2026-09-07 07:17:51,C00285,S09,P0101,2,248.0,5,471.2,UPI,CANCELLED,Web,
ORD001152,2026-09-15 19:48:19,C00286,S14,P0034,1,205.0,20,164.0,Wallet,DELIVERED,App,24
ORD000223,2026-09-03 22:49:31,C00259,S05,P0120,1,344.0,15,292.4,UPI,DELIVERED,App,25
ORD001740,2026-09-22 22:50:10,C00051,S11,P0052,4,299.0,15,1016.6,UPI,DELIVERED,App,15
ORD000622,2026-09-09 12:30:23,C00224,S15,P0027,4,448.0,15,1523.2,Card,DELIVERED,App,24
ORD001098,2026-09-15 07:16:41,C00280,S14,P0144,1,666.0,15,566.1,UPI,DELIVERED,App,8
ORD001511,2026-09-20 06:07:19,C00092,S08,P0146,2,337.0,20,539.2,UPI,DELIVERED,App,22
ORD002371,2026-09-30 18:11:25,C00398,S02,P0117,1,77.0,5,73.15,UPI,DELIVERED,App,12
ORD002302,2026-09-29 21:14:05,C00392,S01,P0048,1,159.0,15,135.15,UPI,DELIVERED,App,26
ORD000376,2026-09-06 08:10:12,C00008,S06,P0126,2,416.0,15,707.2,Wallet,DELIVERED,App,14
ORD001687,2026-09-22 08:52:57,C00181,S06,P0068,2,649.0,5,1233.1,UPI,DELIVERED,App,20
ORD002149,2026-09-27 21:33:46,,S07,P0146,3,337.0,0,1011.0,UPI,DELIVERED,App,12
ORD001086,2026-09-14 22:59:08,C00183,S15,P0039,2,380.0,15,646.0,Card,DELIVERED,App,33
ORD001382,2026-09-18 18:31:46,C00172,S11,P0022,2,46.0,5,87.4,Card,DELIVERED,App,17
ORD000953,2026-09-13 14:15:20,C00113,S08,P0005,3,167.0,0,501.0,UPI,DELIVERED,App,21
ORD000728,2026-09-10 16:27:32,C00136,S11,P0006,1,197.0,5,187.15,Card,DELIVERED,App,21
ORD000971,2026-09-13 17:10:44,C00113,S14,P0110,1,42.0,0,42.0,Cash on Delivery,DELIVERED,App,12
ORD000055,2026-09-01 17:48:18,C00372,S06,P0102,2,369.0,0,738.0,Wallet,DELIVERED,App,11
ORD002070,2026-09-26 19:04:09,C00129,S04,P0029,4,260.0,0,1040.0,Card,DELIVERED,Web,18
ORD000525,2026-09-08 08:42:12,C00050,S01,P0124,2,483.0,0,966.0,UPI,DELIVERED,App,14
ORD002230,2026-09-28 22:38:42,C00387,S02,P0027,2,448.0,5,851.2,Wallet,DELIVERED,App,27
ORD002074,2026-09-26 20:23:21,C00234,S05,P0131,1,336.0,0,336.0,Card,DELIVERED,App,12
ORD001754,2026-09-23 08:00:27,C00165,S11,P0060,1,531.0,15,451.35,UPI,DELIVERED,App,14
ORD001116,2026-09-15 10:21:18,C00365,S13,P0093,2,492.0,5,934.8,Card,DELIVERED,App,27
ORD001360,2026-09-18 12:54:24,C00065,S09,P0109,1,203.0,0,203.0,Card,DELIVERED,App,11
ORD001087,2026-09-14 22:59:46,C00347,S15,P0035,1,67.0,10,60.3,UPI,DELIVERED,App,8
ORD002390,2026-09-30 22:43:34,C00233,S04,P0068,1,649.0,0,649.0,UPI,DELIVERED,App,18
ORD000752,2026-09-10 22:06:09,C00286,S11,P0073,1,279.0,0,279.0,UPI,DELIVERED,App,18
ORD001571,2026-09-20 18:34:47,C00014,S14,P0108,1,161.0,5,152.95,UPI,DELIVERED,App,25
ORD001069,2026-09-14 19:56:54,C00042,S10,P0122,4,315.0,15,1071.0,UPI,DELIVERED,App,24
ORD002367,2026-09-30 15:56:38,,S11,P0135,1,248.0,10,223.2,UPI,DELIVERED,Web,10
ORD000735,2026-09-10 18:52:01,C00188,S08,P0028,2,76.0,0,152.0,Card,DELIVERED,App,14
ORD000565,2026-09-08 17:04:02,C00177,S14,P0040,3,230.0,15,586.5,Wallet,DELIVERED,App,31
ORD001397,2026-09-18 21:08:14,C00004,S13,P0040,1,230.0,0,230.0,UPI,DELIVERED,App,11
ORD000365,2026-09-06 07:00:50,C00134,S13,P0128,2,211.0,0,422.0,UPI,CANCELLED,App,
ORD000718,2026-09-10 14:55:34,C00159,S11,P0064,1,620.0,15,527.0,UPI,DELIVERED,Web,13
ORD001391,2026-09-18 19:51:58,C00026,S14,P0013,2,164.0,0,328.0,Cash on Delivery,DELIVERED,App,9
ORD001042,2026-09-14 14:44:51,C00309,S10,P0070,2,792.0,15,1346.4,Card,DELIVERED,App,23
ORD001241,2026-09-16 21:46:51,C00366,S06,P0063,5,729.0,0,3645.0,Card,DELIVERED,Web,24
ORD002375,2026-09-30 18:33:42,C00353,S13,P0101,1,248.0,0,248.0,Wallet,DELIVERED,App,28
ORD000509,2026-09-07 21:32:42,C00256,S06,P0054,3,849.0,0,2547.0,UPI,DELIVERED,Web,27
ORD001000,2026-09-13 23:02:47,C00150,S03,P0019,4,220.0,10,792.0,UPI,DELIVERED,App,14
ORD002195,2026-09-28 14:12:32,C00086,S01,P0072,5,396.0,0,1980.0,Card,DELIVERED,App,16
ORD001362,2026-09-18 13:49:29,C00248,S07,P0097,1,302.0,10,271.8,Card,DELIVERED,App,10
ORD002159,2026-09-27 23:51:44,C00223,S08,P0068,1,649.0,0,649.0,Card,CANCELLED,App,
ORD002277,2026-09-29 16:43:00,C00212,S14,P0009,1,111.0,0,111.0,UPI,DELIVERED,App,16
ORD001161,2026-09-15 21:16:39,C00082,S15,P0047,1,304.0,15,258.4,Card,DELIVERED,App,15
ORD000649,2026-09-09 19:49:29,C00053,S01,P0120,1,344.0,0,344.0,UPI,DELIVERED,App,24
ORD002398,2026-09-30 23:32:04,C00354,S12,P0023,2,222.0,0,444.0,Card,DELIVERED,App,26
ORD001062,2026-09-14 18:45:18,C00345,S01,P0146,1,337.0,10,303.3,UPI,DELIVERED,Web,15
ORD000765,2026-09-11 08:44:45,C00301,S11,P0060,1,531.0,15,451.35,UPI,DELIVERED,App,9
ORD001814,2026-09-23 21:15:47,C00304,S12,P0098,2,93.0,5,176.7,UPI,DELIVERED,App,23
ORD001275,2026-09-17 11:21:20,C00326,S17,P0058,2,292.0,15,496.4,Cash on Delivery,DELIVERED,App,12
ORD000026,2026-09-01 10:49:41,C00245,S14,P0038,1,389.0,5,369.55,UPI,DELIVERED,App,31
ORD002013,2026-09-26 08:31:10,C00178,S06,P0009,1,111.0,0,111.0,Card,DELIVERED,App,20
ORD001305,2026-09-17 17:52:33,C00244,S15,P0147,1,242.0,0,242.0,Card,DELIVERED,App,11
ORD001744,2026-09-22 23:54:18,C00040,S12,P0018,1,186.0,0,186.0,UPI,DELIVERED,App,26
ORD000631,2026-09-09 14:01:43,C00180,S02,P0091,2,468.0,0,936.0,UPI,DELIVERED,App,24
ORD002083,2026-09-26 22:17:21,C00264,S03,P0080,3,518.0,15,1320.9,UPI,DELIVERED,App,13
ORD000443,2026-09-07 06:11:53,C00071,S07,P0068,4,649.0,0,2596.0,Card,DELIVERED,Web,18
ORD001747,2026-09-23 06:46:03,C00176,S07,P0017,2,120.0,0,240.0,UPI,CANCELLED,App,
ORD001793,2026-09-23 18:21:30,C00306,S02,P0128,1,211.0,0,211.0,Wallet,DELIVERED,Web,8
ORD000462,2026-09-07 09:54:28,C00303,S04,P0050,-3,449.0,5,-1279.65,Card,DELIVERED,App,29
ORD002086,2026-09-26 22:30:41,C00383,S11,P0058,3,292.0,0,876.0,Card,DELIVERED,Web,21
ORD001681,2026-09-22 07:54:18,C00392,S14,P0062,1,421.0,0,421.0,UPI,DELIVERED,App,16
ORD000805,2026-09-11 17:47:51,C00191,S04,P0093,2,492.0,10,885.6,Card,DELIVERED,App,20
ORD001870,2026-09-24 14:09:09,C00113,S01,P0051,1,283.0,5,268.85,UPI,DELIVERED,App,12
ORD000498,2026-09-07 17:29:09,C00223,S07,P0062,1,421.0,15,357.85,UPI,DELIVERED,App,10
ORD002298,2026-09-29 19:58:53,C00398,S02,P0067,2,339.0,10,305.1,Cash on Delivery,DELIVERED,App,28
ORD000465,2026-09-07 11:03:44,C00304,S10,P0052,1,299.0,5,284.05,Card,DELIVERED,Web,10
ORD002031,2026-09-26 11:03:30,C00223,S03,P0001,3,107.0,0,3210.0,Card,DELIVERED,App,35
ORD001366,2026-09-18 14:35:21,C00124,S03,P0144,1,666.0,0,666.0,Card,DELIVERED,App,28
ORD001774,2026-09-23 14:16:38,C00203,S13,P0006,1,197.0,15,167.45,UPI,DELIVERED,App,24
ORD002360,2026-09-30 14:04:41,C00313,S01,P0044,0,228.0,0,0.0,Card,DELIVERED,App,22
ORD000142,2026-09-02 20:32:39,C00189,S13,P0087,1,49.0,5,46.55,UPI,DELIVERED,App,8
ORD002327,2026-09-30 08:10:51,C00360,S05,P0111,2,169.0,5,321.1,Card,RETURNED,App,21
ORD001848,2026-09-24 08:18:36,C00301,S04,P0115,1,628.0,10,565.2,UPI,DELIVERED,Web,26
ORD000556,2026-09-08 15:00:02,C00226,S08,P0027,2,448.0,15,761.6,UPI,DELIVERED,App,10
ORD000639,2026-09-09 16:06:22,C00225,S04,P0073,1,279.0,0,279.0,Cash on Delivery,DELIVERED,App,16
ORD001849,2026-09-24 08:56:35,C00054,S01,P0123,4,629.0,0,2516.0,UPI,DELIVERED,App,19
ORD001543,2026-09-20 12:36:02,C00073,S14,P0120,1,344.0,15,292.4,Wallet,DELIVERED,App,28
ORD000627,2026-09-09 13:12:35,C00145,S08,P0087,3,49.0,0,147.0,Wallet,DELIVERED,App,19
ORD002087,2026-09-26 22:49:58,C00211,S03,P0068,2,649.0,0,1298.0,UPI,DELIVERED,App,28
ORD001942,2026-09-25 12:03:27,C00305,S10,P0103,3,300.0,0,900.0,UPI,DELIVERED,Web,35
ORD001655,2026-09-21 20:29:58,C00149,S08,P0137,3,168.0,0,504.0,Card,DELIVERED,App,22
ORD000587,2026-09-08 20:57:58,C00213,S08,P0118,2,217.0,0,434.0,Wallet,DELIVERED,App,10
ORD000569,2026-09-08 17:42:25,C00052,S01,P0097,2,302.0,0,604.0,UPI,DELIVERED,App,31
ORD002205,2026-09-28 16:14:06,C00326,S15,P0097,1,302.0,15,256.7,UPI,DELIVERED,App,14
ORD001269,2026-09-17 09:54:41,C00240,S10,P0069,1,228.0,0,228.0,UPI,DELIVERED,App,22
ORD001498,2026-09-19 21:44:21,C00379,S12,P0016,1,224.0,10,201.6,UPI,DELIVERED,App,12
ORD002173,2026-09-28 09:43:50,C00087,S15,P0038,1,389.0,5,369.55,UPI,DELIVERED,App,23
ORD000008,2026-09-01 07:41:42,C00316,S08,P0119,4,515.0,0,2060.0,Card,DELIVERED,App,14
ORD001486,2026-09-19 19:47:53,C00136,S14,P0116,1,450.0,20,360.0,UPI,RETURNED,App,17
ORD001343,2026-09-18 08:50:56,C00228,S11,P0020,2,55.0,20,88.0,UPI,DELIVERED,Web,20
ORD001903,2026-09-24 21:02:49,C00144,S10,P0100,2,220.0,15,374.0,Card,DELIVERED,App,9
ORD000169,2026-09-03 08:46:15,C00147,S09,P0024,1,36.0,0,36.0,Wallet,DELIVERED,App,8
ORD002184,2026-09-28 12:44:18,C00033,S08,P0071,1,336.0,10,302.4,Cash on Delivery,DELIVERED,App,31
ORD000985,2026-09-13 19:07:14,C00206,S11,P0055,1,684.0,0,684.0,UPI,DELIVERED,App,22
ORD000071,2026-09-01 21:25:05,C00093,S02,P0039,1,380.0,5,361.0,Wallet,DELIVERED,App,27
ORD000196,2026-09-03 14:26:41,C00155,S03,P0006,1,197.0,0,197.0,UPI,DELIVERED,Web,33
ORD002329,2026-09-30 08:23:05,C00290,S13,P0110,5,42.0,0,210.0,Wallet,DELIVERED,App,21
ORD001817,2026-09-23 21:29:22,C00078,S04,P0040,1,230.0,20,184.0,UPI,DELIVERED,App,31
ORD000280,2026-09-04 23:08:35,C00036,S11,P0085,1,137.0,0,137.0,UPI,DELIVERED,App,18
ORD001990,2026-09-25 20:53:03,C00074,S14,P0105,2,109.0,15,185.3,UPI,DELIVERED,App,14
ORD000211,2026-09-03 17:53:10,C00097,S07,P0058,2,292.0,10,525.6,Card,DELIVERED,App,28
ORD001255,2026-09-17 06:49:02,C00057,S12,P0071,1,336.0,15,285.6,UPI,DELIVERED,App,35
ORD002301,2026-09-29 20:56:26,C00320,S05,P0140,1,364.0,20,291.2,UPI,DELIVERED,App,29
ORD001678,2026-09-22 07:23:34,C00018,S13,P0061,1,819.0,0,819.0,Card,CANCELLED,App,
ORD001584,2026-09-20 21:16:53,C00122,S01,P0028,2,76.0,5,144.4,UPI,RETURNED,Web,33
ORD000148,2026-09-02 22:23:01,C00168,S13,P0145,1,315.0,0,315.0,UPI,CANCELLED,App,
ORD001485,2026-09-19 19:46:25,C00308,S06,P0122,3,315.0,0,945.0,UPI,DELIVERED,App,9
ORD001604,2026-09-21 09:24:44,C00396,S07,P0079,1,227.0,10,204.3,Cash on Delivery,DELIVERED,Web,19
ORD000968,2026-09-13 15:56:39,C00338,S05,P0027,1,448.0,0,448.0,UPI,DELIVERED,Web,29
ORD000114,2026-09-02 16:49:23,C00352,S09,P0061,1,819.0,0,819.0,Wallet,DELIVERED,App,12
ORD000265,2026-09-04 19:29:12,C00072,S14,P0064,1,620.0,5,589.0,UPI,DELIVERED,App,23
ORD000162,2026-09-03 07:57:06,C00105,S06,P0119,5,515.0,0,2575.0,UPI,DELIVERED,App,17
ORD000915,2026-09-12 23:42:11,C00001,S13,P0041,2,444.0,0,888.0,Cash on Delivery,DELIVERED,App,12
ORD001026,2026-09-14 10:28:55,C00045,S07,P0065,1,190.0,20,152.0,UPI,DELIVERED,App,35
ORD001214,2026-09-16 16:09:57,C00277,S07,P0140,1,364.0,0,364.0,Card,DELIVERED,App,20
ORD002117,2026-09-27 12:31:35,C00199,S04,P0061,1,819.0,0,819.0,Cash on Delivery,DELIVERED,App,12
ORD001282,2026-09-17 12:42:47,C00380,S14,P0069,2,228.0,20,364.8,UPI,DELIVERED,Web,19
ORD000264,2026-09-04 19:11:16,C00343,S01,P0126,1,416.0,0,416.0,Card,DELIVERED,App,12
ORD001592,2026-09-20 23:13:26,C00135,S10,P0119,4,515.0,0,2060.0,UPI,DELIVERED,App,24
ORD001946,2026-09-25 13:05:45,C00129,S02,P0041,1,444.0,15,377.4,UPI,DELIVERED,App,12
ORD000778,2026-09-11 11:44:12,C00306,S06,P0118,3,217.0,10,585.9,UPI,DELIVERED,App,28
ORD001134,2026-09-15 16:08:17,C00213,S11,P0082,2,338.0,20,540.8,Cash on Delivery,DELIVERED,App,15
ORD000969,2026-09-13 16:27:43,C00037,S09,P0122,5,315.0,20,1260.0,Card,DELIVERED,App,14
ORD000813,2026-09-11 19:25:51,C00138,S08,P0114,1,505.0,0,505.0,Card,CANCELLED,App,
ORD001850,2026-09-24 09:15:01,C00272,S08,P0118,1,217.0,0,217.0,UPI,DELIVERED,App,25
ORD000537,2026-09-08 10:21:36,C00159,S10,P0027,1,448.0,20,358.4,Card,DELIVERED,Web,14
ORD001600,2026-09-21 07:29:51,C00161,S08,P0147,5,242.0,0,1210.0,UPI,DELIVERED,App,29
ORD000326,2026-09-05 14:32:14,C00088,S13,P0083,1,125.0,0,125.0,Card,DELIVERED,App,
ORD000967,2026-09-13 15:53:35,C00275,S13,P0117,1,77.0,10,69.3,UPI,DELIVERED,App,26
ORD001047,2026-09-14 16:16:24,C00301,S04,P0031,1,244.0,0,244.0,UPI,DELIVERED,App,20
ORD002201,2026-09-28 15:38:32,C00290,S04,P0059,1,883.0,0,883.0,UPI,CANCELLED,App,
ORD001080,2026-09-14 21:07:31,C00148,S12,P0089,1,492.0,5,467.4,UPI,DELIVERED,App,15
ORD001418,2026-09-19 08:20:05,C00212,S03,P0017,1,120.0,5,114.0,Card,DELIVERED,Web,8
ORD001496,2026-09-19 21:32:22,C00035,S08,P0092,2,297.0,10,534.6,UPI,DELIVERED,App,10
ORD002197,2026-09-28 14:36:00,C00089,S01,P0081,1,10.0,15,8.5,UPI,DELIVERED,App,9
ORD000516,2026-09-08 06:00:19,C00039,S14,P0028,2,76.0,10,136.8,UPI,DELIVERED,Web,9
ORD000512,2026-09-07 22:52:40,C00203,S03,P0108,5,161.0,0,805.0,UPI,DELIVERED,App,9
ORD002012,31/09/2026 10:00,C00003,S07,P0138,1,507.0,5,481.65,Card,DELIVERED,Web,16
ORD000679,2026-09-10 07:38:07,C00128,S03,P0092,2,297.0,10,534.6,UPI,DELIVERED,App,31
ORD002075,2026-09-26 20:26:49,C00053,S06,P0025,2,238.0,0,476.0,UPI,DELIVERED,App,11
ORD001658,2026-09-21 20:31:39,C00320,S10,P0137,1,168.0,10,151.2,Wallet,DELIVERED,App,30
ORD001079,2026-09-14 21:00:32,C00214,S14,P0015,1,218.0,10,196.2,Wallet,DELIVERED,App,32
ORD002102,2026-09-27 08:59:53,C00025,S04,P0029,4,260.0,10,936.0,UPI,DELIVERED,App,26
ORD000139,2026-09-02 20:08:46,C00128,S04,P0088,2,277.0,10,498.6,Wallet,DELIVERED,App,14
ORD000240,2026-09-04 10:57:29,C00039,S01,P0128,2,211.0,0,422.0,Cash on Delivery,CANCELLED,App,
ORD002264,2026-09-29 12:04:46,C00376,S12,P0149,2,144.0,0,288.0,Cash on Delivery,DELIVERED,App,8
ORD000415,2026-09-06 17:47:18,C00175,S12,P0096,2,395.0,0,790.0,UPI,DELIVERED,Web,35
ORD000660,2026-09-09 21:55:21,C00006,S11,P0108,2,161.0,20,257.6,UPI,DELIVERED,App,27
ORD000263,2026-09-04 18:53:48,C00105,S02,P0067,3,339.0,0,1017.0,UPI,CANCELLED,App,
ORD001844,2026-09-24 07:34:39,C00143,S12,P0137,1,168.0,10,151.2,UPI,DELIVERED,App,26
ORD000606,2026-09-09 08:11:28,C00210,S03,P0012,1,137.0,0,137.0,Card,DELIVERED,App,8
ORD001895,2026-09-24 19:01:20,C00047,S06,P0064,1,620.0,15,527.0,UPI,DELIVERED,App,33
ORD001441,2026-09-19 12:15:53,C00206,S02,P0090,1,527.0,0,527.0,Card,DELIVERED,App,29
ORD002049,2026-09-26 14:37:23,C00266,S08,P0111,1,169.0,5,160.55,Cash on Delivery,DELIVERED,App,34
ORD001748,2026-09-23 06:56:39,C00014,S01,P0109,1,203.0,20,162.4,Card,DELIVERED,App,31
ORD001413,2026-09-19 07:42:46,C00040,S15,P0039,1,380.0,15,323.0,Wallet,DELIVERED,App,26
ORD000295,2026-09-05 06:55:42,C00261,S15,P0118,1,217.0,10,195.3,Card,DELIVERED,App,32
ORD001092,2026-09-15 06:06:23,C00312,S14,P0012,2,137.0,10,246.6,Wallet,DELIVERED,App,8
ORD001441,2026-09-19 12:15:53,C00206,S02,P0090,1,527.0,0,527.0,Card,DELIVERED,App,29
ORD001765,2027-01-01 09:00:00,C00253,S03,P0102,1,369.0,0,369.0,Card,DELIVERED,App,26
ORD000616,2026-09-09 10:46:39,C00333,S15,P0109,1,203.0,0,203.0,UPI,DELIVERED,App,16
ORD001470,2026-09-19 16:56:45,C00053,S02,P0032,1,332.0,0,332.0,UPI,DELIVERED,App,24
ORD000855,2026-09-12 11:56:29,C00195,S15,P0068,1,649.0,5,616.55,UPI,DELIVERED,App,11
ORD001251,2026-09-16 23:46:22,C00216,S15,P0023,2,222.0,15,377.4,Card,DELIVERED,Web,28
ORD000711,2026-09-10 13:48:25,C00098,S01,P0078,3,399.0,10,1077.3,UPI,DELIVERED,App,14
ORD000579,2026-09-08 19:39:38,C00082,S03,P0139,1,405.0,10,364.5,Cash on Delivery,DELIVERED,App,18
ORD002168,2026-09-28 08:07:08,C00147,S13,P0050,1,449.0,15,381.65,UPI,RETURNED,App,31
ORD000970,2026-09-13 17:04:35,C00299,S07,P0089,2,492.0,0,984.0,Cash on Delivery,DELIVERED,App,22
ORD001033,2026-09-14 12:55:04,C00358,S01,P0027,1,448.0,0,448.0,UPI,DELIVERED,App,25
ORD000741,2026-09-10 20:18:24,C00367,S08,P0144,2,666.0,0,1332.0,UPI,DELIVERED,Web,8
ORD002330,2026-09-30 08:26:25,C00319,S08,P0131,1,336.0,0,336.0,UPI,DELIVERED,App,8
ORD001150,2026-09-15 19:21:02,C00338,S02,P0070,2,792.0,20,1267.2,UPI,DELIVERED,App,35
ORD002014,2026-09-26 08:41:52,C00277,S06,P0078,2,399.0,0,798.0,UPI,DELIVERED,App,27
ORD001819,2026-09-23 21:38:18,C00214,S08,P0037,1,143.0,5,135.85,UPI,DELIVERED,App,13
ORD000949,2026-09-13 13:22:12,C00345,S13,P0110,1,42.0,0,42.0,UPI,DELIVERED,App,21
ORD001890,2026-09-24 18:35:01,C00314,S14,P0112,2,183.0,5,347.7,Cash on Delivery,DELIVERED,App,18
ORD000837,2026-09-12 07:00:45,C00093,S09,P0048,1,159.0,10,143.1,Wallet,DELIVERED,App,23
ORD001499,2026-09-19 21:46:11,C00202,S11,P0073,1,279.0,0,279.0,Card,DELIVERED,App,10
ORD000637,2026-09-09 15:24:46,C00074,S08,P0012,5,137.0,0,685.0,UPI,DELIVERED,App,28
ORD001401,2026-09-18 22:43:22,C00288,S14,P0038,2,389.0,15,661.3,Card,DELIVERED,App,28
ORD000785,2026-09-11 13:01:36,C00053,S10,P0125,5,609.0,5,2892.75,Wallet,DELIVERED,App,27
ORD001969,2026-09-25 16:46:15,C00158,S02,P0144,1,666.0,15,566.1,Card,DELIVERED,App,16
ORD002129,2026-09-27 16:33:43,C00338,S04,P0106,1,380.0,10,342.0,Cash on Delivery,DELIVERED,Web,12
ORD001175,2026-09-16 07:58:52,C00341,S11,P0093,2,492.0,15,836.4,UPI,DELIVERED,App,29
ORD002094,2026-09-27 06:23:00,C00149,S08,P0019,1,220.0,10,198.0,UPI,DELIVERED,App,32
ORD001981,2026-09-25 19:05:43,C00164,S10,P0115,1,628.0,15,533.8,Cash on Delivery,DELIVERED,Web,30
ORD001059,2026-09-14 18:21:11,C00389,S03,P0115,3,628.0,15,1601.4,UPI,DELIVERED,App,12
ORD002231,2026-09-28 22:51:19,C00055,S04,P0104,1,525.0,10,472.5,Cash on Delivery,CANCELLED,App,
ORD002270,2026-09-29 14:29:12,C00154,S01,P0007,2,93.0,20,148.8,UPI,DELIVERED,App,29
ORD001549,2026-09-20 13:07:35,C00394,S01,P0058,1,292.0,0,292.0,Cash on Delivery,DELIVERED,App,12
ORD000468,2026-09-07 11:40:22,C00161,S05,P0003,1,177.0,0,177.0,UPI,RETURNED,App,17
ORD000302,2026-09-05 08:32:52,C00374,S02,P0117,1,77.0,15,65.45,UPI,DELIVERED,App,13
ORD001088,2026-09-14 23:07:49,C00252,S14,P0021,2,142.0,10,255.6,UPI,RETURNED,App,18
ORD001719,2026-09-22 17:08:49,C00118,S08,P0150,1,337.0,0,337.0,UPI,DELIVERED,App,21
ORD001857,2026-09-24 11:23:56,C00157,S07,P0029,3,260.0,0,780.0,Card,DELIVERED,Web,16
ORD002333,2026-09-30 09:19:25,C00280,S05,P0124,5,483.0,20,1932.0,Cash on Delivery,DELIVERED,App,35
ORD000305,2026-09-05 09:42:41,C00307,S04,P0043,1,437.0,0,437.0,UPI,DELIVERED,App,16
ORD002020,2026-09-26 09:48:24,C00104,S05,P0070,3,792.0,20,1900.8,Wallet,DELIVERED,App,32
ORD000623,2026-09-09 12:30:46,C00204,S05,P0103,2,300.0,0,600.0,UPI,DELIVERED,App,34
ORD000310,2026-09-05 10:29:20,C00372,S05,P0121,2,334.0,20,534.4,UPI,DELIVERED,App,22
ORD001115,2026-09-15 10:14:08,C00273,S06,P0103,1,300.0,0,300.0,UPI,DELIVERED,App,28
ORD001562,2026-09-20 16:19:46,C00079,S01,P0122,5,315.0,0,1575.0,UPI,DELIVERED,App,30
ORD001991,2026-09-25 21:16:38,C00393,S08,P0003,2,177.0,5,336.3,UPI,DELIVERED,App,10
ORD000404,2026-09-06 13:54:13,C00285,S14,P0112,1,183.0,0,183.0,Cash on Delivery,DELIVERED,App,13
ORD001474,2026-09-19 17:43:31,C00045,S08,P0007,1,93.0,5,88.35,UPI,DELIVERED,App,15
ORD002160,2026-09-28 06:03:04,C00042,S05,P0097,2,302.0,10,543.6,Card,DELIVERED,App,31
ORD001049,2026-09-14 16:24:34,C00028,S14,P0086,3,23.0,0,69.0,UPI,DELIVERED,App,22
ORD000995,2026-09-13 21:45:17,C00311,S02,P0146,1,337.0,0,337.0,UPI,DELIVERED,Web,34
ORD001103,2026-09-15 08:51:34,C00012,S06,P0083,1,125.0,0,125.0,UPI,DELIVERED,App,35
ORD002007,2026-09-26 08:04:10,C00274,S04,P0038,1,389.0,10,350.1,UPI,DELIVERED,Web,28
ORD000576,2026-09-08 19:20:19,C00159,S05,P0004,1,188.0,10,169.2,UPI,DELIVERED,App,25
ORD002316,2026-09-29 23:36:35,C00248,S05,P0049,4,152.0,20,486.4,Card,DELIVERED,App,15
ORD002332,2026-09-30 09:03:58,C00072,S05,P0090,1,527.0,20,421.6,UPI,DELIVERED,App,25
ORD000224,2026-09-03 22:49:32,C00270,S11,P0135,1,248.0,0,248.0,UPI,DELIVERED,App,18
ORD000464,2026-09-07 10:36:47,C00336,S15,P0110,1,42.0,0,42.0,UPI,DELIVERED,App,19
ORD002055,2026-09-26 15:21:20,C00076,S10,P0031,1,244.0,5,231.8,UPI,DELIVERED,Web,14
ORD000555,2026-09-08 14:50:02,C00046,S06,P0023,3,222.0,0,666.0,UPI,DELIVERED,App,34
ORD001927,2026-09-25 08:15:27,C00394,S01,P0095,1,354.0,0,354.0,Card,DELIVERED,App,14
ORD000175,2026-09-03 09:43:35,C00112,S06,P0113,2,445.0,0,890.0,UPI,DELIVERED,App,26
ORD000014,2026-09-01 08:29:22,C00225,S12,P0008,2,150.0,0,300.0,UPI,DELIVERED,App,26
ORD001825,2026-09-23 22:33:12,C00219,S06,P0022,1,46.0,5,43.7,Cash on Delivery,DELIVERED,App,19
ORD000260,2026-09-04 18:27:57,C00066,S03,P0064,1,620.0,15,527.0,Cash on Delivery,DELIVERED,App,9
ORD001686,2026-09-22 08:45:40,C00081,S07,P0075,5,157.0,5,745.75,UPI,DELIVERED,App,34
ORD000497,2026-09-07 17:23:49,C00095,S08,P0130,1,406.0,0,406.0,Card,DELIVERED,App,12
ORD000306,2026-09-05 09:43:59,C00174,S13,P0120,2,344.0,5,653.6,UPI,CANCELLED,App,
ORD002331,2026-09-30 08:57:02,C00093,S11,P0039,1,380.0,10,342.0,UPI,DELIVERED,Web,29
ORD001444,2026-09-19 12:25:27,C00173,S03,P0061,1,819.0,10,737.1,Card,DELIVERED,App,35
ORD000675,2026-09-10 06:34:48,C00215,S10,P0072,1,396.0,15,336.6,Wallet,DELIVERED,App,9
ORD000035,2026-09-01 12:17:18,C00393,S07,P0110,2,42.0,0,84.0,Wallet,DELIVERED,App,28
ORD001332,2026-09-17 23:49:07,,S13,P0035,1,67.0,10,60.3,UPI,RETURNED,App,9
ORD000761,2026-09-11 06:39:03,C00315,S02,P0092,2,297.0,20,475.2,UPI,RETURNED,App,31
ORD002124,2026-09-27 15:41:10,C00129,S14,P0001,1,107.0,5,101.65,Card,DELIVERED,Web,34
ORD001055,2026-09-14 17:44:57,C00337,S02,P0024,1,36.0,15,30.6,Wallet,DELIVERED,App,16
ORD000244,2026-09-04 12:37:19,C00287,S09,P0130,2,406.0,10,730.8,UPI,DELIVERED,App,10
ORD000386,2026-09-06 10:28:44,C00384,S04,P0124,1,483.0,0,483.0,Card,DELIVERED,App,31
ORD001724,2026-09-22 19:40:18,C00046,S11,P0026,0,205.0,20,0.0,UPI,DELIVERED,Web,11
ORD000408,2026-09-06 15:56:28,C00163,S11,P0070,4,792.0,5,3009.6,UPI,DELIVERED,App,26
ORD001675,2026-09-22 07:00:16,C00344,S06,P0130,2,406.0,0,812.0,UPI,RETURNED,Web,9
ORD002369,2026-09-30 17:40:12,C00233,S01,P0106,1,380.0,0,380.0,UPI,DELIVERED,App,27
ORD000738,2026-09-10 19:21:10,C00254,S04,P0027,1,448.0,20,358.4,Wallet,CANCELLED,App,
ORD001256,2026-09-17 07:20:24,C00023,S10,P0121,1,334.0,5,317.3,UPI,DELIVERED,App,15
ORD000308,2026-09-05 09:53:11,C00058,S12,P0020,1,55.0,0,55.0,UPI,DELIVERED,App,21
ORD000696,2026-09-10 11:19:35,C00198,S03,P0120,3,344.0,10,928.8,UPI,DELIVERED,App,25
ORD000116,2026-09-02 16:52:20,C00339,S04,P0004,3,188.0,10,507.6,UPI,DELIVERED,App,35
ORD001887,2026-09-24 17:46:35,C00236,S07,P0097,2,302.0,20,483.2,Cash on Delivery,DELIVERED,App,24
ORD000222,2026-09-03 22:40:36,C00368,S07,P0137,1,168.0,15,142.8,Card,CANCELLED,App,
ORD002353,2026-09-30 13:06:07,C00101,S11,P0019,1,220.0,10,198.0,UPI,DELIVERED,App,34
ORD000927,2026-09-13 08:01:54,C00332,S13,P0054,1,849.0,20,679.2,Wallet,DELIVERED,App,17
ORD001233,2026-09-16 19:48:35,C00149,S12,P0037,2,143.0,10,257.4,Wallet,DELIVERED,App,17
ORD001419,2026-09-19 08:21:35,C00084,S14,P0095,4,354.0,15,1203.6,UPI,DELIVERED,App,10
ORD000633,2026-09-09 14:38:02,C00190,S10,P0036,1,131.0,0,131.0,UPI,DELIVERED,App,30
ORD001071,2026-09-14 20:15:14,C00023,S02,P0116,3,450.0,0,1350.0,UPI,DELIVERED,App,21
ORD000658,2026-09-09 21:26:16,C00218,S14,P0040,1,230.0,20,184.0,Wallet,DELIVERED,App,15
ORD001668,2026-09-21 22:27:21,C00024,S07,P0056,2,663.0,0,1326.0,UPI,DELIVERED,App,21
ORD001636,2026-09-21 16:17:34,C00069,S15,P0095,1,354.0,0,354.0,Card,DELIVERED,App,32
ORD000070,2026-09-01 21:14:53,C00111,S03,P9893,1,820.0,0,820.0,UPI,DELIVERED,App,8
ORD001262,2026-09-17 08:21:59,C00383,S05,P0078,1,399.0,0,399.0,Card,DELIVERED,App,10
ORD000700,2026-09-10 11:47:50,C00364,S11,P0035,1,67.0,0,67.0,UPI,DELIVERED,App,15
ORD000311,2026-09-05 10:32:20,C00010,S09,P0083,1,125.0,15,106.25,Cash on Delivery,DELIVERED,App,29
ORD000697,2026-09-10 11:25:02,C00092,S13,P0060,5,531.0,0,2655.0,UPI,DELIVERED,App,22
ORD000416,2026-09-06 18:02:14,C00010,S04,P0022,5,46.0,0,230.0,UPI,DELIVERED,Web,19
ORD002190,2026-09-28 13:43:12,C00376,S08,P0068,1,649.0,5,616.55,UPI,DELIVERED,App,10
ORD001706,2026-09-22 14:35:33,C00035,S14,P0075,2,157.0,0,314.0,Cash on Delivery,DELIVERED,App,18
ORD000304,2026-09-05 09:23:58,C00366,S09,P0019,1,220.0,15,187.0,Wallet,DELIVERED,App,20
ORD000661,2026-09-09 22:00:19,C00110,S04,P0036,1,131.0,0,131.0,Card,DELIVERED,App,14
ORD001503,2026-09-19 22:33:36,C00192,S11,P0069,3,228.0,0,684.0,UPI,DELIVERED,App,35
ORD000178,2026-09-03 10:42:32,C00117,S01,P0148,4,105.0,10,378.0,Card,DELIVERED,Web,16
ORD002046,2026-09-26 13:56:15,C00259,S06,P0119,4,515.0,0,2060.0,UPI,DELIVERED,App,26
ORD000271,2026-09-04 20:42:53,C00003,S06,P0113,1,445.0,0,445.0,Cash on Delivery,DELIVERED,App,11
ORD001019,2026-09-14 09:49:07,C00282,S09,P0129,1,666.0,10,599.4,UPI,DELIVERED,App,18
ORD000746,2026-09-10 20:41:09,C00187,S07,P0130,1,406.0,0,406.0,Wallet,DELIVERED,Web,24
ORD000129,2026-09-02 18:38:50,C00075,S05,P0059,1,883.0,10,794.7,Card,DELIVERED,App,35
ORD001690,2026-09-22 09:30:31,C00074,S04,P0147,1,242.0,0,242.0,Card,DELIVERED,App,30
ORD001286,2026-09-17 13:15:36,C00338,S09,P0027,1,448.0,0,448.0,UPI,RETURNED,App,34
ORD001540,2026-09-20 12:00:48,C00076,S15,P0076,2,11.0,10,19.8,Cash on Delivery,DELIVERED,App,22
ORD001810,2026-09-23 20:43:40,C00390,S04,P0060,3,531.0,15,1354.05,UPI,DELIVERED,App,16
ORD001020,2026-09-14 10:09:30,C00125,S07,P0042,3,432.0,20,1036.8,Cash on Delivery,RETURNED,App,20
ORD000323,2026-09-05 13:44:35,C00219,S01,P0056,1,663.0,15,563.55,Cash on Delivery,DELIVERED,Web,18
ORD000776,2026-09-11 11:41:41,C00277,S01,P0120,2,344.0,0,688.0,UPI,DELIVERED,App,11
ORD002285,2026-09-29 18:01:08,C00187,S01,P0051,1,283.0,0,283.0,UPI,DELIVERED,Web,29
ORD000811,2026-09-11 19:04:26,C00133,S13,P0019,3,220.0,5,627.0,UPI,DELIVERED,App,27
ORD000256,2026-09-04 16:33:52,C00034,S05,P0003,3,177.0,10,477.9,Card,DELIVERED,App,14
ORD000095,2026-09-02 11:14:27,C00389,S08,P0080,1,518.0,0,518.0,Wallet,DELIVERED,App,26
ORD001510,2026-09-20 06:06:30,C00156,S05,P0116,2,450.0,0,900.0,Cash on Delivery,DELIVERED,App,17
ORD000846,2026-09-12 09:34:55,C00202,S15,P0061,3,819.0,5,2334.15,Wallet,DELIVERED,App,10
ORD001218,2026-09-16 17:15:44,C00037,S08,P0098,4,93.0,0,372.0,UPI,DELIVERED,App,9
ORD001820,2026-09-23 21:38:45,C00032,S08,P0048,1,159.0,15,135.15,UPI,DELIVERED,App,13
ORD002134,2026-09-27 17:50:25,C00242,S11,P0104,3,525.0,20,1260.0,UPI,DELIVERED,App,12
ORD000554,2026-09-08 14:30:59,C00182,S14,P0078,1,399.0,0,399.0,Card,DELIVERED,App,21
ORD002133,2026-09-27 17:40:01,C00381,S01,P0087,1,49.0,5,46.55,UPI,DELIVERED,App,31
ORD001463,2026-09-19 15:35:02,C00280,S11,P0042,2,432.0,10,777.6,UPI,DELIVERED,App,20
ORD001223,2026-09-16 18:16:44,C00391,S14,P0001,2,107.0,0,214.0,UPI,DELIVERED,App,22
ORD000632,2026-09-09 14:33:56,C00175,S04,P0143,1,455.0,10,409.5,UPI,DELIVERED,Web,28
ORD001568,2026-09-20 18:10:25,C00227,S07,P0141,1,265.0,0,265.0,UPI,DELIVERED,App,12
ORD000017,2026-09-01 09:38:13,C00298,S12,P0081,2,10.0,20,16.0,UPI,DELIVERED,App,34
ORD001753,2026-09-23 07:59:55,C00338,S15,P0046,3,197.0,15,502.35,Cash on Delivery,DELIVERED,Web,25
ORD000818,2026-09-11 21:49:05,C00186,S09,P0118,1,217.0,15,184.45,UPI,DELIVERED,App,24
ORD001107,2026-09-15 09:05:11,C00103,S07,P0028,4,76.0,5,288.8,UPI,DELIVERED,App,27
ORD000281,2026-09-04 23:11:22,C00283,S07,P0104,1,525.0,0,525.0,UPI,DELIVERED,App,13
ORD001908,2026-09-24 22:05:09,C00233,S07,P0002,2,105.0,0,210.0,UPI,DELIVERED,App,31
ORD001292,2026-09-17 14:20:23,C00305,S11,P0015,1,218.0,0,218.0,Card,DELIVERED,App,12
ORD001527,2026-09-20 09:37:08,C00052,S08,P0047,1,304.0,0,304.0,UPI,DELIVERED,App,12
ORD000174,2026-09-03 09:33:56,C00331,S06,P0022,1,46.0,15,39.1,Card,DELIVERED,App,12
ORD000795,2026-09-11 15:43:39,C00145,S06,P0110,2,42.0,10,75.6,Card,DELIVERED,App,35
ORD000914,2026-09-12 23:41:18,C00205,S15,P0120,2,344.0,5,653.6,UPI,DELIVERED,App,29
ORD001450,2026-09-19 13:28:16,C00118,S11,P0077,4,369.0,20,1180.8,Wallet,DELIVERED,App,16
ORD002319,2026-09-29 23:58:33,C00330,S03,P0002,1,105.0,15,89.25,UPI,DELIVERED,App,15
ORD002178,2026-09-28 11:11:46,C00317,S06,P0091,1,468.0,5,444.6,UPI,DELIVERED,App,20
ORD000276,2026-09-04 22:30:10,C00058,S11,P0107,4,567.0,20,1814.4,Cash on Delivery,DELIVERED,App,30
ORD002253,2026-09-29 10:01:52,C00150,S09,P0013,4,164.0,15,557.6,Wallet,DELIVERED,App,34
ORD001193,2026-09-16 11:22:22,C00348,S10,P0030,1,50.0,0,50.0,UPI,DELIVERED,App,24
ORD000656,2026-09-09 21:02:33,C00221,S07,P0004,1,188.0,10,169.2,UPI,DELIVERED,App,12
ORD001422,2026-09-19 08:56:21,C00051,S13,P0054,4,849.0,0,3396.0,UPI,DELIVERED,Web,34
ORD000769,2026-09-11 09:14:14,C00148,S12,P0005,2,167.0,0,334.0,Card,DELIVERED,App,26
ORD000602,2026-09-09 06:45:38,C00203,S04,P0126,1,416.0,20,332.8,Card,CANCELLED,App,
ORD001925,2026-09-25 07:46:11,C00350,S13,P0058,1,292.0,0,292.0,UPI,CANCELLED,App,
ORD000253,2026-09-04 15:51:47,C00280,S05,P0086,1,23.0,15,19.55,Card,DELIVERED,App,22
ORD001916,2026-09-25 06:13:32,C00374,S05,P0005,1,167.0,0,167.0,Cash on Delivery,DELIVERED,App,33
ORD001075,2026-09-14 20:24:58,C00023,S04,P0047,2,304.0,0,608.0,Cash on Delivery,DELIVERED,App,28
ORD000285,2026-09-04 23:45:25,C00135,S07,P0095,1,354.0,15,300.9,Wallet,DELIVERED,App,8
ORD001406,2026-09-19 06:06:57,C00278,S02,P0123,1,629.0,20,503.2,UPI,DELIVERED,App,25
ORD002392,2026-09-30 22:49:34,C00282,S10,P0094,2,475.0,15,807.5,UPI,DELIVERED,Web,33
ORD000801,2026-09-11 17:38:41,C00246,S11,P0063,5,729.0,0,5467.5,UPI,DELIVERED,App,16
ORD001827,2026-09-23 22:42:37,C00229,S13,P0075,2,157.0,0,314.0,UPI,RETURNED,App,16
ORD000092,2026-09-02 10:44:44,C00095,S09,P0002,1,105.0,0,105.0,UPI,DELIVERED,App,15
ORD000400,2026-09-06 12:52:08,C00258,S03,P0072,3,396.0,5,1128.6,Wallet,RETURNED,App,31
ORD001985,2026-09-25 19:56:55,C00365,S15,P0103,1,300.0,0,300.0,Card,RETURNED,App,23
ORD001491,2026-09-19 20:31:15,C00078,S04,P0133,1,267.0,15,226.95,Wallet,DELIVERED,App,9
ORD000176,2026-09-03 09:52:37,C00145,S03,P0004,2,188.0,15,319.6,Wallet,DELIVERED,App,31
ORD002058,2026-09-26 15:42:20,C00019,S02,P0054,1,849.0,0,849.0,UPI,DELIVERED,Web,12
ORD001852,2026-09-24 09:31:33,C00041,S06,P0092,4,297.0,0,1188.0,Card,CANCELLED,App,
ORD000832,2026-09-12 06:08:56,C00381,S14,P0113,1,445.0,5,422.75,Card,DELIVERED,App,22
ORD001303,2026-09-17 17:26:00,C00198,S08,P0147,2,242.0,20,387.2,UPI,DELIVERED,App,24
ORD000590,2026-09-08 21:29:37,C00228,S02,P0048,4,159.0,20,508.8,Card,DELIVERED,App,22
ORD001093,2026-09-15 06:25:12,C00267,S07,P0105,2,109.0,15,185.3,UPI,DELIVERED,App,12
ORD001285,2026-09-17 12:49:40,C00279,S06,P0047,3,304.0,10,820.8,Cash on Delivery,DELIVERED,App,29
ORD000391,2026-09-06 11:27:49,C00121,S07,P0042,2,432.0,5,820.8,UPI,DELIVERED,App,14
ORD000648,2026-09-09 19:29:19,C00166,S12,P0028,2,76.0,0,152.0,Wallet,DELIVERED,App,27
ORD000367,2026-09-06 07:07:32,C00207,S04,P0087,2,49.0,0,98.0,UPI,DELIVERED,App,23
ORD001785,2026-09-23 16:02:26,C00266,S13,P0126,1,416.0,10,374.4,Card,DELIVERED,App,14
ORD000908,2026-09-12 22:45:38,C00347,S14,P0101,1,248.0,10,223.2,UPI,DELIVERED,App,21
ORD002318,2026-09-29 23:57:17,C00086,S12,P0081,4,10.0,0,40.0,UPI,DELIVERED,App,15
ORD001378,2026-09-18 17:12:45,C00023,S06,P0118,1,217.0,0,217.0,Wallet,DELIVERED,App,12
ORD001271,2026-09-17 11:12:00,C00311,S06,P0129,2,666.0,15,1132.2,Cash on Delivery,DELIVERED,App,20
ORD000595,2026-09-08 23:48:49,C00128,S07,P0143,3,455.0,0,1365.0,Wallet,DELIVERED,App,11
ORD001868,2026-09-24 14:04:06,C00242,S15,P0143,1,455.0,0,455.0,UPI,CANCELLED,App,
ORD001695,2026-09-22 11:04:37,C00292,S14,P0033,2,198.0,0,396.0,UPI,DELIVERED,App,33
ORD000294,2026-09-05 06:51:43,C00169,S14,P0124,1,483.0,0,483.0,UPI,DELIVERED,App,20
ORD000625,2026-09-09 12:57:05,C00128,S07,P0134,3,219.0,0,657.0,Cash on Delivery,DELIVERED,App,33
ORD002152,2026-09-27 22:06:57,C00175,S04,P0057,1,820.0,5,779.0,Card,DELIVERED,App,14
ORD002339,2026-09-30 11:16:00,C00245,S05,P0108,3,161.0,20,386.4,UPI,DELIVERED,App,30
ORD001674,2026-09-22 06:53:39,C00335,S11,P0060,3,531.0,0,1593.0,Cash on Delivery,DELIVERED,App,20
ORD000291,2026-09-05 06:18:29,C00282,S09,P0136,3,360.0,15,918.0,Card,DELIVERED,Web,22
ORD000529,2026-09-08 08:45:54,C00291,S13,P0149,1,144.0,0,144.0,UPI,DELIVERED,App,19
ORD000998,2026-09-13 22:46:18,C00043,S02,P0132,1,497.0,0,497.0,UPI,CANCELLED,App,
ORD001692,2026-09-22 10:27:56,C00032,S10,P0145,1,315.0,15,267.75,UPI,DELIVERED,Web,29
ORD001171,2026-09-15 23:42:54,C00390,S08,P0076,1,11.0,10,9.9,Wallet,DELIVERED,Web,28
ORD000714,2026-09-10 14:24:45,C00148,S02,P0092,1,297.0,20,237.6,UPI,DELIVERED,App,24
ORD001646,2026-09-21 18:38:22,C00387,S13,P0140,1,364.0,0,364.0,UPI,DELIVERED,Web,18
ORD001306,2026-09-17 17:54:59,C00075,S06,P0024,2,36.0,15,61.2,Card,DELIVERED,App,17
ORD001267,2026-09-17 09:29:01,C00052,S06,P0002,1,105.0,5,99.75,UPI,DELIVERED,App,10
ORD000452,2026-09-07 07:52:36,C00202,S08,P0085,2,137.0,0,274.0,UPI,DELIVERED,App,35
ORD001142,2026-09-15 17:21:20,C00112,S12,P0103,1,300.0,10,270.0,UPI,DELIVERED,App,35
ORD001994,2026-09-25 22:19:58,C00137,S13,P0068,4,649.0,20,2076.8,Wallet,DELIVERED,App,32
ORD000886,2026-09-12 19:19:56,C00219,S04,P0029,2,260.0,5,494.0,Wallet,DELIVERED,App,33
ORD000816,2026-09-11 19:57:47,C00013,S10,P0129,1,666.0,20,532.8,Cash on Delivery,DELIVERED,App,35
ORD000698,2026-09-10 11:30:24,C00393,S05,P0106,2,380.0,10,684.0,UPI,DELIVERED,App,10
ORD000538,2026-09-08 10:29:46,C00320,S09,P0037,1,143.0,5,135.85,Wallet,DELIVERED,App,12
ORD002211,2026-09-28 17:57:49,C00240,S04,P0115,2,628.0,0,1256.0,UPI,DELIVERED,App,29
ORD002000,2026-09-25 23:19:20,C00079,S06,P0006,2,197.0,0,394.0,Card,CANCELLED,App,
ORD000848,2026-09-12 10:11:16,C00158,S08,P0078,1,399.0,0,399.0,Card,DELIVERED,App,20
ORD000072,2026-09-01 21:30:54,C00296,S07,P0089,1,492.0,20,393.6,UPI,DELIVERED,App,27
ORD002069,2026-09-26 18:26:08,C00296,S07,P0105,1,109.0,0,109.0,Wallet,DELIVERED,App,8
ORD000681,2026-09-10 08:06:38,C00210,S08,P0040,2,230.0,20,368.0,Card,RETURNED,Web,12
ORD001210,2026-09-16 15:36:00,C00227,S13,P0149,1,144.0,0,144.0,Card,DELIVERED,App,28
ORD001853,2026-09-24 09:50:39,C00314,S07,P0127,1,602.0,0,602.0,UPI,DELIVERED,App,32
ORD002345,2026-09-30 11:43:06,C00113,S13,P0021,2,142.0,0,284.0,UPI,DELIVERED,App,29
ORD001730,2026-09-22 20:34:34,C00358,S06,P0004,1,188.0,0,188.0,UPI,DELIVERED,Web,17
ORD001919,2026-09-25 07:02:17,C00081,S02,P0147,2,242.0,20,387.2,Cash on Delivery,DELIVERED,App,35
ORD001918,2026-09-25 06:53:30,,S10,P0088,1,277.0,20,221.6,Wallet,DELIVERED,App,10
ORD002208,2026-09-28 16:51:40,C00155,S10,P0083,3,125.0,20,300.0,UPI,DELIVERED,App,30
ORD000540,2026-09-08 10:42:51,C00322,S08,P0091,1,468.0,20,374.4,UPI,DELIVERED,App,12
ORD001734,2026-09-22 21:16:03,C00186,S11,P0098,2,93.0,5,176.7,UPI,DELIVERED,Web,15
ORD002354,2026-09-30 13:12:05,C00099,S11,P0005,1,167.0,0,167.0,Card,DELIVERED,App,11
ORD000871,2026-09-12 16:54:37,C00341,S11,P0109,1,203.0,0,203.0,UPI,DELIVERED,App,31
ORD000560,2026-09-08 16:09:28,C00030,S15,P0028,1,76.0,0,76.0,Card,DELIVERED,App,30
ORD000484,2026-09-07 14:57:21,C00094,S07,P0092,1,297.0,5,282.15,Card,DELIVERED,App,35
ORD001131,2026-09-15 15:01:47,C00275,S07,P0033,2,198.0,15,336.6,UPI,DELIVERED,App,15
ORD000079,2026-09-01 22:49:14,C00033,S08,P0082,3,338.0,20,811.2,UPI,DELIVERED,App,14
ORD000526,2026-09-08 08:42:14,C00236,S02,P0043,3,437.0,10,1179.9,Cash on Delivery,DELIVERED,App,13
ORD001657,2026-09-21 20:31:10,C00196,S06,P0131,3,336.0,0,1008.0,Card,RETURNED,App,19
ORD001024,2026-09-14 10:25:18,C00006,S01,P0056,2,663.0,15,1127.1,Card,CANCELLED,App,
ORD001252,2026-09-17 06:25:41,C00027,S12,P0048,2,159.0,20,254.4,UPI,DELIVERED,App,35
ORD000155,2026-09-03 06:34:38,C00049,S03,P0104,2,525.0,0,1050.0,UPI,DELIVERED,App,20
ORD002358,2026-09-30 13:41:50,C00228,S02,P0083,3,125.0,0,375.0,UPI,DELIVERED,App,34
ORD000088,2026-09-02 09:27:17,C00350,S05,P0073,5,279.0,0,1395.0,Cash on Delivery,DELIVERED,App,25
ORD000834,2026-09-12 06:20:31,C00327,S13,P0051,3,283.0,0,849.0,UPI,DELIVERED,Web,33
ORD001598,2026-09-21 06:34:08,C00062,S09,P0025,1,238.0,5,226.1,Card,DELIVERED,App,19
ORD000519,2026-09-08 07:01:23,C00175,S07,P0028,2,76.0,15,129.2,UPI,DELIVERED,Web,20
ORD000028,2026-09-01 10:55:53,C00388,S09,P0060,1,531.0,0,531.0,Cash on Delivery,DELIVERED,App,34
ORD002378,2026-09-30 18:43:56,C00145,S06,P0029,1,260.0,0,260.0,UPI,DELIVERED,App,19
ORD002276,2026-09-29 16:24:06,C00029,S11,P0110,1,42.0,0,42.0,UPI,DELIVERED,App,17
ORD000562,2026-09-08 16:39:11,C00316,S11,P0101,2,248.0,0,496.0,UPI,DELIVERED,App,15
ORD001606,2026-09-21 10:01:39,C00013,S12,P0140,4,364.0,0,1456.0,Card,DELIVERED,Web,28
ORD001622,2026-09-21 13:07:14,C00123,S02,P0030,1,50.0,0,50.0,UPI,DELIVERED,App,27
ORD001560,2026-09-20 16:02:45,C00258,S12,P0149,1,144.0,20,115.2,Card,DELIVERED,App,20
ORD000013,2026-09-01 08:28:14,C00217,S01,P0024,1,36.0,20,28.8,UPI,DELIVERED,App,9
ORD000865,2026-09-12 15:13:21,C00047,S09,P0129,2,666.0,15,1132.2,Cash on Delivery,DELIVERED,App,22
ORD001875,2026-09-24 14:59:07,C00263,S13,P0050,2,449.0,10,808.2,UPI,DELIVERED,Web,11
ORD000101,2026-09-02 13:30:32,C00112,S11,P0069,2,228.0,0,456.0,UPI,DELIVERED,App,17
ORD000289,2026-09-05 06:17:48,C00254,S12,P0072,1,396.0,0,396.0,Card,DELIVERED,App,11
ORD001833,2026-09-23 23:25:06,C00028,S14,P0034,1,205.0,20,164.0,Wallet,DELIVERED,App,28
ORD001936,2026-09-25 10:41:50,C00117,S15,P0078,1,399.0,0,399.0,UPI,DELIVERED,App,22
ORD001478,2026-09-19 18:19:52,C00254,S01,P0022,1,46.0,20,36.8,Cash on Delivery,DELIVERED,App,9
ORD000705,2026-09-10 12:14:18,C00006,S03,P0135,1,248.0,0,248.0,UPI,DELIVERED,Web,20
ORD001557,2026-09-20 15:25:17,C00259,S14,P0020,5,55.0,0,275.0,UPI,DELIVERED,App,15
ORD002242,2026-09-29 08:08:58,C00345,S11,P0119,2,515.0,20,824.0,UPI,DELIVERED,App,23
ORD002187,2026-09-28 13:14:44,C00143,S02,P0117,1,77.0,10,69.3,Card,DELIVERED,App,10
ORD000100,2026-09-02 13:03:17,C00100,S06,P0108,2,161.0,0,322.0,UPI,DELIVERED,App,8
ORD002328,2026-09-30 08:11:09,C00353,S06,P0082,2,338.0,20,540.8,UPI,CANCELLED,App,
ORD000829,2026-09-11 23:50:34,C00045,S03,P0116,1,450.0,10,405.0,Card,DELIVERED,App,21
ORD001682,2026-09-22 08:02:10,C00043,S01,P0080,1,518.0,0,518.0,Card,RETURNED,App,14
ORD001764,2026-09-23 11:22:30,C00014,S05,P0147,1,242.0,10,217.8,Wallet,DELIVERED,App,16
ORD001297,2026-09-17 16:11:28,C00099,S01,P0002,1,105.0,5,99.75,Card,DELIVERED,App,14
ORD000793,2026-09-11 15:12:05,C00293,S04,P0107,1,567.0,5,538.65,UPI,DELIVERED,App,25
ORD001623,2026-09-21 13:20:29,C00376,S02,P0124,2,483.0,20,772.8,Wallet,DELIVERED,App,10
ORD002156,2026-09-27 22:51:50,,S02,P0050,1,449.0,0,449.0,UPI,DELIVERED,App,8
ORD000216,2026-09-03 20:24:21,C00129,S02,P0103,3,300.0,5,855.0,Card,DELIVERED,App,29
ORD001240,2026-09-16 21:35:57,C00357,S12,P0138,1,507.0,5,481.65,Card,DELIVERED,App,23
ORD001839,2026-09-24 06:05:10,C00150,S05,P0108,5,161.0,10,724.5,UPI,DELIVERED,App,24
ORD001348,2026-09-18 09:54:32,C00070,S05,P0032,1,332.0,0,332.0,UPI,DELIVERED,App,20
ORD001137,2026-09-15 16:39:46,C00281,S15,P0096,3,395.0,0,1185.0,Wallet,DELIVERED,App,28
ORD001625,2026-09-21 13:36:56,C00111,S14,P0065,1,190.0,0,190.0,UPI,DELIVERED,App,23
ORD001229,2026-09-16 19:21:58,C00097,S13,P0042,1,432.0,0,432.0,Cash on Delivery,DELIVERED,App,34
ORD000699,2026-09-10 11:41:47,C00046,S13,P0097,3,302.0,20,724.8,UPI,DELIVERED,App,20
ORD001358,2026-09-18 12:31:45,C00366,S05,P0092,4,297.0,20,950.4,Wallet,DELIVERED,App,17
ORD000583,2026-09-08 19:54:57,,S03,P0093,5,492.0,15,2091.0,UPI,DELIVERED,App,24
ORD000236,2026-09-04 08:50:31,C00051,S10,P0030,1,50.0,0,50.0,Card,DELIVERED,Web,34
ORD002017,2026-09-26 09:11:48,C00272,S15,P0056,1,663.0,0,663.0,Card,DELIVERED,Web,17
ORD000309,2026-09-05 10:15:20,C00002,S12,P0010,1,77.0,15,65.45,Wallet,DELIVERED,App,29
ORD000879,2026-09-12 17:52:25,C00046,S09,P0054,5,849.0,0,4245.0,UPI,CANCELLED,App,
ORD001412,2026-09-19 07:32:47,C00107,S10,P0010,2,77.0,10,138.6,Cash on Delivery,CANCELLED,App,
ORD000278,2026-09-04 22:50:41,C00031,S07,P0114,1,505.0,0,505.0,Card,DELIVERED,App,34
ORD001190,2026-09-16 11:15:01,C00066,S09,P0056,1,663.0,20,530.4,UPI,DELIVERED,App,33
ORD001015,2026-09-14 08:37:45,C00076,S14,P0008,1,150.0,20,120.0,UPI,DELIVERED,App,20
ORD001697,2026-09-22 12:04:37,C00135,S10,P0040,1,230.0,0,230.0,UPI,DELIVERED,App,26
ORD001940,2026-09-25 11:50:44,C00114,S06,P0089,1,492.0,5,467.4,UPI,DELIVERED,App,33
ORD002171,2026-09-28 09:18:19,C00324,S10,P0124,1,483.0,0,483.0,UPI,DELIVERED,Web,28
ORD002380,2026-09-30 19:15:13,C00357,S12,P0058,1,292.0,0,292.0,UPI,DELIVERED,App,30
ORD000373,2026-09-06 07:40:13,C00056,S13,P0093,1,492.0,5,467.4,UPI,RETURNED,App,23
ORD001846,2026-09-24 07:54:04,C00108,S04,P0030,3,50.0,0,150.0,Card,DELIVERED,App,28
ORD000401,2026-09-06 13:05:48,C00176,S13,P0093,5,492.0,0,2460.0,UPI,DELIVERED,App,9
ORD002071,2026-09-26 19:07:00,C00154,S03,P0067,1,339.0,0,339.0,Wallet,CANCELLED,App,
ORD001247,2026-09-16 23:04:35,C00324,S09,P0117,1,77.0,10,69.3,UPI,DELIVERED,App,18
ORD002059,2026-09-26 16:08:51,C00274,S08,P0063,1,729.0,10,656.1,UPI,DELIVERED,App,20
ORD001392,2026-09-18 19:54:12,C00268,S07,P0072,1,396.0,5,376.2,Cash on Delivery,DELIVERED,App,12
ORD000472,2026-09-07 12:04:03,C00347,S15,P0068,2,649.0,10,1168.2,Wallet,DELIVERED,App,28
ORD001322,2026-09-17 21:10:38,C00208,S13,P0097,1,302.0,0,302.0,Card,DELIVERED,App,24
ORD001369,2026-09-18 15:09:25,C00076,S15,P0134,1,219.0,10,197.1,UPI,DELIVERED,App,30
ORD000270,2026-09-04 20:34:16,C00294,S12,P0048,2,159.0,15,270.3,Cash on Delivery,DELIVERED,App,15
ORD001367,2026-09-18 14:43:30,C00094,S08,P0047,1,304.0,5,288.8,UPI,DELIVERED,App,16
ORD002228,2026-09-28 22:21:17,C00353,S10,P0149,1,144.0,20,115.2,Cash on Delivery,DELIVERED,App,29
ORD002193,2026-09-28 14:07:53,C00332,S07,P0057,1,820.0,20,656.0,Cash on Delivery,DELIVERED,App,33
ORD001720,2026-09-22 17:09:11,C00108,S14,P0042,1,432.0,0,432.0,UPI,DELIVERED,App,20
ORD000130,2026-09-02 18:40:03,C00018,S14,P0051,5,283.0,0,1415.0,Cash on Delivery,DELIVERED,App,18
ORD001318,2026-09-17 19:50:48,C00086,S03,P0116,2,450.0,0,900.0,UPI,DELIVERED,App,18
ORD000099,2026-09-02 12:22:47,C00203,S13,P0130,0,406.0,0,0.0,UPI,DELIVERED,App,32
ORD000884,2026-09-12 18:48:44,C00008,S10,P0126,1,416.0,10,374.4,UPI,RETURNED,App,15
ORD001136,2026-09-15 16:38:29,C00148,S09,P0143,4,455.0,0,1820.0,UPI,DELIVERED,App,23
ORD000242,2026-09-04 11:13:17,C00252,S09,P0113,1,445.0,20,356.0,UPI,DELIVERED,Web,18
ORD000226,2026-09-03 23:52:09,C00394,S02,P0148,2,105.0,0,210.0,UPI,DELIVERED,App,17
ORD000345,2026-09-05 20:06:40,C00113,S04,P0085,2,137.0,0,274.0,UPI,CANCELLED,App,
ORD001952,2026-09-25 14:03:02,C00334,S08,P0110,1,42.0,15,35.7,UPI,DELIVERED,App,14
ORD001380,2026-09-18 18:07:12,C00238,S07,P0121,5,334.0,0,1670.0,Wallet,CANCELLED,App,
ORD001494,2026-09-19 20:48:41,C00323,S13,P0143,1,455.0,20,364.0,UPI,DELIVERED,Web,32
ORD000652,2026-09-09 20:15:29,C00328,S10,P0045,2,387.0,15,657.9,Cash on Delivery,DELIVERED,App,20
ORD000880,2026-09-12 18:22:46,C00135,S06,P0130,1,406.0,15,517.65,UPI,DELIVERED,Web,33
ORD000151,2026-09-02 23:47:39,C00398,S15,P0046,2,197.0,5,374.3,UPI,DELIVERED,App,32
ORD000759,2026-09-11 06:04:41,C00141,S03,P0130,1,406.0,15,345.1,Card,DELIVERED,Web,20
ORD001213,2026-09-16 15:45:18,C00341,S03,P0082,1,338.0,20,270.4,UPI,DELIVERED,App,27
ORD002116,2026-09-27 12:17:56,C00226,S05,P0052,1,299.0,0,299.0,UPI,DELIVERED,App,19
ORD000122,2026-09-02 17:30:40,C00041,S05,P0143,1,455.0,0,455.0,Cash on Delivery,DELIVERED,App,10
ORD000471,2026-09-07 11:58:01,C00151,S03,P0054,3,849.0,5,2419.65,Cash on Delivery,DELIVERED,Web,31
ORD001331,2026-09-17 23:45:35,C00068,S15,P0030,1,50.0,0,50.0,UPI,DELIVERED,App,30
ORD002064,2026-09-26 17:35:41,C00001,S10,P0016,1,224.0,10,201.6,UPI,DELIVERED,App,33
ORD001581,2026-09-20 20:37:34,C00143,S06,P0135,1,248.0,5,235.6,UPI,DELIVERED,Web,32
ORD000849,2026-09-12 10:39:53,C00220,S10,P0047,1,304.0,20,243.2,Wallet,CANCELLED,App,
ORD000372,2026-09-06 07:32:16,C00272,S06,P0105,1,109.0,20,87.2,UPI,DELIVERED,App,33
ORD001797,2026-09-23 18:51:59,C00061,S12,P0138,2,507.0,0,1014.0,UPI,DELIVERED,App,22
ORD002093,2026-09-27 06:19:16,C00330,S13,P0053,1,609.0,0,609.0,UPI,DELIVERED,App,32
ORD002099,2026-09-27 07:28:56,C00183,S08,P0057,3,820.0,5,2337.0,UPI,DELIVERED,App,29
ORD000819,2026-09-11 21:50:40,C00360,S02,P0030,1,50.0,0,50.0,UPI,DELIVERED,App,34
ORD002125,2026-09-27 15:51:30,C00248,S10,P0106,3,380.0,0,1140.0,UPI,DELIVERED,App,22
ORD001897,2026-09-24 19:08:53,C00269,S06,P0023,1,222.0,0,222.0,UPI,DELIVERED,Web,32
ORD001108,2026-09-15 09:08:20,C00212,S11,P0038,3,389.0,20,933.6,UPI,CANCELLED,App,
ORD001749,2026-09-23 07:11:33,C00011,S03,P0125,1,609.0,15,517.65,Card,DELIVERED,App,28
ORD000920,2026-09-13 06:46:15,C00116,S14,P0039,1,380.0,5,361.0,UPI,DELIVERED,Web,31
ORD000317,2026-09-05 12:19:11,C00021,S13,P0026,1,205.0,10,184.5,UPI,CANCELLED,App,
ORD000790,2026-09-11 14:12:53,,S06,P0148,1,105.0,0,105.0,UPI,DELIVERED,App,11
ORD000715,2026-09-10 14:27:33,C00157,S07,P0059,1,883.0,20,706.4,Cash on Delivery,DELIVERED,App,28
ORD002023,2026-09-26 09:59:47,C00006,S02,P0109,1,203.0,15,172.55,UPI,DELIVERED,App,16
ORD002033,2026-09-26 11:08:14,C00080,S05,P0037,2,143.0,0,286.0,UPI,DELIVERED,App,18
ORD001790,2026-09-23 17:30:15,C00333,S03,P0088,4,277.0,0,1108.0,Cash on Delivery,DELIVERED,Web,22
ORD001775,2026-09-23 14:17:09,C00272,S10,P0012,3,137.0,0,411.0,Wallet,DELIVERED,App,24
ORD002182,2026-09-28 11:59:11,C00132,S05,P0081,1,10.0,10,9.0,UPI,DELIVERED,App,32
ORD002221,2026-09-28 21:19:08,C00022,S10,P0081,1,10.0,0,10.0,UPI,DELIVERED,App,34
ORD001385,2026-09-18 18:50:28,C00188,S03,P0030,2,50.0,0,100.0,UPI,DELIVERED,App,14
ORD000979,2026-09-13 18:08:48,C00005,S08,P0093,1,492.0,0,492.0,UPI,DELIVERED,App,17
ORD000437,2026-09-06 23:23:07,C00284,S04,P0074,1,350.0,10,315.0,UPI,DELIVERED,App,11
ORD000107,2026-09-02 15:17:36,C00076,S12,P0111,3,169.0,5,481.65,Card,CANCELLED,App,
ORD001364,2026-09-18 14:15:54,C00084,S01,P0002,3,105.0,0,315.0,CARD,DELIVERED,App,15
ORD000085,2026-09-02 08:19:42,C00309,S04,P0003,3,177.0,20,424.8,Card,DELIVERED,App,29
ORD001671,2026-09-21 23:32:29,C00092,S04,P0010,2,77.0,5,146.3,Cash on Delivery,DELIVERED,App,20
ORD001894,2026-09-24 18:57:39,C00094,S08,P0086,1,23.0,20,18.4,Card,DELIVERED,App,16
ORD001591,2026-09-20 23:03:59,C00330,S01,P0091,2,468.0,10,842.4,Wallet,DELIVERED,App,34
ORD000277,2026-09-04 22:48:37,C00012,S10,P0059,2,883.0,20,1412.8,UPI,DELIVERED,App,21
ORD002300,2026-09-29 20:50:10,C00078,S03,P0141,4,265.0,0,1060.0,Card,DELIVERED,App,30
ORD000723,2026-09-10 15:50:25,C00112,S01,P0098,1,93.0,5,88.35,UPI,DELIVERED,App,10
ORD001520,2026-09-20 08:03:08,C00105,S11,P0096,1,395.0,0,395.0,UPI,DELIVERED,Web,27
ORD001788,2026-09-23 16:55:34,C00157,S06,P0009,1,111.0,20,88.8,Cash on Delivery,DELIVERED,App,31
ORD000399,2026-09-06 12:29:00,C00400,S10,P0136,1,360.0,20,288.0,Cash on Delivery,DELIVERED,App,33
ORD001880,2026-09-24 15:51:42,C00111,S07,P0037,1,143.0,15,121.55,Card,DELIVERED,App,12
ORD000288,2026-09-05 06:16:50,C00022,S12,P0072,2,396.0,0,792.0,UPI,DELIVERED,App,35
ORD001811,2026-09-23 21:00:20,C00003,S05,P0107,1,567.0,5,538.65,Card,DELIVERED,App,11
ORD000451,2026-09-07 07:44:23,C00057,S03,P0120,2,344.0,0,688.0,UPI,DELIVERED,App,29
ORD001211,2026-09-16 15:39:54,C00026,S07,P0146,1,337.0,5,320.15,Card,DELIVERED,App,24
ORD000315,2026-09-05 11:19:53,C00003,S12,P0119,1,515.0,10,463.5,UPI,DELIVERED,Web,24
ORD000172,2026-09-03 09:09:56,C00356,S06,P0034,3,205.0,0,615.0,UPI,DELIVERED,App,28
ORD000866,2026-09-12 15:23:19,C00302,S07,P0076,1,11.0,20,8.8,UPI,DELIVERED,Web,17
ORD001230,2026-09-16 19:26:03,C00376,S05,P0027,3,448.0,0,1344.0,Wallet,DELIVERED,App,18
ORD000208,2026-09-03 17:31:42,C00121,S06,P0007,1,93.0,10,83.7,UPI,DELIVERED,App,8
ORD001982,2026-09-25 19:14:18,C00367,S02,P0006,2,197.0,0,394.0,Cash on Delivery,DELIVERED,Web,19
ORD001876,2026-09-24 15:00:04,C00376,S10,P0065,2,190.0,15,323.0,Card,DELIVERED,App,32
ORD000036,2026-09-01 12:28:41,C00167,S03,P0102,1,369.0,5,350.55,UPI,RETURNED,Web,27
ORD000749,2026-09-10 21:28:27,C00262,S08,P0024,2,36.0,20,57.6,Card,DELIVERED,App,22
ORD001756,2026-09-23 09:47:59,C00305,S14,P0044,1,228.0,0,228.0,Wallet,DELIVERED,App,34
ORD001144,2026-09-15 18:20:41,C00097,S01,P0095,1,354.0,0,354.0,Card,DELIVERED,App,29
ORD000334,2026-09-05 17:05:07,C00265,S08,P0067,2,339.0,10,610.2,Card,DELIVERED,App,10
ORD001770,2026-09-23 13:28:46,C00040,S15,P0105,1,109.0,0,109.0,UPI,DELIVERED,App,15
ORD001862,2026-09-24 13:06:20,C00233,S02,P0133,2,267.0,20,427.2,UPI,DELIVERED,App,21
ORD001224,2026-09-16 18:31:32,C00217,S10,P0125,1,609.0,0,609.0,UPI,DELIVERED,App,28
ORD000303,2026-09-05 08:42:13,C00357,S04,P0050,1,449.0,10,404.1,UPI,DELIVERED,Web,15
ORD001250,2026-09-16 23:24:08,C00174,S03,P0110,4,42.0,15,142.8,UPI,DELIVERED,App,31
ORD000638,2026-09-09 16:01:02,C00013,S14,P0003,3,177.0,20,424.8,Cash on Delivery,DELIVERED,App,18
ORD001315,2026-09-17 19:40:24,C00012,S15,P0073,2,279.0,0,558.0,UPI,DELIVERED,Web,23
ORD001559,2026-09-20 16:01:50,C00074,S15,P0007,1,93.0,5,88.35,UPI,DELIVERED,App,32
ORD001099,2026-09-15 07:23:14,C00184,S15,P0079,1,227.0,10,204.3,UPI,DELIVERED,App,23
ORD000016,2026-09-01 09:25:37,C00095,S14,P0049,2,152.0,15,258.4,Card,DELIVERED,App,29
ORD002157,2026-09-27 23:06:44,C00155,S13,P0056,1,663.0,15,563.55,UPI,DELIVERED,App,16
ORD000158,2026-09-03 07:02:53,C00338,S07,P0065,1,190.0,20,152.0,Cash on Delivery,DELIVERED,Web,22
ORD001009,2026-09-14 07:51:06,C00148,S14,P0142,1,115.0,15,97.75,Wallet,CANCELLED,App,
ORD001353,2026-09-18 11:43:06,C00316,S07,P0073,1,279.0,20,223.2,UPI,DELIVERED,App,30
ORD000887,2026-09-12 19:20:28,C00123,S04,P0039,2,380.0,0,760.0,Card,DELIVERED,App,32
ORD001028,2026-09-14 11:29:28,C00184,S03,P0021,1,142.0,15,120.7,Card,DELIVERED,App,18
ORD001617,2026-09-21 11:53:59,C00291,S15,P0008,1,150.0,0,150.0,Card,DELIVERED,App,13
ORD002072,2026-09-26 19:26:54,C00160,S01,P0148,3,105.0,0,315.0,UPI,DELIVERED,App,16
ORD001091,2026-09-14 23:57:59,C00020,S07,P0103,3,300.0,0,900.0,UPI,DELIVERED,App,11
ORD000844,2026-09-12 09:06:16,C00109,S10,P0086,1,23.0,0,23.0,Cash on Delivery,DELIVERED,App,16
ORD001181,2026-09-16 09:11:57,C00225,S01,P0115,2,628.0,20,1004.8,UPI,DELIVERED,App,10
ORD001704,2026-09-22 14:05:50,C00323,S02,P0141,1,265.0,5,251.75,Wallet,DELIVERED,App,25
ORD001215,2026-09-16 16:26:42,C00112,S05,P0142,1,115.0,5,109.25,Card,DELIVERED,App,30
ORD001515,2026-09-20 07:31:37,C00060,S14,P0055,2,684.0,10,1231.2,UPI,DELIVERED,Web,
ORD001860,2026-09-24 12:15:20,C00365,S13,P0108,3,161.0,0,483.0,Cash on Delivery,DELIVERED,App,8
ORD000195,2026-09-03 14:17:31,C00384,S14,P0072,2,396.0,15,673.2,UPI,DELIVERED,App,21
ORD001179,2026-09-16 08:38:03,C00298,S11,P0001,1,107.0,0,107.0,UPI,DELIVERED,App,12
ORD002260,2026-09-29 11:46:31,C00353,S15,P0033,1,198.0,0,198.0,Card,DELIVERED,App,8
ORD000689,2026-09-10 10:08:15,C00028,S05,P0081,3,10.0,20,24.0,Card,DELIVERED,Web,32
ORD000730,2026-09-10 16:51:03,C00205,S05,P0019,2,220.0,10,396.0,UPI,DELIVERED,Web,35
ORD000075,2026-09-01 21:59:00,C00333,S09,P0056,1,663.0,0,663.0,Cash on Delivery,RETURNED,Web,13
ORD000766,2026-09-11 08:45:58,C00202,S09,P0138,1,507.0,20,405.6,Cash on Delivery,DELIVERED,App,24
ORD001483,2026-09-19 18:51:26,C00094,S02,P0098,2,93.0,0,186.0,UPI,DELIVERED,App,21
ORD001281,2026-09-17 12:24:45,C00125,S03,P0049,2,152.0,0,304.0,Card,DELIVERED,App,20
ORD001801,2026-09-23 19:08:48,C00079,S05,P0148,2,105.0,0,210.0,UPI,DELIVERED,Web,32
ORD002269,2026-09-29 14:28:09,C00237,S04,P0066,4,209.0,0,836.0,UPI,DELIVERED,App,16
ORD002154,2026-09-27 22:36:29,C00312,S12,P0011,1,119.0,0,119.0,Card,DELIVERED,Web,20
ORD001185,2026-09-16 09:57:59,C00264,S11,P0101,1,248.0,0,248.0,Card,DELIVERED,Web,21
ORD001948,2026-09-25 13:22:07,C00339,S13,P0034,2,205.0,5,389.5,UPI,DELIVERED,App,28
ORD001245,2026-09-16 22:17:09,C00119,S11,P0117,1,77.0,0,77.0,Wallet,DELIVERED,App,31
ORD001911,2026-09-24 22:27:01,C00289,S15,P0025,1,238.0,15,202.3,Card,DELIVERED,App,17
ORD001225,2026-09-16 18:58:18,C00006,S07,P0120,4,344.0,0,1376.0,Card,DELIVERED,App,11
ORD001714,2026-09-22 16:26:55,C00049,S03,P0063,1,729.0,5,692.55,Card,DELIVERED,Web,19
ORD001340,2026-09-18 07:18:54,C00120,S14,P0098,1,93.0,10,83.7,Card,DELIVERED,App,8
ORD001813,2026-09-23 21:10:52,C00343,S14,P0001,2,107.0,10,192.6,UPI,DELIVERED,App,14
ORD000789,2026-09-11 14:03:57,C00107,S15,P9989,1,238.0,5,226.1,UPI,DELIVERED,App,24
ORD000113,2026-09-02 16:44:36,C00387,S09,P0105,4,109.0,0,436.0,Cash on Delivery,DELIVERED,App,18
ORD001145,2026-09-15 18:29:50,C00334,S11,P0110,4,42.0,10,151.2,Cash on Delivery,DELIVERED,App,18
ORD000768,2026-09-11 08:50:08,C00313,S11,P0016,4,224.0,5,851.2,UPI,DELIVERED,App,9
ORD002374,2026-09-30 18:30:26,C00271,S07,P0036,1,131.0,0,131.0,Card,DELIVERED,App,27
ORD002394,2026-09-30 23:01:54,C00148,S15,P0019,1,220.0,0,220.0,Cash on Delivery,DELIVERED,Web,15
ORD002076,2026-09-26 20:27:42,C00124,S09,P0121,1,334.0,10,300.6,UPI,DELIVERED,App,30
ORD000954,2026-09-13 14:31:21,C00138,S12,P0117,1,77.0,15,65.45,Cash on Delivery,DELIVERED,Web,28
ORD000725,2026-09-10 16:08:28,C00223,S07,P0051,1,283.0,15,240.55,UPI,DELIVERED,App,11
ORD002274,2026-09-29 15:42:34,C00268,S15,P0114,1,505.0,5,479.75,Wallet,DELIVERED,App,25
ORD000378,2026-09-06 08:25:41,C00364,S03,P0081,1,10.0,0,10.0,UPI,DELIVERED,App,19
ORD000141,2026-09-02 20:22:45,C00369,S14,P0144,1,666.0,5,632.7,UPI,DELIVERED,App,14
ORD000064,2026-09-01 19:20:01,C00087,S14,P0113,2,445.0,0,890.0,UPI,CANCELLED,Web,
ORD000217,2026-09-03 21:30:47,C00052,S14,P0106,4,380.0,0,1520.0,UPI,DELIVERED,App,10
ORD001974,2026-09-25 17:32:45,C00334,S07,P0126,2,416.0,0,832.0,Wallet,DELIVERED,App,15
ORD001063,2026-09-14 19:02:21,C00218,S10,P0010,1,77.0,0,77.0,UPI,DELIVERED,App,20
ORD000396,2026-09-06 12:11:33,C00109,S03,P0132,4,497.0,15,1689.8,UPI,DELIVERED,App,11
ORD000987,2026-09-13 19:28:09,C00330,S12,P0014,1,108.0,10,97.2,UPI,DELIVERED,App,32
ORD000694,2026-09-10 10:54:27,C00160,S03,P0072,4,396.0,0,1584.0,UPI,DELIVERED,App,10
ORD001201,2026-09-16 13:01:07,C00186,S10,P0071,1,336.0,0,336.0,UPI,DELIVERED,App,16
ORD000343,2026-09-05 19:49:54,C00029,S09,P0005,4,167.0,0,668.0,Cash on Delivery,DELIVERED,App,20
ORD000054,2026-09-01 17:43:29,C00356,S08,P0013,3,164.0,0,492.0,Cash on Delivery,RETURNED,App,10
ORD000001,2026-09-01 06:30:15,C00314,S14,P0128,2,211.0,10,379.8,Cash on Delivery,DELIVERED,App,34
ORD001535,2026-09-20 10:53:08,C00394,S03,P0007,1,93.0,5,88.35,Wallet,DELIVERED,App,15
ORD000647,2026-09-09 19:26:01,C00129,S05,P0115,1,628.0,10,565.2,Card,DELIVERED,App,35
ORD001588,2026-09-20 22:10:10,C00034,S02,P0026,1,205.0,0,205.0,Wallet,DELIVERED,App,21
ORD002303,2026-09-29 21:34:48,C00357,S15,P0013,4,164.0,5,623.2,UPI,DELIVERED,App,24
ORD001957,2026-09-25 14:15:39,C00245,S11,P0004,1,188.0,0,188.0,UPI,DELIVERED,App,11
ORD000206,2026-09-03 17:27:13,C00028,S08,P0039,1,380.0,5,361.0,UPI,DELIVERED,App,28
ORD000003,2026-09-01 06:38:44,C00021,S03,P0107,1,567.0,20,453.6,UPI,DELIVERED,App,34
ORD000822,2026-09-11 22:25:24,C00152,S02,P0060,1,531.0,0,531.0,UPI,DELIVERED,App,28
ORD001355,2026-09-18 12:15:50,C00398,S06,P0041,4,444.0,20,1420.8,Cash on Delivery,DELIVERED,App,33
ORD001465,2026-09-19 15:45:23,C00162,S01,P0031,1,244.0,5,231.8,Wallet,DELIVERED,App,26
ORD001464,2026-09-19 15:44:51,C00309,S04,P0147,1,242.0,0,242.0,UPI,DELIVERED,App,24
ORD002105,2026-09-27 09:58:34,C00324,S10,P0009,2,111.0,5,210.9,Cash on Delivery,DELIVERED,Web,33
ORD002142,2026-09-27 19:22:11,C00134,S05,P0072,1,396.0,15,336.6,UPI,CANCELLED,App,
ORD000269,2026-09-04 20:11:57,C00254,S04,P0057,2,820.0,0,1640.0,Card,DELIVERED,App,9
ORD000764,2026-09-11 07:45:21,,S12,P0139,1,405.0,20,324.0,Card,DELIVERED,App,29
ORD000444,2026-09-07 06:15:51,C00217,S11,P0080,1,518.0,10,466.2,Wallet,RETURNED,App,16
ORD000441,2026-09-07 06:05:34,C00202,S04,P0115,2,628.0,0,1256.0,UPI,RETURNED,App,24
ORD001858,2026-09-24 11:35:23,C00190,S10,P0031,2,244.0,5,463.6,UPI,DELIVERED,App,11
ORD002035,2026-09-26 11:35:05,C00038,S13,P0083,1,125.0,0,125.0,Card,DELIVERED,App,12
ORD001647,2026-09-21 18:47:51,C00018,S15,P0134,1,219.0,5,208.05,UPI,DELIVERED,Web,28
ORD002268,2026-09-29 14:00:03,C00265,S03,P0023,1,222.0,15,188.7,UPI,CANCELLED,App,
ORD000252,2026-09-04 15:09:18,C00391,S09,P0072,1,396.0,20,316.8,UPI,DELIVERED,App,17
ORD001821,2026-09-23 21:47:36,C00040,S05,P0139,2,405.0,20,648.0,Card,RETURNED,App,21
ORD002234,2026-09-28 23:55:05,C00132,S13,P0015,1,218.0,10,196.2,Card,DELIVERED,App,28
ORD001782,2026-09-23 15:31:19,C00204,S12,P0045,3,387.0,15,986.85,UPI,DELIVERED,App,23
ORD001309,2026-09-17 18:10:53,C00168,S15,P0052,3,299.0,0,897.0,UPI,DELIVERED,App,17
ORD001154,2026-09-15 20:29:13,C00260,S12,P0053,4,609.0,5,2314.2,Wallet,DELIVERED,Web,20
ORD001766,2026-09-23 12:11:23,C00050,S13,P0082,1,338.0,0,338.0,Cash on Delivery,DELIVERED,App,35
ORD002219,2026-09-28 21:05:16,,S05,P0098,2,93.0,0,186.0,Card,DELIVERED,App,15
ORD001438,2026-09-19 12:06:06,C00100,S15,P0004,2,188.0,0,376.0,Card,DELIVERED,App,16
ORD001457,2026-09-19 14:40:44,C00352,S11,P0014,1,108.0,0,108.0,UPI,DELIVERED,App,17
ORD001709,2026-09-22 15:13:56,C00212,S07,P0070,1,792.0,0,792.0,UPI,DELIVERED,Web,34
ORD001455,2026-09-19 13:55:44,C00190,S02,P0057,1,820.0,10,738.0,UPI,DELIVERED,Web,24
ORD002092,2026-09-27 06:09:57,C00376,S14,P0092,1,297.0,20,237.6,UPI,DELIVERED,Web,35
ORD001129,2026-09-15 13:47:40,C00230,S15,P0033,1,198.0,0,198.0,Wallet,DELIVERED,App,13
ORD000720,2026-09-10 15:03:41,C00371,S12,P0120,4,344.0,0,1376.0,Wallet,DELIVERED,Web,17
ORD000642,2026-09-09 17:12:05,C00253,S06,P0078,3,399.0,0,1197.0,UPI,DELIVERED,App,30
ORD001432,2026-09-19 10:19:47,C00174,S04,P0003,1,177.0,15,150.45,UPI,DELIVERED,App,20
ORD001965,2026-11-02 18:40:00,C00306,S01,P0073,1,279.0,0,279.0,Cash on Delivery,DELIVERED,App,25
ORD002200,2026-09-28 15:25:26,C00161,S06,P0034,1,205.0,10,184.5,UPI,DELIVERED,App,22
ORD001752,2026-09-23 07:40:30,C00315,S09,P0014,1,108.0,0,108.0,UPI,DELIVERED,App,8
ORD001489,2026-09-19 20:08:03,C00246,S06,P0045,1,387.0,5,367.65,UPI,DELIVERED,Web,19
ORD000487,2026-09-07 15:40:45,C00068,S14,P0106,1,380.0,5,361.0,Cash on Delivery,DELIVERED,App,8
ORD001546,2026-09-20 12:56:15,C00389,S04,P0084,1,288.0,0,288.0,UPI,DELIVERED,App,21
ORD000091,2026-09-02 10:31:50,C00240,S03,P0023,1,222.0,15,188.7,Cash on Delivery,RETURNED,Web,23
ORD002342,2026-09-30 11:27:59,C00090,S13,P0010,2,77.0,10,138.6,Wallet,DELIVERED,App,33
ORD000238,2026-09-04 10:11:07,C00036,S05,P0093,3,492.0,0,1476.0,UPI,DELIVERED,App,12
ORD000364,2026-09-06 07:00:47,C00047,S15,P0064,1,620.0,15,527.0,Cash on Delivery,DELIVERED,Web,32
ORD000382,2026-09-06 09:08:34,C00106,S03,P0108,1,161.0,0,161.0,Cash on Delivery,DELIVERED,App,34
ORD000167,2026-09-03 08:35:06,C00142,S07,P0082,2,338.0,15,574.6,UPI,CANCELLED,App,
ORD001832,2026-09-23 23:17:17,C00355,S03,P0006,2,197.0,5,374.3,UPI,DELIVERED,App,20
ORD002359,2026-09-30 13:48:59,C00296,S07,P0130,1,406.0,5,385.7,Card,DELIVERED,App,13
ORD001519,2026-09-20 08:01:03,C00069,S13,P0135,2,248.0,0,496.0,Card,DELIVERED,App,12
ORD001769,2026-09-23 13:14:42,C00002,S06,P0085,1,137.0,10,123.3,UPI,DELIVERED,App,32
ORD000251,2026-09-04 14:03:20,C00209,S11,P0119,2,515.0,0,1030.0,UPI,DELIVERED,Web,16
ORD001194,2026-09-16 11:40:51,C00215,S07,P0135,1,248.0,15,210.8,UPI,DELIVERED,App,17
ORD001505,2026-09-19 23:41:49,C00081,S02,P0134,2,219.0,0,438.0,Wallet,DELIVERED,Web,32
ORD000882,2026-09-12 18:24:46,C00345,S02,P0085,2,137.0,10,246.6,UPI,DELIVERED,Web,13
ORD000942,2026-09-13 11:16:10,C00364,S03,P0113,1,445.0,0,445.0,UPI,DELIVERED,App,18
ORD000566,2026-09-08 17:13:02,C00275,S12,P0112,4,183.0,10,658.8,UPI,DELIVERED,Web,21
ORD000904,2026-09-12 22:24:54,C00079,S14,P0085,5,137.0,0,685.0,UPI,DELIVERED,App,25
ORD000532,2026-09-08 09:49:51,C00384,S12,P0081,1,10.0,10,9.0,UPI,DELIVERED,App,12
ORD000825,2026-09-11 23:28:59,C00376,S02,P0027,2,448.0,5,851.2,UPI,DELIVERED,App,13
ORD000977,2026-09-13 17:49:18,C00188,S06,P0083,1,125.0,10,112.5,Cash on Delivery,DELIVERED,App,32
ORD000435,2026-09-06 22:08:19,C00171,S01,P0031,5,244.0,20,976.0,UPI,DELIVERED,Web,9
ORD000121,2026-09-02 17:28:16,C00286,S07,P0068,1,649.0,10,584.1,UPI,DELIVERED,App,32
ORD001204,2026-09-16 13:57:25,C00008,S06,P0133,3,267.0,0,801.0,Cash on Delivery,DELIVERED,App,12
ORD002347,2026-09-30 12:19:18,C00091,S12,P0099,3,303.0,15,772.65,UPI,DELIVERED,App,26
ORD002340,2026-09-30 11:18:12,C00124,S01,P0042,1,432.0,15,367.2,Cash on Delivery,CANCELLED,App,
ORD000875,2026-09-12 17:22:15,C00358,S11,P0071,1,336.0,0,336.0,UPI,DELIVERED,App,14
ORD000782,2026-09-11 12:38:33,C00065,S07,P0049,5,152.0,10,684.0,UPI,DELIVERED,App,10
ORD000596,2026-09-08 23:48:53,C00376,S04,P9784,1,332.0,20,265.6,Card,DELIVERED,App,18
ORD001274,2026-09-17 11:18:10,C00398,S12,P0100,1,220.0,0,110.0,UPI,DELIVERED,App,10
ORD002129,2026-09-27 16:33:43,C00338,S04,P0106,1,380.0,10,342.0,Cash on Delivery,DELIVERED,Web,12
ORD001928,2026-09-25 08:50:30,C00400,S06,P0009,5,111.0,15,471.75,UPI,DELIVERED,App,29
ORD000677,2026-09-10 07:18:14,C00375,S08,P0058,1,292.0,10,394.2,Card,DELIVERED,App,12
ORD000430,2026-09-06 20:27:31,C00060,S12,P0021,1,142.0,5,134.9,Cash on Delivery,DELIVERED,App,21
ORD001684,2026-09-22 08:36:16,C00190,S08,P0082,1,338.0,15,287.3,UPI,DELIVERED,App,25
ORD002216,2026-09-28 19:57:10,C00299,S14,P0062,2,421.0,0,842.0,Card,CANCELLED,App,
ORD001068,2026-09-14 19:45:27,C00332,S15,P0088,1,277.0,0,277.0,Cash on Delivery,DELIVERED,App,8
ORD001829,2026-09-23 22:51:23,C00275,S08,P0129,1,666.0,0,666.0,Wallet,DELIVERED,App,14
ORD000131,2026-09-02 18:46:24,C00180,S15,P0022,2,46.0,5,87.4,UPI,DELIVERED,Web,35
ORD001838,2026-09-23 23:51:07,C00284,S05,P0047,1,304.0,0,304.0,Cash on Delivery,DELIVERED,App,27
ORD001034,2026-09-14 13:01:50,C00038,S07,P0061,4,819.0,10,2948.4,Card,DELIVERED,Web,17
ORD002385,2026-09-30 20:51:29,C00392,S14,P0002,3,105.0,5,299.25,UPI,DELIVERED,App,26
ORD000066,2026-09-01 20:02:13,C00157,S01,P0073,3,279.0,0,837.0,UPI,DELIVERED,App,8
ORD001727,2026-09-22 20:09:55,C00210,S07,P0084,1,288.0,10,259.2,UPI,DELIVERED,App,25
ORD000729,2026-09-10 16:30:09,C00279,S02,P0063,1,729.0,15,619.65,UPI,DELIVERED,App,25
ORD002145,2026-09-27 20:17:59,C00223,S15,P0137,3,168.0,20,403.2,Card,DELIVERED,App,24
ORD000210,2026-09-03 17:37:04,C00244,S01,P0135,1,248.0,0,248.0,UPI,DELIVERED,Web,20
ORD000383,2026-09-06 09:35:36,C00326,S03,P0064,4,620.0,10,2232.0,UPI,DELIVERED,App,33
ORD000230,2026-09-04 06:20:40,C00272,S15,P0012,1,137.0,0,137.0,UPI,DELIVERED,App,19
ORD000363,2026-09-06 06:47:32,C00399,S03,P0069,1,228.0,0,228.0,UPI,DELIVERED,Web,35
ORD000676,2026-09-10 07:10:46,C00390,S05,P0036,1,131.0,15,111.35,Card,CANCELLED,Web,
ORD001219,2026-09-16 17:19:53,C00110,S03,P0134,1,219.0,0,219.0,Wallet,DELIVERED,App,30
ORD000831,2026-09-12 06:05:09,C00257,S13,P0072,4,396.0,0,1584.0,Card,DELIVERED,App,26
ORD001712,2026-09-22 16:11:34,C00176,S07,P0087,2,49.0,5,93.1,UPI,DELIVERED,App,20
ORD000515,2026-09-07 23:59:14,C00281,S06,P0083,1,125.0,15,106.25,UPI,DELIVERED,App,29
ORD001939,2026-09-25 11:49:24,C00350,S10,P0012,1,137.0,0,137.0,Cash on Delivery,DELIVERED,App,22
ORD002309,2026-09-29 22:43:38,C00392,S09,P0011,2,119.0,0,238.0,Wallet,DELIVERED,App,19
ORD001587,2026-09-20 21:50:07,C00196,S01,P0130,3,406.0,20,974.4,UPI,DELIVERED,App,12
ORD002174,2026-09-28 10:17:46,C00114,S12,P0030,5,50.0,20,200.0,UPI,DELIVERED,App,18
ORD000456,2026-09-07 09:04:19,C00334,S15,P0017,1,120.0,5,114.0,Card,CANCELLED,App,
ORD000544,2026-09-08 11:20:43,C00073,S01,P0018,1,186.0,0,186.0,Card,DELIVERED,App,8
ORD000339,2026-09-05 18:04:47,C00285,S15,P0137,1,168.0,0,168.0,UPI,DELIVERED,App,20
ORD001311,2026-09-17 18:36:15,C00361,S01,P0054,1,849.0,20,679.2,Card,DELIVERED,App,35
ORD001246,2026-09-16 22:32:59,C00357,S15,P0131,1,336.0,5,319.2,Wallet,DELIVERED,App,15
ORD001643,2026-09-21 18:16:07,C00253,S02,P0113,1,445.0,0,445.0,Card,DELIVERED,Web,9
ORD002085,2026-09-26 22:23:47,C00183,S06,P0011,1,119.0,0,119.0,Card,DELIVERED,App,28
ORD000575,2026-09-08 19:07:11,C00357,S07,P0119,5,515.0,15,2188.75,Card,DELIVERED,App,23
ORD000799,2026-09-11 17:21:26,C00083,S06,P0096,1,395.0,0,395.0,UPI,DELIVERED,Web,26
ORD002286,2026-09-29 18:19:34,C00115,S10,P0074,2,350.0,0,700.0,UPI,DELIVERED,App,35
ORD002062,2026-09-26 16:43:28,C00042,S06,P0060,2,531.0,5,1008.9,UPI,DELIVERED,Web,23
ORD001321,2026-09-17 20:58:03,C00358,S07,P0147,1,242.0,0,242.0,UPI,DELIVERED,App,20
ORD001169,2026-09-15 23:26:55,C00003,S12,P0033,3,198.0,0,594.0,Cash on Delivery,RETURNED,App,10
ORD002163,2026-09-28 07:05:07,C00337,S01,P0130,1,406.0,10,365.4,UPI,DELIVERED,App,24
ORD000093,2026-09-02 10:51:19,C00119,S02,P0096,2,395.0,10,711.0,Wallet,DELIVERED,App,34
ORD000491,2026-09-07 16:14:38,C00180,S13,P0029,1,260.0,5,247.0,Cash on Delivery,DELIVERED,App,20
ORD002010,2026-09-26 08:20:54,C00225,S08,P0049,1,152.0,15,129.2,Cash on Delivery,DELIVERED,App,12
ORD000119,2026-09-02 17:15:00,C00125,S01,P0139,2,405.0,5,769.5,UPI,DELIVERED,Web,10
ORD000663,2026-09-09 22:36:26,C00251,S10,P0051,1,283.0,5,268.85,UPI,DELIVERED,App,18
ORD001530,2026-09-20 09:59:14,C00261,S13,P0072,1,396.0,0,396.0,UPI,DELIVERED,App,9
ORD000324,2026-09-05 14:12:29,C00223,S13,P0085,3,137.0,10,369.9,Card,DELIVERED,App,25
ORD002088,2026-09-26 22:57:14,C00051,S06,P0052,1,299.0,0,299.0,UPI,DELIVERED,App,25
ORD000084,2026-09-02 07:13:37,C00224,S10,P0054,1,849.0,10,764.1,UPI,DELIVERED,App,11
ORD001031,2026-09-14 12:21:15,C00277,S06,P0035,1,67.0,15,56.95,Card,DELIVERED,App,12
ORD000439,2026-09-06 23:37:22,C00131,S01,P0021,1,142.0,5,134.9,Card,DELIVERED,App,33
ORD001268,2026-09-17 09:41:10,C00011,S01,P0132,2,497.0,0,994.0,UPI,DELIVERED,App,21
ORD000654,2026-09-09 20:32:19,C00174,S02,P0039,1,380.0,0,380.0,UPI,DELIVERED,App,19
ORD001041,2026-09-14 14:30:20,C00205,S05,P0039,2,380.0,10,684.0,UPI,DELIVERED,Web,12
ORD001960,2026-09-25 14:55:20,C00393,S06,P0090,1,527.0,15,447.95,UPI,DELIVERED,Web,12
ORD002206,2026-09-28 16:21:15,C00352,S12,P0053,2,609.0,15,1035.3,Card,RETURNED,App,20
ORD001242,2026-09-16 21:49:34,C00071,S08,P0080,4,518.0,0,2072.0,UPI,DELIVERED,Web,26
ORD000089,2026-09-02 09:38:49,C00067,S15,P0023,1,222.0,5,210.9,UPI,DELIVERED,App,31
ORD000727,2026-09-10 16:24:20,C00377,S15,P0046,5,197.0,0,985.0,Wallet,DELIVERED,App,24
ORD000541,2026-09-08 10:45:02,C00037,S11,P0060,5,531.0,15,2256.75,UPI,DELIVERED,Web,16
ORD001670,2026-09-21 23:27:40,C00223,S07,P0041,3,444.0,20,1065.6,Cash on Delivery,DELIVERED,App,15
ORD000503,2026-09-07 19:19:15,C00269,S10,P0021,3,142.0,10,383.4,Cash on Delivery,DELIVERED,App,32
ORD000561,2026-09-08 16:18:21,C00284,S13,P0009,1,111.0,5,105.45,Card,DELIVERED,App,14
ORD002053,2026-09-26 15:12:43,C00237,S10,P0093,2,492.0,10,885.6,UPI,DELIVERED,App,31
ORD000485,2026-09-07 15:02:08,C00083,S11,P0102,1,369.0,0,369.0,UPI,CANCELLED,App,
ORD001030,2026-09-14 11:48:24,C00211,S13,P0078,2,399.0,20,638.4,Cash on Delivery,DELIVERED,App,17
ORD001743,2026-09-22 23:46:47,C00194,S06,P0145,2,315.0,0,630.0,Card,CANCELLED,App,
ORD001544,2026-09-20 12:48:49,C00127,S07,P0063,1,729.0,0,729.0,Wallet,DELIVERED,App,12
ORD001083,2026-09-14 22:16:10,C00008,S05,P0098,1,93.0,0,93.0,Cash on Delivery,DELIVERED,Web,10
ORD001216,2026-09-16 16:30:42,C00195,S10,P0024,3,36.0,0,108.0,UPI,DELIVERED,App,10
ORD000186,2026-09-03 13:04:00,C00094,S08,P0146,3,337.0,5,960.45,Card,DELIVERED,App,30
ORD001721,2026-09-22 17:31:47,C00051,S11,P0078,3,399.0,0,1197.0,UPI,CANCELLED,App,
ORD002223,2026-09-28 21:38:40,C00332,S13,P0117,1,77.0,5,36.58,UPI,DELIVERED,App,19
ORD001516,2026-09-20 07:36:41,C00086,S04,P0046,1,197.0,5,187.15,UPI,CANCELLED,Web,
ORD000621,2026-09-09 11:51:19,C00058,S08,P0146,1,337.0,5,320.15,Wallet,DELIVERED,App,17
ORD002128,2026-09-27 16:27:38,C00043,S13,P0003,1,177.0,0,265.5,UPI,DELIVERED,App,31
ORD001111,2026-09-15 09:26:06,C00399,S10,P0110,1,42.0,15,35.7,UPI,DELIVERED,App,12
ORD000907,2026-09-12 22:38:16,C00369,S14,P0121,1,334.0,0,334.0,Wallet,CANCELLED,App,
ORD000392,2026-09-06 11:39:42,C00335,S10,P0041,1,444.0,10,399.6,Cash on Delivery,RETURNED,App,16
ORD001133,2026-09-15 15:26:20,C00263,S01,P0055,4,684.0,15,2325.6,UPI,DELIVERED,App,11
ORD000180,2026-09-03 10:51:58,C00005,S02,P0061,4,819.0,0,3276.0,Card,DELIVERED,App,33
ORD002271,2026-09-29 14:31:05,C00332,S11,P0048,1,159.0,0,159.0,UPI,DELIVERED,App,11
ORD000895,2026-09-12 20:13:39,C00188,S06,P0081,1,10.0,20,8.0,UPI,DELIVERED,App,32
ORD000797,2026-09-11 16:10:39,C00044,S12,P0129,3,666.0,0,1998.0,Cash on Delivery,DELIVERED,App,33
ORD002038,2026-09-26 12:15:49,C00010,S11,P0121,2,334.0,5,634.6,UPI,DELIVERED,App,30
ORD001351,2026-09-18 11:24:00,C00390,S15,P0078,5,399.0,10,1795.5,Card,DELIVERED,Web,10
ORD001977,2026-09-25 18:29:29,C00115,S05,P0112,3,183.0,0,549.0,UPI,DELIVERED,Web,34
ORD001173,2026-09-16 06:29:16,C00075,S14,P0079,1,227.0,0,227.0,UPI,RETURNED,App,35
ORD001027,2026-09-14 10:40:24,C00224,S04,P0045,1,387.0,0,387.0,UPI,DELIVERED,App,24
ORD000268,2026-09-04 20:08:09,C00297,S04,P0019,1,220.0,0,220.0,Card,DELIVERED,App,11
ORD002317,2026-09-29 23:41:15,C00354,S09,P0046,1,197.0,15,167.45,Card,DELIVERED,App,20
ORD001458,2026-09-19 14:43:01,C00024,S03,P0087,2,49.0,15,83.3,Card,DELIVERED,App,13
ORD001611,2026-09-21 10:49:45,C00374,S10,P0042,5,432.0,10,1944.0,Card,DELIVERED,Web,18
ORD001579,2026-09-20 20:02:58,C00235,S05,P0091,5,468.0,5,2223.0,UPI,DELIVERED,App,24
ORD001525,2026-09-20 08:23:55,C00006,S13,P0051,1,283.0,0,283.0,Wallet,DELIVERED,App,32
ORD000117,2026-09-02 16:52:55,C00082,S01,P0008,1,150.0,15,127.5,Cash on Delivery,DELIVERED,Web,16
ORD001125,2026-09-15 13:13:35,C00174,S03,P0024,1,36.0,15,30.6,UPI,DELIVERED,App,17
ORD001574,2026-09-20 19:06:00,C00260,S08,P0033,2,198.0,15,336.6,UPI,DELIVERED,App,16
ORD000903,2026-09-12 22:24:48,C00213,S03,P0122,1,315.0,0,315.0,UPI,DELIVERED,App,21
ORD001106,2026-09-15 08:55:37,C00118,S12,P0030,3,50.0,0,150.0,Card,CANCELLED,Web,
ORD000479,2026-09-07 13:48:51,C00153,S08,P0045,2,387.0,0,774.0,Card,DELIVERED,App,24
ORD001411,2026-09-19 07:20:44,C00082,S07,P0027,2,448.0,20,716.8,UPI,CANCELLED,App,
ORD001835,2026-09-23 23:40:40,C00239,S08,P0115,1,628.0,10,565.2,Card,DELIVERED,App,10
ORD001624,2026-09-21 13:28:12,C00246,S04,P0071,3,336.0,5,9576.0,UPI,DELIVERED,App,32
ORD001012,2026-09-14 08:06:23,C00265,S07,P0133,4,267.0,5,1014.6,UPI,RETURNED,App,23
ORD000523,2026-09-08 08:11:19,C00373,S08,P0148,5,105.0,20,420.0,UPI,CANCELLED,Web,
ORD000615,2026-09-09 10:05:20,C00254,S07,P0033,1,198.0,5,188.1,UPI,DELIVERED,Web,27
ORD001711,2026-09-22 16:09:29,C00236,S03,P0062,1,421.0,15,357.85,Cash on Delivery,DELIVERED,App,10
ORD001177,2026-09-16 08:28:28,C00331,S11,P0102,3,369.0,0,1107.0,Card,DELIVERED,App,13
ORD001886,2026-09-24 17:38:56,C00289,S07,P0047,1,304.0,15,258.4,UPI,DELIVERED,App,27
ORD000858,2026-09-12 12:58:15,C00227,S04,P0038,1,389.0,15,330.65,Card,DELIVERED,App,24
ORD000557,2026-09-08 15:08:21,C00028,S02,P0030,2,50.0,10,90.0,Card,DELIVERED,App,19
ORD001466,2026-09-19 16:08:47,C00214,S14,P0070,1,792.0,0,792.0,Card,DELIVERED,App,21
ORD001943,2026-09-25 12:16:08,C00153,S10,P0107,2,567.0,0,1134.0,Wallet,DELIVERED,App,13
ORD001669,2026-09-21 22:37:17,C00333,S04,P0131,1,336.0,0,336.0,UPI,DELIVERED,App,9
ORD001006,2026-09-14 06:13:36,C00212,S13,P0047,1,304.0,0,304.0,UPI,DELIVERED,App,16
ORD001539,2026-09-20 11:32:10,C00233,S09,P0003,1,177.0,5,168.15,Card,DELIVERED,App,26
ORD000717,2026-09-10 14:49:17,C00177,S07,P0020,3,55.0,0,165.0,Cash on Delivery,DELIVERED,App,24
ORD000585,2026-09-08 20:23:15,C00208,S14,P0003,1,177.0,0,177.0,Cash on Delivery,DELIVERED,App,15
ORD000030,2026-09-01 11:14:11,C00237,S07,P0001,1,107.0,15,90.95,UPI,DELIVERED,App,8
ORD000221,2026-09-03 22:09:39,C00042,S12,P0114,1,505.0,15,429.25,Cash on Delivery,DELIVERED,App,29
ORD001941,2026-09-25 12:00:03,C00150,S12,P0006,1,197.0,10,177.3,Card,DELIVERED,App,15
ORD001308,2026-09-17 18:08:07,C00257,S01,P0028,3,76.0,0,228.0,Cash on Delivery,DELIVERED,App,29
ORD000750,2026-09-10 21:30:19,C00040,S09,P0025,1,238.0,0,238.0,Card,CANCELLED,App,
ORD001356,2026-09-18 12:22:06,C00226,S12,P0040,2,230.0,10,414.0,Cash on Delivery,DELIVERED,App,24
ORD001851,2026-09-24 09:29:24,C00159,S09,P0087,1,49.0,5,46.55,Cash on Delivery,DELIVERED,Web,14
ORD001110,2026-09-15 09:23:24,C00329,S13,P0068,3,649.0,5,1849.65,UPI,DELIVERED,App,9
ORD002065,2026-09-26 17:42:40,C00071,S06,P0002,1,105.0,0,105.0,Card,DELIVERED,App,19
ORD000600,2026-09-09 06:29:12,C00381,S08,P0080,1,518.0,0,518.0,Card,DELIVERED,App,25
ORD001888,2026-09-24 17:57:29,C00330,S05,P0141,3,265.0,20,636.0,UPI,DELIVERED,App,11
ORD000199,2026-09-03 15:38:10,C00236,S05,P0005,4,167.0,5,634.6,Card,DELIVERED,App,33
ORD001016,2026-09-14 08:38:16,C00231,S13,P0036,1,131.0,0,131.0,UPI,DELIVERED,App,9
ORD002040,2026-09-26 12:38:25,C00224,S15,P0041,3,444.0,5,1265.4,UPI,CANCELLED,App,
ORD001228,2026-09-16 19:08:18,C00356,S14,P0043,1,437.0,15,371.45,UPI,DELIVERED,App,27
ORD000048,2026-09-01 16:49:44,C00100,S03,P0142,1,115.0,0,115.0,UPI,DELIVERED,App,32
ORD001374,2026-09-18 16:20:47,C00230,S15,P0029,1,260.0,20,208.0,UPI,DELIVERED,App,12
ORD001263,2026-09-17 08:22:54,C00132,S13,P0147,1,242.0,5,229.9,UPI,DELIVERED,App,19
ORD002127,2026-09-27 15:55:14,C00075,S13,P0021,1,142.0,15,120.7,UPI,DELIVERED,App,18
ORD001612,2026-09-21 10:56:17,C00128,S14,P0035,1,67.0,20,53.6,UPI,DELIVERED,App,28
ORD001900,2026-09-24 20:31:29,C00225,S03,P0018,1,186.0,15,158.1,UPI,DELIVERED,App,13
ORD001629,2026-09-21 14:44:59,C00080,S03,P0137,1,168.0,20,134.4,Card,DELIVERED,App,12
ORD001818,2026-09-23 21:36:42,C00279,S07,P0025,1,238.0,10,214.2,UPI,DELIVERED,App,23
ORD000992,2026-09-13 20:59:02,C00052,S08,P0111,1,169.0,0,169.0,Cash on Delivery,DELIVERED,App,22
ORD000188,2026-09-03 13:22:52,C00027,S14,P0148,1,105.0,10,94.5,Card,DELIVERED,App,14
ORD002111,2026-09-27 10:46:35,C00163,S15,P0072,4,396.0,0,1584.0,Card,DELIVERED,App,16
ORD001291,2026-09-17 14:01:56,C00049,S03,P0016,5,224.0,0,1120.0,UPI,DELIVERED,Web,8
ORD001983,2026-09-25 19:28:01,C00276,S08,P0098,2,93.0,0,186.0,UPI,DELIVERED,App,27
ORD001258,2026-09-17 07:25:08,C00124,S14,P0043,1,437.0,0,437.0,Card,DELIVERED,App,33
ORD000732,2026-09-10 17:03:22,C00040,S10,P0120,4,344.0,15,1169.6,UPI,DELIVERED,App,25
ORD001053,2026-09-14 17:03:44,C00305,S14,P0028,2,76.0,0,152.0,UPI,DELIVERED,App,12
ORD002254,2026-09-29 10:22:10,C00183,S01,P0014,1,108.0,5,102.6,UPI,DELIVERED,App,10
ORD001361,2026-09-18 13:31:43,C00041,S13,P0059,1,883.0,0,883.0,UPI,DELIVERED,Web,31
ORD000405,2026-09-06 14:41:23,C00377,S10,P0054,1,849.0,0,849.0,Card,CANCELLED,App,
ORD002227,2026-09-28 22:13:22,C00078,S06,P0135,1,248.0,0,248.0,Card,DELIVERED,App,22
ORD001287,2026-09-17 13:32:37,C00064,S05,P0004,1,188.0,10,169.2,UPI,DELIVERED,App,15
ORD001170,2026-09-15 23:41:03,C00350,S06,P0089,1,492.0,15,418.2,UPI,DELIVERED,App,26
ORD001143,2026-09-15 18:12:13,C00090,S09,P0098,2,93.0,0,186.0,Wallet,DELIVERED,App,11
ORD001575,2026-09-20 19:31:59,C00072,S02,P0052,2,299.0,10,538.2,Card,DELIVERED,Web,31
ORD001585,2026-09-20 21:30:29,C00195,S05,P0039,1,380.0,10,342.0,UPI,DELIVERED,App,25
ORD000917,2026-09-13 06:19:17,C00221,S08,P0132,2,497.0,0,994.0,Card,DELIVERED,App,30
ORD001548,2026-09-20 13:00:08,C00056,S04,P0005,1,167.0,5,158.65,UPI,DELIVERED,App,8
ORD000624,2026-09-09 12:54:43,C00315,S05,P0006,5,197.0,15,837.25,Card,DELIVERED,Web,8
ORD002213,2026-09-28 19:18:20,C00241,S07,P0054,1,849.0,0,849.0,UPI,DELIVERED,App,11
ORD000847,2026-09-12 09:49:59,C00344,S11,P0118,2,217.0,20,347.2,UPI,DELIVERED,App,9
ORD000316,2026-09-05 12:13:44,C00261,S01,P0040,1,230.0,0,230.0,Card,CANCELLED,App,
ORD001528,2026-09-20 09:47:39,C00365,S02,P0105,1,109.0,0,109.0,Card,DELIVERED,App,20
ORD001759,2026-09-23 10:17:50,C00331,S08,P0078,4,399.0,0,1596.0,UPI,CANCELLED,App,
ORD000426,2026-09-06 19:21:44,C00310,S10,P0075,1,157.0,5,149.15,UPI,DELIVERED,Web,8
ORD000906,2026-09-12 22:36:29,C00338,S15,P0010,3,77.0,0,231.0,Wallet,DELIVERED,App,32
ORD001532,2026-09-20 10:07:56,,S13,P0032,1,332.0,0,332.0,Card,DELIVERED,App,19
ORD002311,2026-09-29 22:51:39,C00005,S04,P0096,2,395.0,5,750.5,Card,DELIVERED,App,27
ORD002282,2026-09-29 17:32:57,C00322,S12,P0043,1,437.0,0,437.0,Card,DELIVERED,App,19
ORD001847,2026-09-24 08:01:49,C00296,S07,P0021,3,142.0,0,426.0,Card,DELIVERED,App,33
ORD001973,2026-09-25 17:19:37,C00309,S06,P0139,3,405.0,0,1215.0,UPI,DELIVERED,Web,24
ORD000883,2026-09-12 18:39:37,C00376,S09,P0040,2,230.0,15,391.0,UPI,DELIVERED,App,25
ORD001064,2026-09-14 19:06:19,C00060,S01,P0085,2,137.0,0,274.0,UPI,DELIVERED,App,22
ORD001124,2026-09-15 13:05:08,C00396,S06,P0108,-1,161.0,10,-144.9,UPI,CANCELLED,App,
ORD000620,2026-09-09 11:28:58,C00184,S10,P0128,1,211.0,20,168.8,UPI,DELIVERED,App,20
ORD000022,2026-09-01 09:55:26,,S10,P0102,1,369.0,5,350.55,UPI,DELIVERED,App,31
ORD002016,2026-09-26 09:06:10,C00225,S08,P0036,1,131.0,10,117.9,UPI,DELIVERED,App,8
ORD000069,2026-09-01 21:05:10,C00287,S03,P0045,4,387.0,0,1548.0,Cash on Delivery,DELIVERED,App,28
ORD002229,2026-09-28 22:24:27,C00066,S04,P0150,1,337.0,20,269.6,Cash on Delivery,DELIVERED,App,
ORD001189,2026-09-16 11:10:14,C00101,S14,P0150,2,337.0,10,606.6,UPI,DELIVERED,App,9
ORD000197,2026-09-03 14:59:23,C00192,S11,P0071,1,336.0,15,285.6,UPI,DELIVERED,App,14
ORD002080,2026-09-26 21:27:30,C00065,S11,P0026,2,205.0,5,389.5,UPI,DELIVERED,App,14
ORD000011,2026-09-01 08:11:43,C00084,S03,P0116,1,450.0,15,382.5,Wallet,RETURNED,App,24
ORD000802,2026-09-11 17:39:38,C00218,S13,P0112,4,183.0,0,732.0,UPI,DELIVERED,Web,13
ORD002176,2026-09-28 10:44:14,C00218,S12,P0079,1,227.0,0,227.0,Cash on Delivery,RETURNED,App,8
ORD000873,2026-09-12 17:20:05,C00314,S05,P0141,1,265.0,0,265.0,UPI,DELIVERED,App,34
ORD000134,2026-09-02 19:16:01,C00044,S14,P9822,1,219.0,10,197.1,UPI,DELIVERED,App,27
ORD001226,2026-09-16 19:03:40,C00308,S02,P0008,2,150.0,10,270.0,UPI,DELIVERED,App,15
ORD002022,2026-09-26 09:55:23,C00349,S05,P0084,5,288.0,5,1368.0,UPI,DELIVERED,App,28
ORD001156,2026-09-15 20:43:07,C00053,S07,P0107,1,567.0,10,510.3,Wallet,DELIVERED,Web,12
ORD000549,2026-09-08 12:24:11,C00278,S13,P0111,2,169.0,15,287.3,UPI,DELIVERED,App,27
ORD000926,2026-09-13 08:00:26,C00291,S13,P0070,1,792.0,10,712.8,Wallet,DELIVERED,App,34
ORD001035,2026-09-14 13:10:05,C00276,S01,P0049,2,152.0,20,243.2,Wallet,DELIVERED,Web,16
ORD002096,2026-09-27 07:19:28,C00400,S11,P0105,1,109.0,0,109.0,UPI,DELIVERED,Web,27
ORD002029,2026-09-26 10:30:21,C00316,S11,P0024,2,36.0,0,72.0,UPI,DELIVERED,App,16
ORD001495,2026-09-19 21:17:44,C00331,S12,P0025,3,238.0,0,714.0,UPI,DELIVERED,App,11
ORD000349,2026-09-05 20:43:09,C00084,S05,P0134,5,219.0,10,985.5,UPI,DELIVERED,App,17
ORD000381,2026-09-06 09:08:05,C00263,S01,P0023,5,222.0,0,1110.0,UPI,DELIVERED,App,30
ORD001694,2026-09-22 11:04:29,C00185,S08,P0076,1,11.0,20,8.8,UPI,DELIVERED,App,34
ORD001443,2026-09-19 12:18:32,C00105,S10,P0087,1,49.0,15,41.65,UPI,DELIVERED,App,29
ORD002077,2026-09-26 20:58:06,C00299,S05,P0045,1,387.0,10,348.3,Card,DELIVERED,App,18
ORD000420,2026-09-06 18:52:14,C00073,S10,P0096,4,395.0,5,1501.0,UPI,DELIVERED,App,21
ORD002322,2026-09-30 06:38:30,C00285,S15,P0002,4,105.0,15,357.0,Card,DELIVERED,App,20
ORD001628,2026-09-21 13:58:05,C00026,S07,P0119,1,515.0,15,437.75,Card,DELIVERED,App,12
ORD001346,2026-09-18 09:45:49,C00372,S01,P0137,2,168.0,5,319.2,UPI,DELIVERED,App,34
ORD000800,2026-09-11 17:22:44,C00077,S01,P0116,5,450.0,0,2250.0,UPI,CANCELLED,App,
ORD001507,2026-09-19 23:51:41,C00379,S12,P0057,1,820.0,0,820.0,UPI,DELIVERED,App,35
ORD000719,2026-09-10 14:58:32,C00097,S08,P0038,4,389.0,5,1478.2,Card,DELIVERED,Web,33
ORD000344,2026-09-05 20:01:39,C00160,S15,P0010,4,77.0,20,246.4,UPI,CANCELLED,App,
ORD001522,2026-09-20 08:04:49,C00064,S13,P0026,1,205.0,20,164.0,UPI,DELIVERED,App,31
ORD001399,2026-09-18 22:06:02,C00068,S08,P0020,4,55.0,20,176.0,UPI,DELIVERED,App,32
ORD000454,2026-09-07 08:05:45,C00273,S06,P0104,3,525.0,0,1575.0,UPI,DELIVERED,Web,11
ORD000771,2026-09-11 09:21:13,C00336,S11,P0047,4,304.0,0,1216.0,Card,CANCELLED,App,
ORD001376,2026-09-18 16:47:53,C00120,S13,P0126,3,416.0,15,1060.8,UPI,DELIVERED,App,35
ORD000779,2026-09-11 11:59:55,C00280,S14,P0035,1,67.0,0,67.0,UPI,DELIVERED,App,21
ORD002104,2026-09-27 09:48:12,C00240,S15,P0002,1,105.0,0,105.0,Cash on Delivery,DELIVERED,App,28
ORD000958,2026-09-13 14:48:05,C00007,S09,P0126,1,416.0,10,374.4,UPI,DELIVERED,App,19
ORD001653,2026-09-21 20:22:44,C00090,S07,P0077,1,369.0,20,295.2,UPI,DELIVERED,Web,31
ORD002315,2026-09-29 23:36:02,C00040,S01,P0004,4,188.0,0,752.0,UPI,DELIVERED,App,9
ORD000300,2026-09-05 08:03:55,C00164,S11,P0069,1,228.0,0,228.0,Card,DELIVERED,App,19
ORD001884,2026-09-24 16:55:01,C00098,S05,P0086,5,23.0,10,103.5,UPI,DELIVERED,App,26
ORD000033,2026-09-01 11:45:00,C00277,S06,P0016,1,224.0,0,224.0,UPI,DELIVERED,App,35
ORD000187,2026-09-03 13:13:20,C00037,S11,P0147,1,242.0,20,193.6,UPI,DELIVERED,App,8
ORD001746,2026-09-23 06:45:21,C00120,S09,P0055,1,684.0,20,547.2,UPI,DELIVERED,App,14
ORD001513,2026-09-20 06:46:09,C00259,S11,P0091,1,468.0,15,397.8,UPI,DELIVERED,App,13
ORD002361,2026-09-30 14:10:42,C00219,S04,P0075,2,157.0,5,298.3,Card,DELIVERED,App,32
ORD000110,2026-09-02 15:36:12,C00339,S03,P0111,1,169.0,0,169.0,UPI,DELIVERED,Web,33
ORD000065,2026-09-01 19:40:04,C00295,S15,P0122,2,315.0,20,504.0,UPI,DELIVERED,App,18
ORD002240,2026-09-29 07:07:03,C00195,S05,P0078,1,399.0,0,399.0,Card,DELIVERED,Web,26
ORD002350,2026-09-30 12:25:38,C00118,S05,P0033,3,198.0,20,475.2,UPI,DELIVERED,App,16
ORD001052,2026-09-14 16:52:20,C00024,S05,P0051,1,283.0,20,226.4,UPI,DELIVERED,App,13
ORD000120,2026-09-02 17:25:09,C00177,S06,P0110,1,42.0,0,42.0,UPI,DELIVERED,App,25
ORD000963,2026-09-13 15:25:58,C00229,S14,P0036,2,131.0,0,262.0,UPI,DELIVERED,App,9
ORD000153,2026-09-03 06:08:20,C00017,S03,P0101,4,248.0,0,992.0,Cash on Delivery,delivered,App,12
ORD000407,2026-09-06 15:30:45,C00356,S03,P0113,2,445.0,0,890.0,UPI,DELIVERED,App,20
ORD000754,2026-09-10 22:52:55,C00212,S07,P0032,2,332.0,15,564.4,UPI,RETURNED,App,21
ORD001338,2026-09-18 06:48:02,C00162,S14,P0111,4,169.0,0,676.0,UPI,DELIVERED,App,9
ORD001357,2026-09-18 12:31:18,C00044,S13,P0069,1,228.0,5,216.6,Card,CANCELLED,App,
ORD001595,2026-09-21 06:05:54,C00045,S05,P0044,3,228.0,0,684.0,Card,CANCELLED,App,
ORD000892,2026-09-12 19:43:30,C00045,S12,P0049,1,152.0,20,121.6,UPI,DELIVERED,App,13
ORD000742,2026-09-10 20:24:46,C00111,S11,P0146,5,337.0,0,1685.0,UPI,DELIVERED,App,19
ORD002112,2026-09-27 10:54:38,C00377,S03,P0106,3,380.0,0,1140.0,UPI,DELIVERED,App,34
ORD000586,2026-09-08 20:45:37,C00337,S07,P0107,2,567.0,15,963.9,Cash on Delivery,DELIVERED,App,8
ORD001524,2026-09-20 08:09:36,C00159,S09,P0128,1,211.0,0,211.0,Cash on Delivery,DELIVERED,App,10
ORD001614,2026-09-21 11:15:30,C00217,S10,P0098,2,93.0,5,176.7,UPI,DELIVERED,App,19
ORD002188,2026-09-28 13:28:47,C00383,S08,P0062,1,421.0,10,378.9,UPI,DELIVERED,App,16
ORD000713,2026-09-10 14:20:29,C00023,S08,P0065,3,190.0,0,570.0,UPI,DELIVERED,Web,13
ORD001153,2026-09-15 20:28:09,C00013,S14,P0037,2,143.0,5,271.7,UPI,DELIVERED,App,35
ORD001140,2026-09-15 16:50:42,C00103,S15,P0028,2,76.0,0,152.0,Card,DELIVERED,App,10
ORD000412,2026-09-06 16:48:24,C00273,S09,P0047,1,304.0,15,258.4,Card,DELIVERED,App,23
ORD002180,2026-09-28 11:32:07,C00028,S12,P0110,1,42.0,10,37.8,UPI,DELIVERED,App,27
ORD000592,2026-09-08 22:10:23,C00317,S04,P0041,1,444.0,0,444.0,Cash on Delivery,DELIVERED,App,12
ORD002141,2026-09-27 19:07:50,C00277,S14,P0050,2,449.0,0,898.0,Cash on Delivery,DELIVERED,App,9
ORD002368,2026-09-30 17:35:20,C00067,S04,P0139,1,405.0,0,405.0,Cash on Delivery,DELIVERED,App,10
ORD000690,2026-09-10 10:19:53,C00029,S09,P0084,5,288.0,15,1224.0,Wallet,DELIVERED,App,35
ORD002244,2026-09-29 08:38:11,C00047,S14,P0028,1,76.0,5,108.3,UPI,DELIVERED,App,30
ORD000527,2026-09-08 08:42:52,C00112,S07,P0072,2,396.0,0,792.0,UPI,DELIVERED,App,11
ORD002291,2026-09-29 18:52:23,C00304,S14,P0088,2,277.0,5,526.3,UPI,DELIVERED,App,12
ORD001222,2026-09-16 18:06:41,C00298,S03,P0012,1,137.0,15,116.45,UPI,DELIVERED,Web,25
ORD000467,2026-09-07 11:07:24,C00062,S13,P0057,3,820.0,15,2091.0,Cash on Delivery,DELIVERED,App,27
ORD000850,2026-09-12 10:52:28,C00156,S01,P0134,3,219.0,0,657.0,Card,DELIVERED,App,12
ORD001386,2026-09-18 19:10:35,C00354,S14,P0142,2,115.0,15,195.5,Wallet,RETURNED,Web,29
ORD002202,2026-09-28 15:39:36,C00021,S04,P0022,1,46.0,0,46.0,UPI,DELIVERED,App,16
ORD002186,2026-09-28 13:11:46,C00147,S01,P0024,3,36.0,15,91.8,Card,RETURNED,App,14
ORD000605,2026-09-09 07:59:07,C00240,S10,P0133,2,267.0,0,534.0,UPI,DELIVERED,App,29
ORD000905,2026-09-12 22:28:53,C00080,S09,P0044,1,228.0,20,182.4,Card,DELIVERED,Web,21
ORD002008,2026-09-26 08:15:23,C00400,S10,P0147,2,242.0,10,435.6,UPI,DELIVERED,App,11
ORD001859,2026-09-24 12:14:37,C00237,S06,P0044,1,228.0,0,228.0,Wallet,DELIVERED,App,20
ORD002275,2026-09-29 16:02:09,C00080,S03,P0064,1,620.0,0,620.0,Card,DELIVERED,App,9
ORD000821,2026-09-11 22:19:31,C00132,S02,P0104,1,525.0,10,472.5,Cash on Delivery,DELIVERED,App,35
ORD001556,2026-09-20 15:11:40,C00379,S10,P0064,2,620.0,0,1240.0,Cash on Delivery,DELIVERED,App,34
ORD001160,2026-09-15 21:14:10,C00134,S14,P0101,1,248.0,0,248.0,UPI,DELIVERED,App,32
ORD000722,2026-09-10 15:22:56,C00136,S13,P0027,1,448.0,5,425.6,Wallet,DELIVERED,App,33
ORD000667,2026-09-09 23:17:28,C00127,S15,P0079,1,227.0,0,227.0,UPI,DELIVERED,App,31
ORD000212,2026-09-03 17:58:54,C00265,S11,P0129,3,666.0,0,1998.0,UPI,DELIVERED,App,32
ORD000313,2026-09-05 11:06:37,C00165,S08,P0141,1,265.0,10,238.5,UPI,DELIVERED,App,32
ORD000346,2026-09-05 20:06:48,C00245,S03,P0011,1,119.0,5,113.05,Cash on Delivery,DELIVERED,App,34
ORD000781,2026-09-11 12:23:15,C00139,S07,P0112,1,183.0,5,173.85,UPI,RETURNED,App,32
ORD000962,2026-09-13 15:16:02,C00391,S03,P0048,3,159.0,0,477.0,Cash on Delivery,DELIVERED,Web,22
ORD001755,2026-09-23 08:45:53,C00278,S06,P0058,5,292.0,0,730.0,UPI,DELIVERED,App,26
ORD000301,2026-09-05 08:11:37,C00041,S07,P0141,3,265.0,0,795.0,Card,DELIVERED,App,31
ORD000636,2026-09-09 14:55:08,C00337,S06,P0019,1,220.0,0,220.0,Wallet,DELIVERED,App,33
ORD000380,2026-09-06 08:58:00,C00329,S02,P0099,1,303.0,20,242.4,Card,DELIVERED,Web,18
ORD000686,2026-09-10 09:32:56,C00219,S07,P0107,1,567.0,0,567.0,UPI,DELIVERED,App,15
ORD001081,2026-09-14 21:17:48,C00330,S07,P0149,2,144.0,20,230.4,UPI,DELIVERED,App,20
ORD000474,2026-09-07 12:48:36,C00304,S14,P0077,3,369.0,15,940.95,UPI,DELIVERED,App,28
ORD000002,2026-09-01 06:37:54,C00078,S14,P0024,1,36.0,20,28.8,UPI,DELIVERED,App,14
ORD001497,2026-09-19 21:42:35,C00081,S09,P0139,2,405.0,5,769.5,UPI,DELIVERED,App,26
ORD001824,2026-09-23 22:28:49,C00211,S07,P0027,4,448.0,0,1792.0,UPI,CANCELLED,App,
ORD000183,2026-09-03 12:24:42,C00071,S14,P0014,1,108.0,0,108.0,Card,DELIVERED,Web,11
ORD001261,2026-09-17 08:17:17,C00173,S09,P0009,2,111.0,0,222.0,UPI,CANCELLED,App,
ORD001484,2026-09-19 19:21:01,C00303,S13,P0141,3,265.0,20,636.0,UPI,DELIVERED,App,21
ORD000734,2026-09-10 17:52:26,C00257,S10,P0020,1,55.0,15,46.75,Card,DELIVERED,App,18
ORD001196,2026-09-16 12:34:49,C00195,S13,P0048,1,159.0,10,143.1,UPI,DELIVERED,App,31
ORD001146,2026-09-15 18:30:17,C00189,S10,P0145,2,315.0,0,630.0,UPI,DELIVERED,App,10
ORD000292,2026-09-05 06:24:26,C00292,S10,P0102,1,369.0,5,350.55,UPI,CANCELLED,App,
ORD000506,2026-09-07 19:56:58,C00357,S08,P0001,2,107.0,10,192.6,UPI,DELIVERED,Web,30
ORD002034,2026-09-26 11:29:32,C00082,S04,P0029,3,260.0,20,624.0,UPI,DELIVERED,Web,8
ORD001090,2026-09-14 23:37:01,C00016,S01,P0003,1,177.0,5,168.15,UPI,DELIVERED,App,18
ORD001390,2026-09-18 19:42:33,C00200,S05,P0075,4,157.0,0,628.0,Card,DELIVERED,App,24
ORD002352,2026-09-30 13:04:53,C00109,S11,P0023,1,222.0,0,222.0,Cash on Delivery,DELIVERED,App,35
ORD001164,2026-09-15 22:30:15,C00199,S11,P0081,2,10.0,20,16.0,UPI,DELIVERED,Web,20
ORD001698,2026-09-22 12:13:52,C00173,S11,P0124,1,483.0,15,410.55,UPI,DELIVERED,App,25
ORD002215,2026-09-28 19:45:51,C00079,S14,P0100,4,220.0,15,748.0,UPI,DELIVERED,Web,27
ORD001784,2026-09-23 15:46:30,C00097,S04,P0052,3,299.0,0,897.0,Card,DELIVERED,App,28
ORD002232,2026-09-28 23:28:08,C00132,S03,P0001,1,107.0,5,101.65,UPI,DELIVERED,App,27
ORD000965,2026-09-13 15:35:31,C00156,S08,P9399,3,119.0,0,357.0,Card,DELIVERED,App,8
ORD002126,2026-09-27 15:52:57,C00360,S00,P0034,1,205.0,0,205.0,Wallet,DELIVERED,App,29
ORD001013,2026-09-14 08:31:56,C00310,S08,P0086,1,23.0,0,23.0,Wallet,DELIVERED,Web,31
ORD000610,2026-09-09 09:20:02,C00185,S15,P0033,1,198.0,20,158.4,UPI,DELIVERED,Web,16
ORD000458,2026-09-07 09:21:53,C00126,S12,P0042,2,432.0,0,864.0,UPI,DELIVERED,App,25
ORD000938,2026-09-13 10:40:36,C00348,S05,P0143,1,455.0,0,455.0,UPI,DELIVERED,App,21
ORD001324,2026-09-17 21:39:38,C00135,S01,P0057,2,820.0,15,1394.0,UPI,DELIVERED,Web,25
ORD000826,2026-09-11 23:29:41,C00367,S14,P0052,3,299.0,10,807.3,Card,CANCELLED,App,
ORD000076,2026-09-01 22:14:02,C00002,S07,P0057,5,820.0,5,3895.0,UPI,DELIVERED,App,33
ORD001572,2026-09-20 18:41:48,C00193,S06,P0115,1,628.0,20,502.4,UPI,DELIVERED,App,30
ORD001375,2026-09-18 16:30:14,C00351,S12,P0148,1,105.0,0,105.0,UPI,DELIVERED,App,10
ORD002389,2026-09-30 22:19:25,C00135,S11,P0015,2,218.0,0,436.0,UPI,DELIVERED,App,16
ORD000830,2026-09-12 06:03:00,C00390,S11,P0055,1,684.0,0,684.0,UPI,DELIVERED,App,35
ORD001074,2026-09-14 20:23:39,C00035,S09,P0094,5,475.0,0,2375.0,Cash on Delivery,DELIVERED,App,29
ORD001330,2026-09-17 23:39:30,C00107,S11,P0140,1,364.0,0,364.0,Card,DELIVERED,Web,30
ORD001509,2026-09-19 23:58:33,C00386,S02,P0063,1,729.0,0,729.0,UPI,DELIVERED,App,31
ORD001867,2026-09-24 13:54:02,C00154,S02,P0073,2,279.0,10,502.2,UPI,DELIVERED,App,26
ORD001796,2026-09-23 18:44:39,C00160,S12,P0141,1,265.0,10,238.5,Cash on Delivery,DELIVERED,App,18
ORD002120,2026-09-27 13:34:14,C00071,S05,P0081,1,10.0,20,8.0,UPI,DELIVERED,App,11
ORD000893,2026-09-12 19:46:46,C00089,S13,P0043,3,437.0,0,1311.0,UPI,DELIVERED,App,24
ORD000812,2026-09-11 19:23:15,C00067,S07,P0088,5,277.0,0,1385.0,UPI,DELIVERED,App,29
ORD000024,2026-09-01 10:19:57,C00267,S09,P0119,2,515.0,0,1030.0,Cash on Delivery,DELIVERED,App,10
ORD002263,2026-09-29 12:01:20,C00065,S05,P0036,1,131.0,15,111.35,UPI,DELIVERED,App,10
ORD000262,2026-09-04 18:39:31,C00222,S08,P0037,2,143.0,15,243.1,Wallet,DELIVERED,App,16
ORD000062,2026-09-01 18:30:09,C00082,S05,P0070,1,792.0,0,792.0,Cash on Delivery,DELIVERED,Web,16
ORD001490,2026-09-19 20:23:27,C00347,S13,P0079,2,227.0,0,454.0,Wallet,DELIVERED,App,21
ORD001403,2026-09-18 23:41:20,C00256,S14,P0103,3,300.0,20,720.0,UPI,DELIVERED,App,25
ORD001395,2026-09-18 20:21:06,C00180,S11,P0016,2,224.0,10,403.2,Card,DELIVERED,App,28
ORD002179,2026-09-28 11:13:55,C00399,S03,P9761,4,242.0,20,774.4,Card,DELIVERED,App,31
ORD001597,2026-09-21 06:14:44,C00316,S06,P0074,1,350.0,0,350.0,Wallet,DELIVERED,App,23
ORD000744,2026-09-10 20:33:40,C00274,S02,P0088,1,277.0,15,235.45,Wallet,DELIVERED,App,26
ORD001635,2026-09-21 16:15:41,C00263,S11,P0032,1,332.0,5,315.4,UPI,CANCELLED,App,
ORD000708,2026-09-10 12:44:47,C00071,S05,P0029,2,260.0,20,416.0,UPI,DELIVERED,App,10
ORD001975,2026-09-25 17:41:13,C00050,S09,P0005,4,167.0,0,668.0,UPI,DELIVERED,App,34
ORD000862,2026-09-12 14:18:30,C00396,S03,P0015,3,218.0,15,555.9,Wallet,DELIVERED,Web,10
ORD002106,2026-09-27 10:00:12,C00383,S14,P0084,2,288.0,0,576.0,Card,DELIVERED,Web,15
ORD001689,2026-09-22 09:27:09,C00124,S03,P0006,1,197.0,20,157.6,UPI,DELIVERED,App,14
ORD001192,2026-09-16 11:20:51,C00381,S03,P0003,2,177.0,15,300.9,Wallet,DELIVERED,App,17
ORD001552,2026-09-20 14:13:11,C00005,S15,P0001,1,107.0,0,107.0,Wallet,DELIVERED,App,24
ORD000767,2026-09-11 08:47:04,C00273,S03,P0145,1,315.0,10,283.5,Cash on Delivery,DELIVERED,App,10
ORD001045,2026-09-14 15:14:44,C00242,S01,P0022,2,46.0,20,73.6,Wallet,DELIVERED,App,28
ORD001217,2026-09-16 17:15:40,C00270,S07,P0001,1,107.0,5,101.65,Card,DELIVERED,Web,12
ORD000194,2026-09-03 14:05:12,C00288,S11,P0018,2,186.0,0,372.0,UPI,CANCELLED,App,
ORD002079,2026-09-26 21:17:41,C00171,S11,P0118,2,217.0,15,368.9,UPI,DELIVERED,App,18
ORD000488,2026-09-07 15:43:18,C00179,S12,P0126,1,416.0,15,353.6,Card,CANCELLED,App,
ORD000047,2026-09-01 16:47:05,C00291,S11,P0141,4,265.0,10,954.0,Cash on Delivery,DELIVERED,App,20
ORD002377,2026-09-30 18:40:44,C00384,S04,P0036,1,131.0,0,131.0,UPI,DELIVERED,App,33
ORD001421,2026-09-19 08:39:35,C00360,S02,P0067,2,339.0,10,610.2,UPI,DELIVERED,App,32
ORD000165,2026-09-03 08:03:27,C00347,S09,P0034,1,205.0,5,194.75,UPI,DELIVERED,App,32
ORD000433,2026-09-06 21:34:30,C00095,S06,P0051,1,283.0,20,226.4,upi,DELIVERED,App,11
ORD001388,2026-09-18 19:30:43,C00186,S08,P0064,5,620.0,20,2480.0,Card,CANCELLED,App,
ORD000446,2026-09-07 06:51:09,C00384,S01,P0109,5,203.0,15,862.75,Card,DELIVERED,App,20
ORD001767,2026-09-23 12:23:39,C00143,S06,P0112,2,183.0,0,366.0,Cash on Delivery,DELIVERED,App,18
ORD001061,2026-09-14 18:43:20,C00143,S15,P0105,1,109.0,5,103.55,UPI,DELIVERED,App,32
ORD001377,2026-09-18 17:05:13,C00232,S11,P0136,1,360.0,0,360.0,UPI,DELIVERED,App,26
ORD001387,2026-09-18 19:27:31,C00083,S01,P0106,1,380.0,20,304.0,Cash on Delivery,DELIVERED,Web,18
ORD001877,2026-09-24 15:31:54,C00216,S02,P0039,1,380.0,0,380.0,UPI,DELIVERED,App,13
ORD001872,2026-09-24 14:34:40,C00163,S13,P0087,2,49.0,5,93.1,Card,CANCELLED,App,
ORD002387,2026-09-30 21:08:56,C00285,S14,P0003,2,177.0,20,283.2,Card,DELIVERED,App,23
ORD001244,2026-09-16 22:04:37,C00177,S15,P0024,3,36.0,20,86.4,UPI,RETURNED,App,15
ORD001865,2026-09-24 13:44:27,C00160,S02,P0020,4,55.0,0,220.0,Card,DELIVERED,App,23
ORD001257,2026-09-17 07:23:19,C00242,S04,P0024,1,36.0,5,34.2,Cash on Delivery,DELIVERED,App,19
ORD000936,2026-09-13 10:32:39,C00311,S13,P0128,2,211.0,0,422.0,UPI,DELIVERED,App,12
ORD002356,2026-09-30 13:21:51,C00249,S12,P0117,1,77.0,5,73.15,UPI ,DELIVERED,App,21
ORD000453,2026-09-07 07:57:49,C00025,S07,P0034,2,205.0,5,389.5,UPI,DELIVERED,App,29
ORD000078,2026-09-01 22:46:46,C00381,S06,P0096,1,395.0,5,375.25,UPI,CANCELLED,App,
ORD001172,2026-09-16 06:20:57,C00390,S07,P0131,1,336.0,0,336.0,Card,DELIVERED,App,35
ORD001645,2026-09-21 18:35:32,C00371,S14,P0050,3,449.0,0,1347.0,UPI,DELIVERED,App,30
ORD001302,2026-09-17 17:19:27,C00240,S14,P0028,5,76.0,0,380.0,UPI,DELIVERED,Web,25
ORD000438,2026-09-06 23:32:56,C00147,S08,P0041,5,444.0,20,1776.0,Cash on Delivery,DELIVERED,App,9
ORD001139,2026-09-15 16:40:43,C00391,S04,P0138,3,507.0,0,1521.0,UPI,DELIVERED,App,18
ORD001078,2026-09-14 20:39:17,C00348,S09,P0146,3,337.0,5,960.45,UPI,DELIVERED,App,27
ORD000272,2026-09-04 20:51:05,C00208,S13,P0089,2,492.0,0,984.0,Cash on Delivery,DELIVERED,App,12
ORD001970,2026-09-25 16:47:23,C00082,S03,P0021,3,142.0,5,404.7,UPI,Pending??,App,32
ORD001487,2026-09-19 19:53:03,C00048,S05,P0010,1,77.0,0,77.0,UPI,DELIVERED,App,33
ORD000539,2026-09-08 10:36:28,C00102,S13,P0001,3,107.0,10,288.9,UPI,DELIVERED,App,13
ORD000419,2026-09-06 18:43:43,C00027,S04,P0147,1,242.0,0,242.0,Cash on Delivery,DELIVERED,App,23
ORD001264,2026-09-17 08:32:31,C00184,S09,P0053,2,609.0,5,1157.1,UPI,DELIVERED,App,20
ORD000743,2026-09-10 20:27:35,C00262,S04,P0022,5,46.0,10,207.0,UPI,DELIVERED,App,32
ORD001085,2026-09-14 22:57:26,C00163,S07,P0069,1,228.0,5,216.6,Card,DELIVERED,App,11
ORD001070,2026-09-14 20:06:15,C00025,S14,P0014,1,108.0,0,108.0,Cash on Delivery,DELIVERED,App,24
ORD000878,2026-09-12 17:33:13,C00170,S07,P0073,4,279.0,20,892.8,Wallet,DELIVERED,App,
ORD001234,2026-09-16 20:42:13,C00062,S09,P0006,3,197.0,5,561.45,Wallet,DELIVERED,App,13
ORD001984,2026-09-25 19:46:06,C00263,S09,P0013,2,164.0,10,295.2,UPI,DELIVERED,App,27
ORD002280,2026-09-29 16:52:53,C00095,S02,P0014,5,108.0,0,540.0,UPI,DELIVERED,App,9
ORD001986,2026-09-25 20:16:30,C00072,S02,P0066,3,209.0,5,595.65,Wallet,DELIVERED,App,19
ORD001327,2026-09-17 23:02:33,C00085,S10,P0017,1,120.0,5,114.0,Wallet,DELIVERED,App,28
ORD000406,2026-09-06 14:56:04,C00181,S08,P0044,2,228.0,20,364.8,Card,DELIVERED,App,15
ORD000923,2026-09-13 07:14:25,C00040,S14,P0048,3,159.0,10,429.3,Card,DELIVERED,App,28
ORD002382,2026-09-30 19:51:09,C00354,S02,P0046,1,197.0,0,197.0,UPI,DELIVERED,App,16
ORD001289,2026-09-17 13:36:30,C00248,S04,P0126,5,416.0,0,2080.0,UPI,DELIVERED,App,30
ORD000298,2026-09-05 07:14:26,C00138,S15,P0060,1,531.0,20,424.8,Cash on Delivery,DELIVERED,Web,11
ORD002060,2026-09-26 16:15:19,C00055,S01,P0138,3,507.0,0,1521.0,Wallet,DELIVERED,App,12
ORD002299,2026-09-29 20:28:38,C00292,S10,P0096,1,395.0,20,316.0,Cash on Delivery,DELIVERED,App,20
ORD000662,2026-09-09 22:11:19,C00120,S09,P0033,1,198.0,10,178.2,UPI,DELIVERED,App,33
ORD000124,2026-09-02 18:19:19,C00199,S03,P0035,3,67.0,15,170.85,Card,DELIVERED,App,23
ORD001186,2026-09-16 10:07:30,C00093,S05,P0058,2,292.0,0,584.0,UPI,DELIVERED,App,13
ORD002212,2026-09-28 18:14:14,C00283,S13,P0054,1,849.0,10,764.1,UPI,DELIVERED,App,18
ORD000645,2026-09-09 19:02:51,C00245,S11,P0021,2,142.0,0,284.0,Wallet,DELIVERED,App,34
ORD001899,2026-09-24 19:52:09,C00046,S08,P0039,2,380.0,10,684.0,UPI,DELIVERED,App,32
ORD000912,2026-09-12 23:18:41,C00313,S02,P0022,4,46.0,5,174.8,UPI,DELIVERED,App,18
ORD002290,2026-09-29 18:49:17,C00344,S02,P0057,2,820.0,15,1394.0,Card,DELIVERED,Web,28
ORD001506,2026-09-19 23:51:41,C00148,S09,P0020,2,55.0,0,110.0,Wallet,DELIVERED,App,8
ORD002325,2026-09-30 06:55:02,C00378,S02,P0067,1,339.0,20,271.2,UPI,RETURNED,App,34
ORD000591,2026-09-08 21:55:51,C00029,S05,P0063,1,729.0,15,619.65,UPI,DELIVERED,App,16
ORD001239,2026-09-16 21:34:44,C00355,S10,P0042,5,432.0,5,2052.0,UPI,DELIVERED,App,33
ORD002177,2026-09-28 10:53:53,C00384,S01,P0034,1,205.0,10,184.5,Cash on Delivery,DELIVERED,App,29
ORD001461,2026-09-19 15:00:39,C00078,S05,P0100,1,220.0,0,220.0,Cash on Delivery,DELIVERED,App,32
ORD001514,2026-09-20 07:31:25,C00185,S10,P0062,1,421.0,0,421.0,UPI,DELIVERED,App,9
ORD001212,2026-09-16 15:42:20,C00071,S01,P0066,3,209.0,15,532.95,UPI,DELIVERED,App,27
ORD001582,2026-09-20 20:47:19,C00197,S11,P0066,3,209.0,0,627.0,Card,DELIVERED,App,31
ORD000068,2026-09-01 20:54:27,C00385,S14,P0037,3,143.0,10,386.1,UPI,DELIVERED,Web,9
ORD001580,2026-09-20 20:19:16,C00391,S13,P0006,2,197.0,10,354.6,Cash on Delivery,CANCELLED,App,
ORD001725,2027-01-01 09:00:00,C00325,S12,P0138,1,507.0,15,430.95,Card,DELIVERED,App,26
ORD001956,2026-09-25 14:12:45,C00279,S15,P0036,5,131.0,20,524.0,UPI,DELIVERED,App,17
ORD000466,2026-09-07 11:05:47,C00010,S01,P0067,4,339.0,0,1356.0,UPI,DELIVERED,App,28
ORD001523,2026-09-20 08:06:43,C00115,S01,P0049,3,152.0,10,410.4,Card,DELIVERED,App,22
ORD000414,2026-09-06 17:36:27,C00146,S09,P0107,5,567.0,0,2835.0,Card,DELIVERED,Web,20
ORD001802,2026-09-23 19:10:54,C00391,S13,P0048,1,159.0,0,159.0,UPI,DELIVERED,Web,23
ORD002146,2026-09-27 20:27:03,C00236,S06,P0119,1,515.0,0,515.0,UPI,DELIVERED,App,19
ORD001904,2026-09-24 21:05:50,C00308,S02,P0086,4,23.0,10,82.8,Card,DELIVERED,App,30
ORD001104,2026-09-15 08:52:25,C00236,S08,P0064,2,620.0,10,1116.0,Card,DELIVERED,App,900
ORD000052,2026-09-01 17:20:19,C00157,S04,P0068,2,649.0,15,1103.3,Wallet,DELIVERED,App,23
ORD001995,2026-09-25 22:29:53,C00333,S02,P0014,1,108.0,0,108.0,UPI,DELIVERED,App,17
ORD001475,2026-09-19 17:55:14,C00389,S14,P0006,1,197.0,5,187.15,Cash on Delivery,DELIVERED,App,8
ORD000524,2026-09-08 08:23:16,C00018,S01,P0046,2,197.0,0,394.0,UPI,DELIVERED,App,24
ORD000338,2026-09-05 18:01:47,C00041,S01,P0032,1,332.0,0,332.0,UPI,DELIVERED,Web,12
ORD001633,2026-09-21 15:45:38,C00359,S10,P0074,2,350.0,0,700.0,UPI,DELIVERED,App,30
ORD001504,2026-09-19 23:38:45,C00310,S05,P0071,2,336.0,0,672.0,UPI,DELIVERED,Web,27
ORD001151,2026-09-15 19:35:55,C00147,S09,P0028,4,76.0,0,304.0,UPI,DELIVERED,App,25
ORD000863,2026-09-12 14:37:05,C00092,S13,P0129,1,666.0,15,566.1,UPI,DELIVERED,App,10
ORD000508,2026-09-07 21:18:03,C00090,S13,P0125,1,609.0,0,609.0,UPI,DELIVERED,App,31
ORD000806,2026-09-11 17:51:33,C00092,S04,P0029,1,260.0,0,260.0,UPI,DELIVERED,Web,11
ORD000956,2026-09-13 14:37:29,C00377,S06,P0002,1,105.0,10,94.5,Card,DELIVERED,App,31
ORD000783,2026-09-11 12:43:06,C00267,S13,P0110,4,42.0,10,151.2,Card,DELIVERED,App,32
ORD000810,2026-09-11 18:46:45,C00039,S12,P0102,2,369.0,0,738.0,Cash on Delivery,DELIVERED,App,20
ORD001095,2026-09-15 06:31:50,C00061,S08,P0140,2,364.0,5,691.6,UPI,DELIVERED,App,35
ORD000046,2026-09-01 16:24:19,C00036,S03,P0008,3,150.0,10,405.0,UPI,DELIVERED,App,13
ORD001826,2026-09-23 22:39:11,C00077,S04,P0049,5,152.0,10,684.0,UPI,DELIVERED,App,16
ORD000838,2026-09-12 07:01:12,C00369,S03,P0051,1,283.0,0,283.0,UPI,DELIVERED,App,13
ORD000140,2026-09-02 20:20:27,C00283,S04,P0146,2,337.0,10,606.6,UPI,DELIVERED,App,34
ORD001029,2026-09-14 11:32:47,C00154,S11,P0049,1,152.0,0,152.0,UPI,DELIVERED,App,15
ORD000851,2026-09-12 11:00:43,C00338,S11,P0126,2,416.0,5,790.4,UPI,DELIVERED,App,20
ORD000584,2026-09-08 20:17:36,C00224,S02,P0014,1,108.0,5,102.6,Wallet,DELIVERED,App,25
ORD001279,2026-09-17 12:01:05,C00206,S11,P0138,1,507.0,15,430.95,UPI,DELIVERED,App,18
ORD000029,2026-09-01 11:13:15,C00185,S07,P0090,1,527.0,0,527.0,Cash on Delivery,DELIVERED,App,33
ORD002373,2026-09-30 18:24:13,C00056,S06,P0101,1,248.0,5,235.6,Card,DELIVERED,App,17
ORD001932,2026-09-25 09:42:09,C00368,S08,P0025,1,238.0,15,202.3,UPI,DELIVERED,Web,15
ORD000940,2026-09-13 10:53:40,C00214,S08,P0091,1,468.0,5,444.6,Card,DELIVERED,App,20
ORD000955,2026-09-13 14:36:13,C00204,S13,P0031,1,244.0,0,244.0,UPI,RETURNED,App,33
ORD000145,2026-09-02 21:03:29,C00399,S02,P0033,1,198.0,10,178.2,Wallet,DELIVERED,App,19
ORD000418,2026-09-06 18:23:29,C00385,S15,P0089,3,492.0,0,1476.0,UPI,DELIVERED,App,19
ORD000852,2026-09-12 11:12:22,C00238,S01,P0103,1,300.0,10,270.0,UPI,CANCELLED,Web,
ORD001381,2026-09-18 18:30:09,C00001,S05,P0047,2,304.0,10,547.2,UPI,DELIVERED,App,15
ORD000763,2026-09-11 07:29:26,C00299,S08,P0046,3,197.0,10,531.9,Card,DELIVERED,App,9
ORD000724,2026-09-10 15:59:21,C00323,S09,P0058,2,292.0,0,584.0,UPI,DELIVERED,App,20
ORD002037,2026-09-26 11:57:25,C00270,S02,P0126,1,416.0,10,374.4,Cash on Delivery,DELIVERED,App,10
ORD000898,2026-09-12 21:13:48,C00142,S09,P0112,1,183.0,15,155.55,Card,DELIVERED,App,13
ORD000573,2026-09-08 18:08:36,C00147,S15,P0022,1,46.0,0,46.0,UPI,DELIVERED,App,19
ORD001907,2026-09-24 21:59:24,C00309,S02,P0013,5,164.0,10,738.0,Cash on Delivery,DELIVERED,App,20
ORD000946,31/09/2026 10:00,C00186,S13,P0125,1,609.0,20,487.2,UPI,DELIVERED,App,8
ORD000653,2026-09-09 20:23:00,C00343,S15,P0031,1,244.0,0,244.0,UPI,DELIVERED,App,26
ORD001640,2026-09-21 17:25:19,C00139,S07,P0120,2,344.0,10,619.2,cod,DELIVERED,App,24
ORD001454,2026-09-19 13:52:40,C00258,S10,P0105,1,109.0,10,98.1,Wallet,DELIVERED,App,16
ORD000613,2026-09-09 09:38:51,C00172,S14,P0116,2,450.0,20,720.0,UPI,DELIVERED,App,33
ORD000531,2026-09-08 09:41:02,C00163,S01,P0048,2,159.0,20,254.4,Card,DELIVERED,App,30
ORD002153,2026-09-27 22:12:13,C00381,S09,P0038,1,389.0,15,330.65,UPI,DELIVERED,App,24
ORD000890,2026-09-12 19:38:46,C00391,S01,P0141,2,265.0,5,503.5,Card,DELIVERED,App,22
ORD000945,2026-09-13 12:13:56,C00286,S07,P0061,3,819.0,10,2211.3,UPI,DELIVERED,App,27
ORD001780,2026-09-23 15:21:14,C00074,S13,P0146,3,337.0,10,909.9,UPI,CANCELLED,App,
ORD002018,2026-09-26 09:34:47,C00246,S13,P0087,3,49.0,0,147.0,Card,DELIVERED,App,13
ORD000558,2026-09-08 15:51:49,C00211,S08,P0069,1,228.0,10,205.2,Card,DELIVERED,App,32
ORD000796,2026-09-11 16:10:36,C00330,S07,P0111,1,169.0,5,160.55,Cash on Delivery,DELIVERED,App,26
ORD000856,2026-09-12 12:44:00,C00019,S11,P0033,2,198.0,15,336.6,UPI,DELIVERED,App,30
ORD001672,2026-09-21 23:46:26,C00027,S10,P0138,2,507.0,20,811.2,UPI,DELIVERED,App,22
ORD001637,2026-09-21 16:23:31,C00122,S05,P0002,3,105.0,0,315.0,Card,Pending??,App,34
ORD000860,2026-09-12 13:50:36,C00137,S07,P0139,1,405.0,10,364.5,UPI,CANCELLED,App,
ORD001468,2026-09-19 16:48:14,C00278,S10,P0044,3,228.0,120,547.2,UPI,DELIVERED,App,26
ORD000254,2026-09-04 16:21:21,C00347,S15,P0011,2,119.0,20,190.4,UPI,DELIVERED,App,10
ORD000102,2026-09-02 13:55:15,C00370,S09,P0148,2,105.0,15,178.5,UPI,DELIVERED,Web,20
ORD001976,2026-09-25 18:21:30,C00072,S10,P0142,2,115.0,10,207.0,Wallet,DELIVERED,Web,35
ORD000820,2026-09-11 21:56:50,C00201,S11,P0024,3,36.0,20,86.4,Wallet,DELIVERED,App,21
ORD001404,2026-09-18 23:47:12,C00055,S02,P0056,2,663.0,5,1259.7,UPI,DELIVERED,App,23
ORD002165,2026-09-28 07:53:10,C00274,S11,P0147,1,242.0,20,193.6,UPI,DELIVERED,App,17
ORD000501,2026-09-07 18:12:04,C00296,S11,P0072,1,396.0,15,336.6,UPI,DELIVERED,App,11
ORD001508,2026-09-19 23:54:38,C00367,S10,P0060,1,531.0,0,531.0,Card,DELIVERED,App,24
ORD001961,2026-09-25 15:06:34,C00176,S14,P0075,1,157.0,5,149.15,UPI,DELIVERED,App,21
ORD001638,2026-09-21 16:42:36,C00195,S13,P0122,1,315.0,5,299.25,UPI,DELIVERED,Web,23
ORD001905,2026-09-24 21:13:34,C00339,S14,P0044,2,228.0,0,456.0,Card,DELIVERED,App,23
ORD001114,2026-09-15 10:14:00,C00112,S03,P0074,3,350.0,0,1050.0,Card,DELIVERED,App,20
ORD000609,2026-09-09 09:14:21,C00159,S02,P0070,2,792.0,15,1346.4,UPI,DELIVERED,App,28
ORD000601,2026-09-09 06:36:59,C00109,S10,P0024,2,36.0,5,68.4,UPI,DELIVERED,App,19
ORD000539,2026-09-08 10:36:28,C00102,S13,P0001,3,107.0,10,288.9,UPI,DELIVERED,App,13
ORD002110,2026-09-27 10:40:28,C00097,S07,P0149,1,144.0,0,144.0,Card,DELIVERED,App,27
ORD001773,2026-09-23 14:13:02,C00182,S07,P0025,4,238.0,0,952.0,Cash on Delivery,DELIVERED,App,25
ORD002267,2026-09-29 13:05:21,C00054,S11,P0044,1,228.0,10,205.2,Cash on Delivery,DELIVERED,App,31
ORD001373,2026-09-18 16:19:34,,S08,P0022,4,46.0,20,147.2,Wallet,CANCELLED,App,
ORD000931,2026-09-13 09:35:15,C00136,S11,P0050,4,449.0,15,1526.6,Card,DELIVERED,App,25
ORD001561,2026-09-20 16:12:05,C00295,S01,P0026,1,205.0,0,205.0,UPI,DELIVERED,Web,20
ORD000161,2026-09-03 07:43:41,C00061,S11,P0041,2,444.0,10,799.2,Card,DELIVERED,App,21
ORD001057,2026-09-14 17:51:18,C00197,S10,P0045,1,387.0,15,328.95,Wallet,DELIVERED,App,18
ORD001891,2026-09-24 18:41:41,C00115,S05,P0144,5,666.0,5,3163.5,UPI,DELIVERED,App,10
ORD000136,2026-09-02 19:27:57,C00332,S07,P0100,1,220.0,0,220.0,Wallet,DELIVERED,App,10
ORD000042,2026-09-01 13:39:04,C00126,S06,P0013,2,164.0,0,328.0,Cash on Delivery,DELIVERED,App,13
ORD000990,2026-09-13 19:58:37,C00064,S12,P0074,1,350.0,10,315.0,UPI,DELIVERED,App,23
ORD000913,2026-09-12 23:22:07,C00342,S02,P0098,1,93.0,0,93.0,UPI,DELIVERED,Web,26
ORD001816,2026-09-23 21:20:52,C00308,S15,P0067,1,339.0,10,305.1,Cash on Delivery,DELIVERED,Web,9
ORD001521,2026-09-20 08:03:24,C00135,S08,P0003,4,177.0,10,637.2,UPI,DELIVERED,App,22
ORD000704,2026-09-10 12:05:32,C00082,S01,P0142,1,115.0,0,115.0,UPI,DELIVERED,App,26
ORD001415,2026-09-19 07:56:32,C00033,S15,P0015,2,218.0,15,370.6,UPI,DELIVERED,App,24
ORD001048,2026-09-14 16:23:10,C00349,S01,P0059,2,883.0,0,1766.0,Cash on Delivery,DELIVERED,App,19
ORD001594,2026-09-21 06:00:38,C00161,S08,P0087,1,49.0,20,39.2,Card,DELIVERED,App,10
ORD000513,2026-09-07 23:14:45,C00281,S05,P0065,4,190.0,10,684.0,Wallet,DELIVERED,App,15
ORD000888,2026-09-12 19:30:46,C00031,S03,P0114,1,505.0,0,505.0,UPI,DELIVERED,App,28
ORD000239,2026-09-04 10:53:34,C00249,S15,P0118,3,217.0,0,651.0,Card,DELIVERED,App,27
ORD000925,2026-09-13 07:57:34,C00241,S02,P0136,1,360.0,15,306.0,Cash on Delivery,DELIVERED,App,17
ORD001627,2026-09-21 13:41:45,C00286,S12,P0007,1,93.0,0,93.0,UPI,DELIVERED,App,16
ORD000736,2026-09-10 19:01:01,C00071,S15,P0073,1,279.0,15,237.15,UPI,DELIVERED,App,11
ORD001792,2026-09-23 18:21:23,C00363,S06,P0132,3,497.0,20,1192.8,UPI,DELIVERED,App,16
ORD000762,2026-09-11 07:09:14,C00025,S03,P0138,3,507.0,20,1216.8,UPI,DELIVERED,App,16
ORD000250,2026-09-04 14:02:01,C00283,S02,P0068,2,649.0,10,1168.2,Cash on Delivery,DELIVERED,App,30
ORD000611,2026-09-09 09:31:08,C00099,S09,P0138,1,507.0,5,481.65,Card,DELIVERED,App,35
ORD000543,2026-09-08 11:13:19,C00173,S15,P0056,3,663.0,20,1591.2,UPI,DELIVERED,App,17
ORD001368,2026-09-18 14:57:34,C00225,S12,P0012,2,137.0,15,232.9,Cash on Delivery,DELIVERED,App,25
ORD001259,2026-09-17 07:50:30,C00282,S11,P0071,1,336.0,20,268.8,UPI,DELIVERED,App,21
ORD000794,2026-09-11 15:22:11,C00072,S09,P0057,3,820.0,0,2460.0,UPI,DELIVERED,App,8
ORD000166,2026-09-03 08:16:56,C00071,S02,P0092,1,297.0,10,267.3,UPI,CANCELLED,App,
ORD000015,2026-09-01 09:23:52,C00102,S06,P0056,1,663.0,0,663.0,UPI,DELIVERED,App,28
ORD001434,2026-09-19 10:55:15,C00307,S11,P0019,1,220.0,0,220.0,Card,DELIVERED,Web,20
ORD001953,2026-09-25 14:05:10,C00307,S07,P0149,1,144.0,20,115.2,UPI,DELIVERED,Web,27
ORD002042,2026-09-26 13:04:49,C00064,S02,P0113,3,445.0,15,1134.75,Wallet,DELIVERED,Web,20
ORD002214,2026-09-28 19:43:18,C00205,S05,P0086,1,23.0,0,23.0,Cash on Delivery,DELIVERED,App,22
ORD001830,2026-09-23 22:57:44,C00018,S05,P0095,2,354.0,0,708.0,UPI,DELIVERED,App,10
ORD000422,2026-09-06 19:02:49,C00315,S06,P0003,2,177.0,15,300.9,UPI,DELIVERED,App,32
ORD002057,2026-09-26 15:41:53,C00271,S08,P0128,4,211.0,5,801.8,Card,DELIVERED,App,14
ORD000657,2026-09-09 21:19:12,C00009,S10,P0103,1,300.0,15,255.0,UPI,DELIVERED,App,35
ORD002089,2026-09-26 23:00:06,C00040,S01,P0069,1,228.0,5,216.6,UPI,DELIVERED,App,10
ORD000368,2026-09-06 07:10:11,C00154,S15,P0020,4,55.0,20,176.0,Cash on Delivery,DELIVERED,App,16
ORD001132,2026-09-15 15:22:31,C00189,S01,P0088,2,277.0,10,498.6,Cash on Delivery,DELIVERED,App,28
ORD002252,2026-09-29 10:01:09,C00315,S03,P0124,4,483.0,5,1835.4,UPI,DELIVERED,App,16
ORD001619,2026-09-21 12:03:39,C00293,S14,P0015,3,218.0,15,555.9,UPI,DELIVERED,App,21
ORD001929,2026-09-25 08:55:04,C00317,S02,P0003,2,177.0,15,300.9,UPI,DELIVERED,App,35
ORD001750,2026-09-23 07:22:41,C00020,S07,P0113,3,445.0,10,1201.5,Cash on Delivery,DELIVERED,App,32
ORD000546,2026-09-08 12:09:19,C00031,S09,P0035,2,67.0,5,127.3,Cash on Delivery,DELIVERED,App,29
ORD001809,2026-09-23 20:30:06,C00324,S08,P0110,4,42.0,15,142.8,UPI,DELIVERED,App,27
ORD001298,2026-09-17 16:18:00,C00310,S06,P0061,4,819.0,5,3112.2,UPI,DELIVERED,App,29
ORD001618,2026-09-21 11:55:33,C00034,S06,P0124,1,483.0,5,458.85,UPI,DELIVERED,App,12
ORD001394,2026-09-18 20:19:57,C00081,S11,P0106,1,380.0,0,380.0,UPI,DELIVERED,App,13
ORD001102,2026-09-15 08:18:24,C00125,S10,P0019,3,220.0,10,594.0,UPI,DELIVERED,Web,23
ORD001174,2026-09-16 07:03:16,C00300,S08,P0085,1,137.0,10,123.3,UPI,DELIVERED,Web,32
ORD001326,2026-09-17 22:32:55,C00379,S12,P0146,1,337.0,15,286.45,Card,DELIVERED,App,24
ORD000243,2026-09-04 11:24:35,C00066,S14,P0139,3,405.0,0,1215.0,UPI,DELIVERED,Web,10
ORD001424,2026-09-19 09:21:34,C00220,S14,P0096,4,395.0,20,1264.0,UPI,DELIVERED,App,22
ORD002245,2026-09-29 08:41:42,C00135,S04,P0125,1,609.0,0,609.0,Wallet,DELIVERED,App,34
ORD000721,2026-09-10 15:16:37,C00166,S01,P0013,2,164.0,0,328.0,UPI,DELIVERED,App,24
ORD002384,2026-09-30 20:47:53,C00236,S12,P0149,2,144.0,20,230.4,Card,DELIVERED,App,8
ORD001804,2026-09-23 19:45:38,C00370,S07,P0053,3,609.0,15,1552.95,UPI,DELIVERED,App,14
ORD001248,2026-09-16 23:06:40,C00149,S14,P0114,2,505.0,20,808.0,UPI,DELIVERED,App,22
ORD002337,2026-09-30 10:38:27,C00047,S08,P0101,1,248.0,15,210.8,UPI,DELIVERED,App,13
ORD001549,2026-09-20 13:07:35,C00394,S01,P0058,1,292.0,0,292.0,Cash on Delivery,DELIVERED,App,12
ORD000634,2026-09-09 14:39:40,C00310,S04,P0149,2,144.0,10,259.2,UPI,DELIVERED,App,15
ORD001112,2026-09-15 09:27:15,C00335,S11,P0069,2,228.0,20,364.8,UPI,DELIVERED,App,11
ORD002067,2026-09-26 18:02:22,C00338,S12,P0016,4,224.0,5,851.2,Cash on Delivery,DELIVERED,App,35
ORD001119,2026-09-15 11:16:49,C00323,S03,P0071,1,336.0,5,319.2,UPI,DELIVERED,App,9
ORD000961,2026-09-13 15:15:13,C00321,S12,P0040,1,230.0,20,184.0,Cash on Delivery,DELIVERED,Web,23
ORD002109,2026-09-27 10:32:22,C00058,S06,P0014,1,108.0,5,102.6,Wallet,DELIVERED,App,25
ORD000144,2026-09-02 20:47:17,C00323,S13,P0023,3,222.0,15,566.1,Cash on Delivery,DELIVERED,App,28
ORD002043,2026-09-26 13:13:21,C00157,S03,P0136,5,360.0,0,1800.0,UPI,DELIVERED,App,15
ORD000150,2026-09-02 23:24:51,C00201,S10,P0050,1,449.0,0,449.0,UPI,DELIVERED,App,33
ORD000673,2026-09-09 23:52:57,C00376,S13,P0140,4,364.0,0,1456.0,Cash on Delivery,DELIVERED,App,32
ORD000921,2026-09-13 06:59:51,C00264,S04,P0067,1,339.0,10,305.1,Wallet,DELIVERED,App,28
ORD001781,2026-09-23 15:22:57,C00008,S07,P0040,2,230.0,20,368.0,UPI,DELIVERED,App,18
ORD001708,2026-09-22 15:00:15,C00130,S02,P0053,3,609.0,0,1827.0,Wallet,DELIVERED,App,21
ORD002098,2026-09-27 07:22:45,C00183,S07,P0060,4,531.0,5,2017.8,Wallet,DELIVERED,App,25
ORD002162,2026-09-28 06:53:10,C00264,S07,P0123,3,629.0,0,1887.0,Card,DELIVERED,Web,20
ORD000249,2026-09-04 13:47:38,C00389,S08,P0058,1,292.0,15,248.2,UPI,DELIVERED,Web,13
ORD002131,2026-09-27 17:24:11,C00228,S01,P0003,1,177.0,0,177.0,UPI,CANCELLED,App,
ORD001997,2026-09-25 22:37:39,C00104,S04,P0121,4,334.0,0,1336.0,UPI,DELIVERED,Web,21
ORD001008,2026-09-14 06:37:51,C00123,S06,P0086,3,23.0,0,69.0,Cash on Delivery,DELIVERED,App,24
ORD000192,2026-09-03 13:53:01,C00354,S11,P0040,1,230.0,0,230.0,UPI,DELIVERED,App,24
ORD002396,2026-09-30 23:15:12,C00326,S10,P0023,2,222.0,0,444.0,Card,DELIVERED,App,8
ORD000087,2026-09-02 08:54:16,C00389,S04,P0113,4,445.0,0,1780.0,Cash on Delivery,DELIVERED,App,30
ORD000040,2026-09-01 13:30:24,C00136,S14,P0120,1,344.0,5,326.8,UPI,DELIVERED,Web,23
ORD002326,2026-09-30 07:20:32,C00326,S05,P0141,1,265.0,5,251.75,UPI,DELIVERED,Web,31
ORD000774,2026-09-11 10:30:57,C00206,S02,P0050,1,449.0,0,449.0,UPI,DELIVERED,App,28
ORD000057,2026-09-01 17:52:52,C00225,S14,P0072,4,396.0,15,1346.4,UPI,DELIVERED,App,30
ORD000005,2026-09-01 07:11:35,C00118,S03,P0055,2,684.0,10,1231.2,Card,DELIVERED,App,16
ORD000445,2026-09-07 06:50:00,C00017,S12,P0140,1,364.0,5,345.8,Wallet,CANCELLED,App,
ORD000548,2026-09-08 12:18:49,C00078,S03,P0069,1,228.0,10,205.2,Wallet,DELIVERED,App,12
ORD002170,2026-09-28 08:34:16,C00343,S12,P0106,2,380.0,10,684.0,UPI,DELIVERED,App,13
ORD001649,2026-09-21 19:11:06,C00265,S07,P0128,1,211.0,0,211.0,Card,DELIVERED,App,11
ORD001260,2026-09-17 07:59:29,C00169,S05,P0125,1,609.0,0,609.0,UPI,DELIVERED,App,31
ORD001679,2026-09-22 07:33:54,C00072,S05,P0114,1,505.0,10,454.5,UPI,DELIVERED,Web,19
ORD000259,2026-09-04 17:22:12,C00048,S10,P0088,1,277.0,0,277.0,UPI,DELIVERED,App,32
ORD001882,2026-09-24 16:22:21,C00187,S15,P0024,2,36.0,0,72.0,UPI,DELIVERED,App,27
ORD001479,2026-09-19 18:25:19,C00007,S08,P0115,1,628.0,20,502.4,Cash on Delivery,CANCELLED,App,
ORD000881,2026-09-12 18:24:10,C00222,S13,P0121,1,334.0,10,300.6,UPI,DELIVERED,Web,23
ORD002250,2026-09-29 09:51:20,C00247,S01,P0082,1,338.0,0,338.0,UPI,DELIVERED,App,21
ORD000833,2026-09-12 06:18:42,C00309,S03,P0102,1,369.0,0,369.0,UPI,DELIVERED,App,21
ORD001477,2026-09-19 18:08:27,C00245,S06,P0069,1,228.0,0,228.0,UPI,DELIVERED,App,9
ORD001763,2026-09-23 11:07:35,C00308,S12,P0049,1,152.0,5,144.4,UPI,DELIVERED,App,21
ORD002217,2026-09-28 20:09:12,C00031,S10,P0102,3,369.0,0,1107.0,Cash on Delivery,DELIVERED,App,20
ORD000608,2026-09-09 09:00:15,C00198,S08,P0079,1,227.0,20,181.6,UPI,DELIVERED,App,10
ORD000080,2026-09-01 23:01:22,C00119,S02,P0145,2,315.0,10,567.0,UPI,RETURNED,Web,16
ORD001688,2026-09-22 08:59:39,C00384,S07,P0027,1,448.0,0,448.0,Wallet,CANCELLED,App,
ORD001663,2026-09-21 21:47:19,C00250,S12,P0020,1,55.0,15,46.75,Cash on Delivery,DELIVERED,Web,22
ORD001676,2026-09-22 07:07:07,C00118,S13,P0086,2,23.0,5,43.7,UPI,DELIVERED,Web,15
ORD002321,2026-09-30 06:36:26,C00048,S10,P0121,1,334.0,15,283.9,Wallet,DELIVERED,App,9
ORD001979,2026-09-25 18:47:36,C00193,S13,P0115,1,628.0,0,628.0,Wallet,DELIVERED,App,18
ORD001664,2026-09-21 21:50:17,C00100,S15,P0143,1,455.0,20,364.0,UPI,DELIVERED,App,28
ORD000680,2026-09-10 07:54:08,C00124,S09,P0085,1,137.0,20,109.6,UPI,DELIVERED,App,23
ORD000670,2026-09-09 23:36:58,C00179,S04,P0009,2,111.0,0,222.0,UPI,DELIVERED,App,13
ORD002256,2026-09-29 10:44:03,C00368,S15,P0146,2,337.0,0,674.0,UPI,DELIVERED,App,31
ORD000127,2026-09-02 18:33:10,C00007,S08,P0013,1,164.0,0,164.0,UPI,DELIVERED,Web,19
ORD000355,2026-09-05 22:37:56,C00340,S10,P0126,1,416.0,0,416.0,UPI,DELIVERED,App,32
ORD000643,2026-09-09 17:13:06,C00164,S12,P0082,2,338.0,5,642.2,UPI,DELIVERED,App,31
ORD000389,2026-09-06 11:00:35,C00295,S04,P0115,3,628.0,0,1884.0,Card,DELIVERED,App,16
ORD001370,2026-09-18 15:42:58,C00253,S07,P0018,2,186.0,15,316.2,Wallet,CANCELLED,App,
ORD002355,2026-09-30 13:19:13,C00393,S11,P0042,4,432.0,15,1468.8,UPI,DELIVERED,App,35
ORD000993,2026-09-13 21:01:35,C00352,S11,P0001,2,107.0,10,192.6,UPI,DELIVERED,App,29
ORD001396,2026-09-18 21:06:37,C00281,S08,P0042,3,432.0,0,1296.0,Card,DELIVERED,App,11
ORD000603,2026-09-09 07:39:41,C00288,S01,P0015,2,218.0,0,436.0,UPI,DELIVERED,App,20
ORD000496,2026-09-07 16:58:40,C00008,S14,P0017,1,120.0,5,114.0,UPI,DELIVERED,App,26
ORD001921,2026-09-25 07:07:30,C00153,S01,P0014,4,108.0,0,432.0,UPI,DELIVERED,App,8
ORD000232,2026-09-04 06:41:13,C00175,S04,P0029,3,260.0,0,780.0,UPI,DELIVERED,App,28
ORD000020,2026-09-01 09:42:59,C00106,S04,P0137,1,168.0,0,168.0,Cash on Delivery,DELIVERED,App,900
ORD001878,2026-09-24 15:39:16,C00171,S12,P0018,2,186.0,20,297.6,UPI,DELIVERED,App,19
ORD002030,2026-09-26 10:53:21,C00232,S05,P0079,1,227.0,20,181.6,Card,DELIVERED,App,19
ORD001198,2026-09-16 12:44:47,C00080,S08,P0122,1,315.0,5,299.25,UPI,DELIVERED,App,26
ORD001978,2026-09-25 18:35:26,C00143,S06,P0091,3,468.0,5,1333.8,Cash on Delivery,CANCELLED,App,
ORD002036,2026-09-26 11:46:10,C00166,S09,P0012,1,137.0,0,137.0,Card,DELIVERED,App,25
ORD002297,2026-09-29 19:56:58,C00144,S10,P0035,1,67.0,0,67.0,Card,CANCELLED,App,
ORD000757,2026-09-10 23:48:34,C00354,S09,P0021,3,142.0,10,383.4,UPI,CANCELLED,App,
ORD001379,2026-09-18 18:00:04,C00233,S15,P0049,3,152.0,0,456.0,Wallet,CANCELLED,App,
ORD002239,2026-09-29 07:01:53,C00184,S09,P0140,1,364.0,10,327.6,UPI,DELIVERED,App,25
ORD002115,2026-09-27 11:30:24,C00351,S14,P0002,1,105.0,0,105.0,Cash on Delivery,DELIVERED,App,32
ORD002383,2026-09-30 20:06:21,C00373,S06,P0101,1,248.0,0,248.0,UPI,DELIVERED,App,25
ORD002005,2026-09-26 07:35:12,C00284,S08,P0045,1,387.0,0,387.0,Card,DELIVERED,Web,22
ORD001237,2026-09-16 21:16:50,C00140,S11,P0127,5,602.0,150,2408.0,UPI,DELIVERED,App,17
ORD000707,2026-09-10 12:42:47,C00016,S02,P0072,1,396.0,15,336.6,Card,DELIVERED,App,27
ORD001243,2026-09-16 22:04:36,C00321,S06,P0043,1,437.0,20,349.6,Wallet,DELIVERED,App,21
ORD001488,2026-09-19 20:05:00,C00204,S11,P0121,1,334.0,0,334.0,UPI,RETURNED,App,21
ORD001874,2026-09-24 14:53:31,C00094,S12,P0108,4,161.0,0,644.0,UPI ,DELIVERED,App,11
ORD000248,2026-09-04 13:42:36,C00233,S15,P0105,1,109.0,0,109.0,Cash on Delivery,DELIVERED,App,24
ORD000988,2026-09-13 19:37:33,C00032,S05,P0132,3,497.0,20,1192.8,Wallet,DELIVERED,App,26
ORD002068,2026-09-26 18:17:18,C00246,S01,P0145,2,315.0,20,504.0,Card,CANCELLED,App,
ORD000423,2026-09-06 19:03:25,C00295,S01,P0010,2,77.0,15,130.9,Wallet,DELIVERED,Web,33
ORD000335,2026-09-05 17:25:41,C00187,S09,P0119,3,515.0,0,1545.0,UPI,DELIVERED,Web,14
ORD001564,2026-09-20 16:48:31,C00157,S11,P0074,3,350.0,0,1050.0,Card,DELIVERED,Web,24
ORD001043,2026-09-14 14:55:18,C00012,S13,P0132,2,497.0,20,795.2,UPI,DELIVERED,App,15
ORD001056,2026-09-14 17:49:25,C00311,S10,P0104,3,525.0,5,1496.25,Card,DELIVERED,App,35
ORD001644,2026-09-21 18:21:36,C00343,S15,P0071,5,336.0,15,1428.0,UPI,DELIVERED,App,33
ORD001232,2026-09-16 19:47:51,C00341,S02,P0080,4,518.0,10,1864.8,Cash on Delivery,DELIVERED,App,23
ORD000312,2026-09-05 11:00:30,C00012,S09,P0035,1,67.0,10,60.3,UPI,DELIVERED,App,16
ORD000489,2026-09-07 15:43:52,C00258,S13,P0044,2,228.0,15,387.6,UPI,DELIVERED,App,31
ORD001707,2026-09-22 14:39:32,C00100,S04,P0007,2,93.0,10,167.4,Card,DELIVERED,App,25
ORD000476,2026-09-07 12:55:52,C00221,S14,P0069,1,228.0,5,216.6,UPI,DELIVERED,App,34
ORD000495,2026-09-07 16:56:48,C00169,S15,P0016,1,224.0,10,201.6,Cash on Delivery,DELIVERED,Web,9
ORD001998,2026-09-25 22:50:00,C00074,S09,P0066,1,209.0,0,209.0,Cash on Delivery,CANCELLED,App,
ORD000009,2026-09-01 07:52:24,C00019,S10,P0146,1,337.0,0,337.0,UPI,DELIVERED,App,34
ORD000299,2026-09-05 07:26:06,C00125,S04,P0150,1,337.0,10,303.3,UPI,DELIVERED,App,27
ORD001138,2026-09-15 16:40:25,C00067,S04,P0015,1,218.0,0,218.0,Cash on Delivery,DELIVERED,App,19
ORD002138,2026-09-27 18:31:43,C00385,S09,P0137,4,168.0,0,672.0,UPI,DELIVERED,App,20
ORD000154,2026-09-03 06:09:38,C00243,S01,P0031,2,244.0,0,488.0,Cash on Delivery,DELIVERED,App,9
ORD001920,2026-09-25 07:02:38,C00213,S12,P0086,3,23.0,0,69.0,UPI,DELIVERED,App,14
ORD002150,2026-09-27 21:34:10,C00277,S03,P0096,2,395.0,0,790.0,UPI,DELIVERED,App,21
ORD000266,2026-09-04 19:51:20,C00282,S03,P0150,1,337.0,0,337.0,UPI,DELIVERED,App,28
ORD000533,2026-09-08 10:01:05,C00184,S08,P0034,1,205.0,15,174.25,Cash on Delivery,DELIVERED,App,26
ORD002296,2026-09-29 19:49:51,C00154,S04,P0144,1,666.0,20,532.8,Cash on Delivery,DELIVERED,App,27
ORD002121,2026-09-27 14:55:24,C00089,S05,P0049,1,152.0,15,129.2,Wallet,DELIVERED,App,27
ORD001400,2026-09-18 22:33:11,C00357,S01,P0071,1,336.0,0,336.0,Card,DELIVERED,App,17
ORD000340,2026-09-05 18:09:02,C00353,S06,P0136,1,360.0,0,360.0,Wallet,DELIVERED,App,33
ORD000393,2026-09-06 12:04:09,C00086,S05,P0107,1,567.0,0,567.0,Card,DELIVERED,App,29
ORD001935,2026-09-25 10:38:19,C00367,S14,P0024,1,36.0,0,36.0,UPI,DELIVERED,App,35
ORD001870,2026-09-24 14:09:09,C00113,S01,P0051,1,283.0,5,268.85,UPI,DELIVERED,App,12
ORD001122,2026-09-15 12:22:26,C00371,S12,P0073,1,279.0,10,251.1,Cash on Delivery,DELIVERED,Web,15
ORD001550,2026-09-20 13:14:17,C00156,S10,P0131,2,336.0,20,537.6,Wallet,DELIVERED,Web,15
ORD001335,2026-09-18 06:16:18,C00328,S09,P0081,1,10.0,10,9.0,Cash on Delivery,DELIVERED,Web,18
ORD001699,2026-09-22 12:44:27,C00392,S10,P0007,4,93.0,10,334.8,UPI,DELIVERED,App,17
ORD000568,2026-09-08 17:35:20,C00343,S05,P0083,2,125.0,0,250.0,UPI,DELIVERED,App,12
ORD000198,2026-09-03 15:03:58,C00333,S04,P0061,4,819.0,0,3276.0,Card,CANCELLED,App,
ORD000853,2026-09-12 11:15:40,C00385,S13,P0137,1,168.0,0,168.0,Wallet,DELIVERED,App,14
ORD000511,2026-09-07 21:58:42,C00352,S05,P0108,3,161.0,15,410.55,UPI,DELIVERED,App,9
ORD002273,2026-09-29 15:40:15,C00094,S15,P0053,2,609.0,15,1035.3,Card,DELIVERED,App,15
ORD002015,2026-09-26 08:59:36,C00283,S05,P0056,4,663.0,0,2652.0,UPI,DELIVERED,App,20
ORD001661,2026-09-21 21:06:08,C00293,S04,P0023,1,222.0,0,222.0,Cash on Delivery,CANCELLED,App,
ORD001472,2026-09-19 17:28:59,C00368,S07,P0004,4,188.0,0,752.0,Cash on Delivery,DELIVERED,Web,28
ORD001933,2026-09-25 10:19:28,C00058,S14,P0136,2,360.0,20,576.0,Cash on Delivery,DELIVERED,App,19
ORD002191,2026-09-28 13:47:58,C00209,S11,P0033,1,198.0,20,158.4,Cash on Delivery,DELIVERED,App,15
ORD000693,2026-09-10 10:51:22,C00076,S04,P0118,1,217.0,5,206.15,Cash on Delivery,DELIVERED,App,10
ORD001980,2026-09-25 19:05:23,C00172,S14,P0075,1,157.0,0,157.0,UPI,DELIVERED,App,26
ORD000874,2026-09-12 17:20:51,C00209,S04,P0088,2,277.0,0,554.0,Card,DELIVERED,App,23
ORD000828,2026-09-11 23:42:24,C00305,S08,P0129,3,666.0,15,1698.3,UPI,DELIVERED,App,14
ORD002220,2026-09-28 21:07:29,C00218,S13,P0069,4,228.0,0,912.0,Card,DELIVERED,App,11
ORD000614,2026-09-09 09:41:12,C00007,S14,P0092,1,297.0,10,267.3,Card,CANCELLED,App,
ORD001437,2026-09-19 11:57:25,C00003,S07,P0098,2,93.0,5,176.7,UPI,DELIVERED,App,19
ORD001284,2026-09-17 12:44:29,C00107,S08,P0023,1,222.0,0,222.0,UPI,DELIVERED,App,30
ORD001005,2026-09-14 06:11:16,C00090,S12,P0150,2,337.0,5,640.3,UPI,DELIVERED,App,19
ORD000712,2026-09-10 14:09:22,C00079,S12,P0144,5,666.0,20,2664.0,Cash on Delivery,DELIVERED,Web,28
ORD001182,2026-09-16 09:29:20,C00296,S06,P0044,4,228.0,0,912.0,UPI,DELIVERED,App,30
ORD000369,2026-09-06 07:15:32,C00351,S05,P0096,4,395.0,10,1422.0,Card,DELIVERED,App,8
ORD001155,2026-09-15 20:36:03,C00217,S10,P0095,1,354.0,10,318.6,UPI,DELIVERED,App,19
ORD002292,2026-09-29 18:54:12,C00101,S04,P0050,2,449.0,0,898.0,Wallet,DELIVERED,App,22
ORD001236,2026-09-16 20:54:56,C00358,S11,P0036,1,131.0,20,104.8,UPI,DELIVERED,App,15
ORD002320,2026-09-30 06:36:21,C00390,S07,P0079,2,227.0,20,363.2,Card,DELIVERED,App,19
ORD001109,2026-09-15 09:09:37,C00361,S01,P0008,3,150.0,0,450.0,UPI,RETURNED,App,9
ORD000168,2026-09-03 08:37:39,C00068,S06,P0041,1,444.0,0,444.0,UPI,DELIVERED,App,9
ORD000981,2026-09-13 18:16:55,C00023,S03,P0005,1,167.0,0,167.0,UPI,DELIVERED,App,19
ORD000307,2026-09-05 09:47:51,C00282,S13,P0094,2,475.0,20,760.0,Cash on Delivery,DELIVERED,App,22
ORD001660,2026-09-21 20:38:52,C00347,S03,P0077,2,369.0,0,738.0,UPI,RETURNED,App,30
ORD001837,2026-09-23 23:50:59,C00324,S12,P0146,1,337.0,0,337.0,UPI,DELIVERED,Web,32
ORD001384,2026-09-18 18:42:03,C00009,S06,P0023,-1,222.0,15,-188.7,UPI,DELIVERED,App,32
ORD001163,2026-09-15 22:13:04,C00182,S13,P0006,1,197.0,0,197.0,Wallet,DELIVERED,App,23
ORD000514,2026-09-07 23:56:23,C00361,S13,P0017,1,120.0,10,108.0,Card,DELIVERED,App,29
ORD000424,2026-09-06 19:16:13,C00148,S12,P0095,1,354.0,15,300.9,UPI,DELIVERED,App,480
ORD002279,2026-09-29 16:50:50,C00214,S13,P0145,1,315.0,0,315.0,Cash on Delivery,DELIVERED,Web,10
ORD001906,2026-09-24 21:55:25,C00313,S03,P0143,2,455.0,15,773.5,UPI,DELIVERED,App,8
ORD000053,2026-09-01 17:39:43,C00314,S13,P0097,3,302.0,15,770.1,Cash on Delivery,DELIVERED,App,29
ORD001823,2026-09-23 22:16:19,C00088,S04,P0057,1,820.0,0,820.0,UPI,DELIVERED,App,9
ORD000371,2026-09-06 07:21:15,C00110,S08,P0120,3,344.0,5,980.4,Card,DELIVERED,App,12
ORD000218,2026-09-03 21:40:04,C00325,S15,P0054,2,849.0,5,1613.1,UPI,DELIVERED,App,17
ORD000190,2026-09-03 13:26:42,C00030,S03,P0144,1,666.0,10,599.4,UPI,DELIVERED,App,24
ORD000374,2026-09-06 08:04:16,C00339,S07,P0116,5,450.0,5,2137.5,UPI,CANCELLED,App,
ORD001993,2026-09-25 22:11:08,C00063,S14,P0017,1,120.0,20,96.0,UPI,DELIVERED,App,11
ORD002107,2026-09-27 10:01:38,C00385,S14,P0032,3,332.0,0,996.0,UPI,CANCELLED,App,
ORD001141,2026-09-15 17:14:04,C00204,S04,P0143,1,455.0,5,432.25,UPI,CANCELLED,App,
ORD001731,2026-09-22 21:06:21,C00372,S01,P0106,3,380.0,0,1140.0,Cash on Delivery,CANCELLED,App,
ORD000665,2026-09-09 23:05:06,C00364,S10,P0103,1,300.0,0,300.0,Card,DELIVERED,App,8
ORD000934,2026-09-13 10:00:06,C00351,S09,P0108,1,161.0,0,161.0,upi,DELIVERED,App,23
ORD002257,2026-09-29 10:46:25,C00010,S09,P0106,2,380.0,10,684.0,Cash on Delivery,DELIVERED,App,23
ORD000872,2026-09-12 17:12:54,C00098,S01,P0014,5,108.0,0,540.0,Cash on Delivery,DELIVERED,App,22
ORD001677,2026-09-22 07:17:05,C00053,S02,P0037,2,143.0,15,243.1,UPI,RETURNED,App,11
ORD000482,2026-09-07 14:18:47,C00221,S08,P0103,2,300.0,10,540.0,Card,CANCELLED,App,
ORD001283,2026-09-17 12:44:06,C00111,S03,P0012,1,137.0,0,137.0,Card,DELIVERED,App,19
ORD000960,2026-09-13 15:05:11,C00198,S01,P0104,5,525.0,0,2625.0,UPI,DELIVERED,App,33
ORD000755,2026-09-10 22:54:20,C00289,S03,P0118,2,217.0,5,412.3,UPI,DELIVERED,App,20
ORD001307,2026-09-17 18:03:21,C00123,S07,P0014,1,108.0,0,108.0,Cash on Delivery,DELIVERED,App,12
ORD001166,2026-09-15 22:31:46,C00071,S02,P0026,1,205.0,0,205.0,Cash on Delivery,DELIVERED,App,21
ORD002376,2026-09-30 18:39:30,C00302,S07,P0106,1,380.0,5,361.0,UPI,DELIVERED,App,33
ORD001889,2026-09-24 18:31:55,C00333,S02,P0027,1,448.0,0,448.0,Card,DELIVERED,App,34
ORD001254,2026-09-17 06:41:56,C00033,S08,P0065,1,190.0,0,190.0,UPI,DELIVERED,App,27
ORD001110,2026-09-15 09:23:24,C00329,S13,P0068,3,649.0,5,1849.65,UPI,DELIVERED,App,9
ORD000839,2026-09-12 07:10:38,C00025,S04,P0081,2,10.0,5,19.0,Card,DELIVERED,App,8
ORD001831,2026-09-23 23:17:03,C00013,S08,P0007,2,93.0,15,158.1,UPI,DELIVERED,App,22
ORD000274,2026-09-04 21:35:38,C00342,S07,P0145,1,315.0,10,283.5,UPI,DELIVERED,App,34
ORD001700,2026-09-22 13:00:57,C00192,S14,P0107,1,567.0,0,567.0,Cash on Delivery,DELIVERED,App,27
ORD000460,2026-09-07 09:27:01,C00064,S13,P0078,1,399.0,10,359.1,Wallet,DELIVERED,App,24
ORD000050,2026-09-01 17:14:46,C00399,S13,P0072,1,396.0,0,396.0,Card,DELIVERED,App,30
ORD000032,2026-09-01 11:42:36,C00248,S10,P0009,1,111.0,0,111.0,Card,RETURNED,App,24
ORD002051,2026-09-26 14:46:46,C00284,S06,P0094,1,475.0,0,475.0,Card,DELIVERED,App,34
ORD000691,2026-09-10 10:42:27,C00183,S11,P0060,1,531.0,5,504.45,upi,DELIVERED,App,20
ORD001405,2026-09-19 06:05:29,C00150,S01,P0042,5,432.0,15,1836.0,Cash on Delivery,DELIVERED,App,34
ORD001945,2026-09-25 12:46:20,C00129,S15,P0012,2,137.0,0,274.0,UPI,DELIVERED,App,28
ORD000535,2026-09-08 10:08:55,C00134,S14,P0073,2,279.0,0,558.0,UPI,DELIVERED,Web,28
ORD001783,2026-09-23 15:46:03,C00332,S14,P0034,4,205.0,0,820.0,UPI,DELIVERED,App,19
ORD001449,2026-09-19 13:22:42,C00209,S02,P0042,5,432.0,20,1728.0,UPI,DELIVERED,App,21
ORD001950,2026-09-25 13:49:51,C00197,S13,P0061,1,819.0,0,819.0,Wallet,DELIVERED,Web,9
ORD000347,2026-09-05 20:22:11,C00227,S12,P0056,2,663.0,15,1127.1,UPI,DELIVERED,App,24
ORD000567,2026-09-08 17:21:34,C00012,S11,P0048,1,159.0,20,127.2,UPI,CANCELLED,App,
ORD001203,2026-09-16 13:42:28,C00233,S03,P0077,3,369.0,10,996.3,UPI,DELIVERED,Web,31
