payment_id,order_id,payment_ts,payment_mode,amount_paid,payment_status,gateway_ref
PAY0001316,ORD001367,2026-09-18 14:45:24,UPI,288.8,SUCCESS,GW8048515503
PAY0000574,ORD001855,2026-09-24 10:16:23,Wallet,484.0,SUCCESS,GW6532349731
PAY0000133,ORD000027,2026-09-01 10:51:00,Cash on Delivery,180.5,SUCCESS,
PAY0001996,ORD000704,2026-09-10 12:05:48,UPI,115.0,SUCCESS,GW3327904298
PAY0000647,ORD001567,2026-09-20 18:04:39,UPI,450.0,SUCCESS,GW9525423626
PAY0001901,ORD000591,2026-09-08 21:57:21,UPI,619.65,SUCCESS,GW2266212258
PAY0001514,ORD001204,2026-09-16 13:59:20,Cash on Delivery,801.0,SUCCESS,
PAY0001386,ORD001770,2026-09-23 13:29:40,UPI,109.0,SUCCESS,GW6564891231
PAY0001576,ORD000089,2026-09-02 09:39:21,UPI,210.9,SUCCESS,GW6335130794
PAY0001852,ORD001767,2026-09-23 12:24:17,Cash on Delivery,366.0,SUCCESS,
PAY0002092,ORD000389,2026-09-06 11:02:06,Card,1884.0,FAILED,GW9127099737
PAY0001437,ORD000954,2026-09-13 14:32:30,Cash on Delivery,65.45,SUCCESS,
PAY0000009,ORD002073,2026-09-26 19:29:35,Cash on Delivery,304.2,SUCCESS,
PAY0001247,ORD000560,2026-09-08 16:11:25,Card,76.0,SUCCESS,GW9063834465
PAY0001893,ORD001186,2026-09-16 10:08:08,UPI,584.0,SUCCESS,GW2244218045
PAY0000512,ORD001183,2026-09-16 09:50:50,UPI,267.3,SUCCESS,GW7154789504
PAY0000104,ORD000213,2026-09-03 19:04:20,UPI,754.8,SUCCESS,GW6433420232
PAY0000263,ORD000319,2026-09-05 12:27:43,Cash on Delivery,142.0,SUCCESS,
PAY0001650,ORD000992,2026-09-13 21:00:10,Cash on Delivery,169.0,SUCCESS,
PAY0001651,ORD000188,2026-09-03 13:23:25,Card,94.5,SUCCESS,GW7909341632
PAY0001551,ORD002085,2026-09-26 22:25:31,Card,119.0,SUCCESS,GW2785895105
PAY0002177,ORD000514,2026-09-07 23:57:33,Card,108.0,SUCCESS,GW8520312871
PAY0002149,ORD000511,2026-09-07 21:58:58,UPI,410.55,SUCCESS,GW7161399268
PAY0000891,ORD001098,2026-09-15 07:18:40,UPI,566.1,SUCCESS,GW1851249321
PAY0001103,ORD000675,2026-09-10 06:35:25,Wallet,336.6,SUCCESS,GW1042459016
PAY0001983,ORD001773,2026-09-23 14:14:44,Cash on Delivery,952.0,SUCCESS,
PAY0000330,ORD000780,2026-09-11 12:07:58,Cash on Delivery,387.0,SUCCESS,
PAY0002045,ORD001112,2026-09-15 09:27:45,UPI,364.8,SUCCESS,GW4977377637
PAY0001947,ORD000724,2026-09-10 16:01:11,UPI,584.0,SUCCESS,GW6423704730
PAY0001308,ORD000401,2026-09-06 13:07:03,UPI,2460.0,SUCCESS,GW1529677357
PAY0001074,ORD002020,2026-09-26 09:49:50,Wallet,1900.8,SUCCESS,GW7123111110
PAY0000158,ORD002108,2026-09-27 10:27:41,UPI,286.45,SUCCESS,GW5465071858
PAY0000599,ORD001569,2026-09-20 18:11:22,Card,525.0,SUCCESS,GW8518812056
PAY0001444,ORD001063,2026-09-14 19:02:57,UPI,77.0,SUCCESS,GW4356033694
PAY0000157,ORD002312,2026-09-29 23:00:41,UPI,598.5,SUCCESS,GW1327713601
PAY0002055,ORD002098,2026-09-27 07:23:06,Wallet,2017.8,SUCCESS,GW9028084288
PAY0002165,ORD001155,2026-09-15 20:37:55,UPI,318.6,SUCCESS,GW5349481923
PAY0000619,ORD001304,2026-09-17 17:29:01,UPI,79.8,SUCCESS,GW2774735096
PAY0001470,ORD001647,2026-09-21 18:48:34,UPI,208.05,SUCCESS,GW3521837268
PAY0001674,ORD001532,2026-09-20 10:09:51,Card,332.0,SUCCESS,GW9142791059
PAY0000477,ORD001610,2026-09-15 12:00:00,UPI,50.0,SUCCESS,GW1310806972
PAY0001450,ORD000054,2026-09-01 17:44:21,Cash on Delivery,492.0,REFUNDED,
PAY0001097,ORD001825,2026-09-23 22:33:59,Cash on Delivery,43.7,SUCCESS,
PAY0000144,ORD000125,2026-09-02 18:22:17,UPI,910.0,SUCCESS,GW6045332627
PAY0001260,ORD000028,2026-09-01 10:56:56,Cash on Delivery,531.0,SUCCESS,
PAY0000862,ORD000450,2026-09-07 07:39:04,UPI,371.45,SUCCESS,GW7555489638
PAY0000177,ORD000747,2026-09-10 21:27:36,UPI,41.65,FAILED,GW7922676910
PAY0001131,ORD000311,2026-09-05 10:34:06,Cash on Delivery,106.25,SUCCESS,
PAY0000816,ORD002048,2026-09-26 14:37:51,UPI,707.2,SUCCESS,GW7515495410
PAY0000810,ORD001538,2026-09-20 11:25:49,Cash on Delivery,105.0,SUCCESS,
PAY0000115,ORD001001,2026-09-13 23:09:55,Card,304.0,SUCCESS,GW8494073900
PAY0000092,ORD000857,2026-09-12 12:48:42,Card,1706.2,SUCCESS,GW1033141252
PAY0000310,ORD000612,2026-09-09 09:35:27,UPI,265.0,SUCCESS,GW7447997406
PAY0001741,ORD000892,2026-09-12 19:44:10,UPI,121.6,SUCCESS,GW4380413582
PAY0002184,ORD000218,2026-09-03 21:40:51,UPI,1613.1,SUCCESS,GW2524424700
PAY0000170,ORD001265,2026-09-17 08:43:47,UPI,450.0,SUCCESS,GW5633744010
PAY0002007,ORD000762,2026-09-11 07:10:15,UPI,1216.8,SUCCESS,GW1529617758
PAY0001042,ORD000711,2026-09-10 13:49:57,UPI,1077.3,SUCCESS,GW3311833414
PAY0000367,ORD000111,2026-09-02 15:43:47,Cash on Delivery,1728.0,SUCCESS,
PAY0001493,ORD001546,2026-09-20 12:57:17,UPI,288.0,SUCCESS,GW6622452518
PAY0001767,ORD000905,2026-09-12 22:29:34,Card,182.4,SUCCESS,GW6068118585
PAY0001617,ORD001711,2026-09-22 16:11:28,Cash on Delivery,357.85,SUCCESS,
PAY0000373,ORD001650,2026-09-21 19:18:27,UPI,249.3,SUCCESS,GW7994703230
PAY0000114,ORD000083,2026-09-02 07:03:38,UPI,497.0,SUCCESS,GW1264087533
PAY0002101,ORD001878,2026-09-24 15:40:42,UPI,297.6,SUCCESS,GW3194150990
PAY0001411,ORD001179,2026-09-16 08:38:11,UPI,107.0,SUCCESS,GW5347775122
PAY0002111,ORD001243,2026-09-16 22:05:47,Wallet,349.6,SUCCESS,GW8144935375
PAY0000858,ORD001363,2026-09-18 13:56:18,Card,4095.0,SUCCESS,GW6481660359
PAY0001676,ORD002282,2026-09-29 17:33:32,Card,437.0,SUCCESS,GW2120574174
PAY0001568,ORD001031,2026-09-14 12:22:19,Card,-43.05,SUCCESS,GW1747803275
PAY0001631,ORD001941,2026-09-25 12:01:55,Card,177.3,SUCCESS,GW5819402750
PAY0001718,ORD000779,2026-09-11 12:00:29,UPI,67.0,SUCCESS,GW5238773654
PAY0000482,ORD002288,2026-09-29 18:38:06,Card,969.0,SUCCESS,GW6209182860
PAY0000243,ORD001342,2026-09-18 08:45:04,Wallet,1292.0,SUCCESS,GW1313715475
PAY0000326,ORD000702,2026-09-10 12:00:10,Cash on Delivery,123.3,SUCCESS,
PAY0000880,ORD000296,2026-09-05 07:01:28,Card,197.0,REFUNDED,GW8204133377
PAY0000002,ORD001791,2026-09-23 17:55:29,UPI,360.0,SUCCESS,GW6244141623
PAY0001965,ORD001672,2026-09-21 23:46:36,UPI,811.2,SUCCESS,GW2604951136
PAY0000980,ORD000196,2026-09-03 14:28:33,UPI,197.0,SUCCESS,GW2330333317
PAY0000412,ORD002155,2026-09-27 22:46:30,Cash on Delivery,209.6,SUCCESS,
PAY0001376,ORD000866,2026-09-12 15:24:16,UPI,8.8,SUCCESS,GW8462589705
PAY0001141,ORD000271,2026-09-04 20:44:11,Cash on Delivery,445.0,SUCCESS,
PAY0000559,ORD002363,2026-09-30 15:20:15,Wallet,530.0,REFUNDED,GW5859654803
PAY0001692,ORD000873,2026-09-12 17:21:56,UPI,265.0,SUCCESS,GW1444905371
PAY0000422,ORD001737,2026-09-22 22:25:58,UPI,405.0,SUCCESS,GW1051193888
PAY0001567,ORD000084,2026-09-02 07:15:13,UPI,764.1,SUCCESS,GW1737805235
PAY0001005,ORD000969,2026-09-13 16:29:01,Card,1260.0,SUCCESS,GW4037384383
PAY0001898,ORD002290,2026-09-29 18:50:27,Card,1394.0,SUCCESS,GW4788102534
PAY0001276,ORD001557,2026-09-20 15:25:32,UPI,275.0,SUCCESS,GW5559180542
PAY0000941,ORD002083,2026-09-26 22:19:14,UPI,1320.9,SUCCESS,GW1805341148
PAY0002195,ORD001307,2026-09-17 18:03:41,Cash on Delivery,108.0,SUCCESS,
PAY0001771,ORD000821,2026-09-11 22:21:03,Cash on Delivery,472.5,SUCCESS,
PAY0001985,ORD000931,2026-09-13 09:35:50,Card,1526.6,SUCCESS,GW4259453609
PAY0000677,ORD001239,2026-09-16 21:36:01,UPI,2052.0,SUCCESS,GW1880018244
PAY0002188,ORD000934,2026-09-13 10:01:19,upi,161.0,SUCCESS,GW3296561639
PAY0000472,ORD000841,2026-09-12 07:55:35,UPI,622.4,SUCCESS,GW3490672970
PAY0001728,ORD001513,2026-09-20 06:46:52,UPI,397.8,SUCCESS,GW3053775122
PAY0001689,ORD000011,2026-09-01 08:11:51,Wallet,382.5,REFUNDED,GW7336897869
PAY0001496,ORD000238,2026-09-04 10:13:07,UPI,1476.0,SUCCESS,GW1946915241
PAY0002078,ORD001763,2026-09-23 11:09:19,UPI,144.4,SUCCESS,GW8310994119
PAY0000986,ORD001255,2026-09-17 06:50:59,UPI,285.6,SUCCESS,GW5820707213
PAY0001907,ORD000068,2026-09-01 20:56:22,UPI,386.1,SUCCESS,GW5653770821
PAY0001302,ORD001697,2026-09-22 12:06:02,UPI,230.0,SUCCESS,GW3707395289
PAY0001179,ORD002253,2026-09-29 10:02:55,Wallet,557.6,SUCCESS,GW4937514961
PAY0000049,ORD001333,2026-09-17 23:59:24,UPI,966.0,SUCCESS,GW6284544076
PAY0001747,ORD002188,2026-09-28 13:30:32,UPI,378.9,SUCCESS,GW9389931268
PAY0000259,ORD000666,2026-09-09 23:15:07,Wallet,649.8,FAILED,GW5309125723
PAY0000618,ORD000351,2026-09-05 21:00:12,Card,195.5,SUCCESS,GW6145199510
PAY0000643,ORD000204,2026-09-03 17:12:02,Card,219.6,SUCCESS,GW7143622686
PAY0000977,ORD002184,2026-09-28 12:46:00,Cash on Delivery,302.4,SUCCESS,
PAY0001001,ORD001592,2026-09-20 23:14:10,UPI,2060.0,SUCCESS,GW7238901893
PAY0000378,ORD000325,2026-09-05 14:16:18,UPI,576.0,SUCCESS,GW7328037474
PAY0000533,ORD000607,2026-09-09 08:13:48,UPI,414.4,SUCCESS,GW6381386095
PAY0001590,ORD002128,2026-09-27 16:28:31,UPI,265.5,SUCCESS,GW1670717310
PAY0001091,ORD000464,2026-09-07 10:38:18,UPI,42.0,SUCCESS,GW6982823398
PAY0000257,ORD001037,2026-09-14 13:31:18,UPI,472.5,SUCCESS,GW9937289882
PAY0001035,ORD000295,2026-09-05 06:56:07,Card,195.3,SUCCESS,GW7146495465
PAY0000283,ORD001863,2026-09-24 13:20:20,UPI,501.6,SUCCESS,GW8588555340
PAY0002126,ORD000476,2026-09-07 12:57:37,UPI,216.6,SUCCESS,GW7116680360
PAY0001644,ORD001263,2026-09-17 08:24:21,UPI,229.9,SUCCESS,GW8047042212
PAY0002025,ORD002252,2026-09-29 10:02:03,UPI,1835.4,FAILED,GW6455040306
PAY0000183,ORD002308,2026-09-29 22:24:20,UPI,267.0,SUCCESS,GW3510564308
PAY0001807,ORD001013,2026-09-14 08:33:12,Wallet,23.0,SUCCESS,GW9514832918
PAY0002140,ORD000340,2026-09-05 18:09:45,Wallet,360.0,SUCCESS,GW7909346214
PAY0001639,ORD000199,2026-09-03 15:39:43,Card,634.6,SUCCESS,GW2368385779
PAY0000564,ORD000521,2026-09-08 07:49:31,UPI,456.0,SUCCESS,GW3578049499
PAY0002052,ORD000921,2026-09-13 07:00:51,Wallet,305.1,SUCCESS,GW6682564444
PAY0001526,ORD000131,2026-09-02 18:47:11,UPI,87.4,SUCCESS,GW4693323977
PAY0001533,ORD002145,2026-09-27 20:19:27,Card,403.2,SUCCESS,GW3153479287
PAY0000365,ORD000229,2026-09-04 06:18:07,Card,792.0,SUCCESS,GW6631058699
PAY0001695,ORD002022,2026-09-26 09:56:09,UPI,1368.0,SUCCESS,GW3038012696
PAY0000565,ORD001632,2026-09-21 15:26:41,UPI,108.0,SUCCESS,GW3214018627
PAY0000840,ORD001316,2026-09-17 19:42:57,UPI,169.0,SUCCESS,GW1216989946
PAY0001670,ORD000847,2026-09-12 09:51:34,UPI,347.2,SUCCESS,GW2842192161
PAY0000724,ORD000086,2026-09-02 08:31:53,UPI,441.75,SUCCESS,GW5312990844
PAY0001274,ORD001478,2026-09-19 18:21:32,Cash on Delivery,36.8,SUCCESS,
PAY0000502,ORD001789,2026-09-23 17:24:04,UPI,279.0,SUCCESS,GW4944094625
PAY0000081,ORD001930,2026-09-25 08:59:24,UPI,1142.4,SUCCESS,GW4226253247
PAY0001011,ORD001047,2026-09-14 16:18:19,UPI,244.0,SUCCESS,GW6408123526
PAY0000238,ORD001779,2026-09-23 15:12:51,Wallet,68.4,SUCCESS,GW4142803873
PAY0001420,ORD002269,2026-09-29 14:29:57,UPI,836.0,SUCCESS,GW4023338969
PAY0000546,ORD001526,2026-09-20 08:53:03,UPI,738.0,SUCCESS,GW7599991412
PAY0002146,ORD001699,2026-09-22 12:45:01,UPI,334.8,SUCCESS,GW2423409086
PAY0000476,ORD001120,2026-09-15 11:41:43,Card,864.0,SUCCESS,GW5900486162
PAY0000396,ORD001121,2026-11-02 18:40:52,Cash on Delivery,358.4,SUCCESS,
PAY0000755,ORD000094,2026-09-02 10:58:26,Card,403.2,SUCCESS,GW2899060380
PAY0001243,ORD000540,2026-09-08 10:43:58,UPI,374.4,SUCCESS,GW3713209940
PAY0001637,ORD000600,2026-09-09 06:30:23,Card,518.0,SUCCESS,GW8769376308
PAY0002191,ORD001677,2026-09-22 07:18:53,UPI,243.1,REFUNDED,GW4492228998
PAY0000766,ORD001492,2026-09-19 20:39:52,UPI,364.8,FAILED,GW3730264664
PAY0001197,ORD002058,2026-09-26 15:42:33,UPI,849.0,SUCCESS,GW6724896431
PAY0000594,ORD000059,2026-09-01 18:08:02,Wallet,73.15,SUCCESS,GW9621955738
PAY0001609,ORD001125,2026-09-15 13:14:41,UPI,30.6,SUCCESS,GW5110715721
PAY0000019,ORD002113,2026-09-27 11:15:49,UPI,1887.0,SUCCESS,GW9884428186
PAY0001838,ORD002106,2026-09-27 10:02:01,Card,576.0,FAILED,GW7221487493
PAY0001797,ORD001090,2026-09-14 23:37:10,UPI,168.15,SUCCESS,GW6672400972
PAY0000959,ORD000639,2026-09-09 16:07:09,Cash on Delivery,279.0,SUCCESS,
PAY0001717,ORD001376,2026-09-18 16:49:52,UPI,1060.8,SUCCESS,GW2724812629
PAY0000963,ORD002087,2026-09-26 22:50:14,UPI,1298.0,SUCCESS,GW2658310018
PAY0001190,ORD000801,2026-09-11 17:39:16,UPI,5467.5,SUCCESS,GW3024066204
PAY0000303,ORD000425,2026-09-06 19:18:48,UPI,517.65,SUCCESS,GW7675734829
PAY0000319,ORD002334,2026-09-30 10:05:33,UPI,218.0,SUCCESS,GW2763419718
PAY0000956,ORD002327,2026-09-30 08:12:28,Card,321.1,REFUNDED,GW3564062529
PAY0002034,ORD001102,2026-09-15 08:19:09,UPI,594.0,SUCCESS,GW2291490452
PAY0001469,ORD002035,2026-09-26 11:35:55,Card,125.0,SUCCESS,GW8856611101
PAY0000851,ORD000899,2026-09-12 21:28:13,UPI,94.35,FAILED,GW5878265795
PAY0001022,ORD001079,2026-09-14 21:02:20,Wallet,196.2,SUCCESS,GW3016027298
PAY0001683,ORD002016,2026-09-26 09:07:40,UPI,117.9,SUCCESS,GW3098364070
PAY0000753,ORD000824,2026-09-11 23:09:59,Cash on Delivery,187.15,SUCCESS,
PAY0000222,ORD001326,2026-09-17 22:34:04,Card,286.45,SUCCESS,GW7530806905
PAY0001072,ORD002333,2026-09-30 09:19:51,Cash on Delivery,1932.0,SUCCESS,
PAY0000592,ORD000655,2026-09-09 20:41:24,Wallet,994.0,SUCCESS,GW6220921714
PAY0001975,ORD001508,2026-09-19 23:55:38,Card,531.0,SUCCESS,GW6109693316
PAY0001830,ORD001403,2026-09-18 23:42:34,UPI,720.0,SUCCESS,GW5700549587
PAY0000086,ORD001476,2026-09-19 18:00:46,UPI,376.2,SUCCESS,GW6066408834
PAY0000853,ORD000900,2026-09-12 21:44:18,UPI,53.6,SUCCESS,GW6020279216
PAY0000174,ORD001713,2026-09-22 16:22:18,UPI,395.0,SUCCESS,GW9455459101
PAY0000868,ORD000617,2026-09-09 11:03:05,UPI,856.8,SUCCESS,GW1119652928
PAY0000685,ORD000370,2026-09-06 07:17:12,Card,1449.0,SUCCESS,GW1923869511
PAY0000893,ORD002371,2026-09-30 18:12:03,UPI,73.15,SUCCESS,GW5248704370
PAY0001517,ORD000782,2026-09-11 12:40:28,UPI,684.0,SUCCESS,GW5323435338
PAY0001030,ORD001895,2026-09-24 19:02:52,UPI,527.0,SUCCESS,GW7450182414
PAY0001573,ORD001960,2026-09-25 14:57:05,UPI,447.95,SUCCESS,GW7872609079
PAY0001778,ORD000346,2026-09-05 20:08:29,Cash on Delivery,113.05,SUCCESS,
PAY0001043,ORD000579,2026-09-08 19:40:56,Cash on Delivery,364.5,SUCCESS,
PAY0000934,ORD001814,2026-09-23 21:16:48,UPI,176.7,SUCCESS,GW2487686158
PAY0002219,ORD970544,2026-09-18 14:22:10,UPI,730.27,SUCCESS,GW1392574404
PAY0000329,ORD000123,2026-09-02 18:05:40,UPI,1402.2,SUCCESS,GW5165699097
PAY0000573,ORD001893,2026-09-24 18:54:57,UPI,649.8,SUCCESS,GW6262373911
PAY0001549,ORD001246,2026-09-16 22:34:07,Wallet,319.2,SUCCESS,GW3598990737
PAY0001491,ORD001489,2026-09-19 20:08:22,UPI,367.65,SUCCESS,GW2499720804
PAY0000294,ORD001176,2026-09-16 08:00:16,UPI,629.0,SUCCESS,GW2203038781
PAY0001173,ORD000174,2026-09-03 09:34:21,Card,39.1,SUCCESS,GW1252855051
PAY0000785,ORD001184,2026-09-16 09:54:13,Wallet,448.0,SUCCESS,GW8915869081
PAY0001210,ORD001271,2026-09-17 11:12:27,Cash on Delivery,1132.2,SUCCESS,
PAY0001053,ORD001890,2026-09-24 18:35:13,Cash on Delivery,347.7,SUCCESS,
PAY0001255,ORD002358,2026-09-30 13:41:59,UPI,375.0,SUCCESS,GW6879780418
PAY0000591,ORD000792,2026-09-11 15:05:25,Cash on Delivery,734.4,SUCCESS,
PAY0000139,ORD000039,2026-09-01 12:57:50,UPI,773.5,SUCCESS,GW6737438747
PAY0002094,ORD000993,2026-09-13 21:02:13,UPI,192.6,SUCCESS,GW9705152865
PAY0000622,ORD000644,2026-09-09 18:41:31,Cash on Delivery,674.0,SUCCESS,
PAY0002150,ORD002273,2026-09-29 15:40:22,Card,1035.3,SUCCESS,GW3487009699
PAY0000344,ORD000207,2026-09-03 17:29:32,UPI,185.3,SUCCESS,GW7287993057
PAY0001068,ORD000302,2026-09-05 08:33:52,UPI,65.45,SUCCESS,GW4757460050
PAY0001649,ORD001818,2026-09-23 21:38:13,UPI,214.2,SUCCESS,GW6512507057
PAY0001784,ORD000380,2026-09-06 08:59:48,Card,242.4,SUCCESS,GW9376893140
PAY0002106,ORD002115,2026-09-27 11:30:51,Cash on Delivery,105.0,SUCCESS,
PAY0001934,ORD001029,2026-09-14 11:33:33,UPI,152.0,SUCCESS,GW2544413647
PAY0000687,ORD000375,2026-09-06 08:06:53,UPI,121.6,SUCCESS,GW8744705320
PAY0000902,ORD000971,2026-09-13 17:11:49,Cash on Delivery,42.0,SUCCESS,
PAY0000180,ORD002167,2026-09-28 07:56:25,Card,164.0,SUCCESS,GW6465715540
PAY0000900,ORD000953,2026-09-13 14:15:53,UPI,501.0,SUCCESS,GW5313998295
PAY0000110,ORD000255,2026-09-04 16:25:56,UPI,216.0,SUCCESS,GW2299893526
PAY0000228,ORD001445,2026-09-19 12:29:07,Wallet,101.15,SUCCESS,GW2345848711
PAY0001808,ORD000610,2026-09-09 09:20:09,UPI,158.4,SUCCESS,GW9268349291
PAY0001424,ORD001245,2026-09-16 22:18:36,Wallet,77.0,SUCCESS,GW4112713345
PAY0000864,ORD002003,2026-09-26 06:09:22,Card,1476.0,SUCCESS,GW8247729205
PAY0001707,ORD002077,2026-09-26 20:58:14,Card,348.3,SUCCESS,GW5224953463
PAY0000095,ORD001696,2026-09-22 11:36:59,Card,1096.2,SUCCESS,GW5172437265
PAY0001425,ORD001911,2026-09-24 22:28:54,Card,202.3,SUCCESS,GW9706866318
PAY0000955,ORD000142,2026-09-02 20:33:41,UPI,46.55,SUCCESS,GW2047923634
PAY0000510,ORD000997,2026-09-13 22:09:25,Card,304.0,SUCCESS,GW7015838793
PAY0000697,ORD000909,2026-09-12 22:47:51,UPI,195.5,SUCCESS,GW6545719354
PAY0001177,ORD002319,2026-09-29 23:59:33,UPI,89.25,SUCCESS,GW9407334115
PAY0001402,ORD002072,2026-09-26 19:27:13,UPI,315.0,SUCCESS,GW6422157160
PAY0000861,ORD002164,2026-09-28 07:19:02,UPI,760.0,SUCCESS,GW4749602624
PAY0000167,ORD000651,2026-09-09 20:02:36,Cash on Delivery,60.8,SUCCESS,
PAY0000761,ORD001843,2026-09-24 07:25:24,UPI,638.4,SUCCESS,GW6031624191
PAY0000665,ORD002130,2026-09-27 16:40:29,UPI,2154.6,SUCCESS,GW6670216326
PAY0000079,ORD000671,2026-09-09 23:44:06,Card,1412.8,SUCCESS,GW7373645592
PAY0000995,ORD000915,2026-09-12 23:44:03,Cash on Delivery,888.0,SUCCESS,
PAY0001604,ORD001458,2026-09-19 14:44:02,Card,83.3,SUCCESS,GW9938485474
PAY0000440,ORD000106,2026-09-02 15:01:58,Cash on Delivery,2332.8,FAILED,
PAY0002043,ORD002337,2026-09-30 10:38:43,UPI,210.8,SUCCESS,GW6842883543
PAY0000324,ORD002002,2026-09-26 06:03:33,UPI,489.25,SUCCESS,GW7069560692
PAY0002176,ORD001163,2026-09-15 22:14:27,Wallet,197.0,SUCCESS,GW1638744105
PAY0002018,ORD001830,2026-09-23 22:57:50,UPI,708.0,SUCCESS,GW6203985651
PAY0001509,ORD000532,2026-09-08 09:51:44,UPI,9.0,SUCCESS,GW2160760811
PAY0002077,ORD001477,2026-09-19 18:09:07,UPI,228.0,SUCCESS,GW8621582368
PAY0001213,ORD000294,2026-09-05 06:52:22,UPI,483.0,SUCCESS,GW5677990990
PAY0000642,ORD002343,2026-09-30 11:32:51,Cash on Delivery,566.1,SUCCESS,
PAY0000988,ORD001584,2026-09-20 21:18:43,UPI,144.4,REFUNDED,GW4724260494
PAY0001899,ORD001506,2026-09-19 23:52:18,Wallet,110.0,SUCCESS,GW2908018419
PAY0000213,ORD000051,2026-09-01 17:21:02,UPI,73.6,SUCCESS,GW2413874673
PAY0001026,ORD000415,2026-09-06 17:47:38,UPI,790.0,SUCCESS,GW1665793004
PAY0000304,ORD000664,2026-09-09 22:59:47,UPI,137.0,SUCCESS,GW7244690182
PAY0001583,ORD001030,2026-09-14 11:48:55,Cash on Delivery,638.4,SUCCESS,
PAY0000045,ORD002189,2026-09-28 13:35:14,Wallet,205.2,SUCCESS,GW6963995705
PAY0002080,ORD000608,2026-09-09 09:01:23,UPI,181.6,SUCCESS,GW8436569282
PAY0001547,ORD000339,2026-09-05 18:05:42,UPI,168.0,SUCCESS,GW5901195637
PAY0000790,ORD002364,2026-09-30 15:39:30,Wallet,897.0,SUCCESS,GW6192510391
PAY0001363,ORD000277,2026-09-04 22:49:02,UPI,1412.8,SUCCESS,GW7595971633
PAY0001188,ORD001406,2026-09-19 06:08:21,UPI,503.2,SUCCESS,GW5756673603
PAY0001536,ORD000230,2026-09-04 06:22:01,UPI,137.0,SUCCESS,GW6340043347
PAY0001169,ORD001107,2026-09-15 09:05:23,UPI,288.8,SUCCESS,GW2385618781
PAY0000194,ORD000578,2026-09-08 19:22:49,Wallet,818.1,SUCCESS,GW5129667440
PAY0000652,ORD001317,2026-09-17 19:43:04,UPI,664.2,SUCCESS,GW1118795820
PAY0001842,ORD000767,2026-09-11 08:48:28,Cash on Delivery,283.5,SUCCESS,
PAY0000898,ORD001086,2026-09-14 23:00:17,Card,646.0,SUCCESS,GW6341723856
PAY0002211,ORD000535,2026-09-08 10:10:22,UPI,558.0,SUCCESS,GW8311025135
PAY0000585,ORD001999,2026-09-25 23:06:03,UPI,328.0,SUCCESS,GW4713214201
PAY0000509,ORD002122,2026-09-27 14:57:42,UPI,148.8,SUCCESS,GW5719011844
PAY0001846,ORD000047,2026-09-01 16:47:20,Cash on Delivery,954.0,SUCCESS,
PAY0000936,ORD000026,2026-09-01 10:51:29,UPI,369.55,SUCCESS,GW8970822691
PAY0000797,ORD001716,2026-09-22 16:33:53,Cash on Delivery,350.4,SUCCESS,
PAY0000543,ORD001040,2026-09-14 14:23:55,UPI,150.4,SUCCESS,GW2856134478
PAY0000598,ORD002207,2026-09-28 16:22:45,Card,338.0,SUCCESS,GW1457085776
PAY0001622,ORD001466,2026-09-19 16:08:55,Card,792.0,SUCCESS,GW9438793639
PAY0000607,ORD000463,2026-09-07 10:28:43,Card,299.0,SUCCESS,GW7564264527
PAY0000366,ORD000943,2026-09-13 11:42:13,UPI,97.75,SUCCESS,GW9956171306
PAY0001878,ORD000878,2026-09-12 17:33:59,Wallet,892.8,SUCCESS,GW2745665902
PAY0001976,ORD001961,2026-09-25 15:07:33,UPI,149.15,SUCCESS,GW3977880339
PAY0000674,ORD001605,2026-09-21 09:32:39,UPI,350.55,SUCCESS,GW4891728297
PAY0001664,ORD001575,2026-09-20 19:33:09,Card,538.2,SUCCESS,GW9701302130
PAY0000552,ORD001065,2026-09-14 19:10:30,UPI,251.1,SUCCESS,GW1552358922
PAY0000596,ORD001410,2026-09-19 06:58:01,Card,354.6,SUCCESS,GW5970181532
PAY0001089,ORD002332,2026-09-30 09:05:47,UPI,421.6,SUCCESS,GW5179751288
PAY0001628,ORD000585,2026-09-08 20:23:39,Cash on Delivery,177.0,SUCCESS,
PAY0001781,ORD001755,2026-09-23 08:46:55,UPI,730.0,SUCCESS,GW2381386230
PAY0001942,ORD000955,2026-09-13 14:38:01,UPI,244.0,REFUNDED,GW2778497668
PAY0000137,ORD001473,2026-09-19 17:43:54,UPI,34.2,SUCCESS,GW1213685357
PAY0000264,ORD001420,2026-09-19 08:27:46,UPI,385.0,SUCCESS,GW6836841854
PAY0000528,ORD002118,2026-09-27 12:37:05,UPI,374.3,SUCCESS,GW1339216350
PAY0000780,ORD002144,2026-09-27 20:18:44,UPI,576.3,SUCCESS,GW9439172587
PAY0000531,ORD000650,2026-09-09 19:57:35,Cash on Delivery,492.0,SUCCESS,
PAY0000933,ORD000765,2026-09-11 08:46:03,UPI,451.35,SUCCESS,GW5659602475
PAY0001176,ORD001450,2026-09-19 13:28:40,Wallet,1180.8,SUCCESS,GW8252187892
PAY0001034,ORD001413,2026-09-19 07:43:20,Wallet,323.0,SUCCESS,GW1964898751
PAY0002180,ORD001906,2026-09-24 21:56:37,UPI,773.5,SUCCESS,GW6055033879
PAY0002200,ORD000839,2026-09-12 07:12:20,Card,19.0,SUCCESS,GW5963752921
PAY0000875,ORD000220,2026-09-03 22:10:11,UPI,610.2,SUCCESS,GW4753688223
PAY0000046,ORD002132,2026-09-27 17:30:40,UPI,315.2,SUCCESS,GW1626610287
PAY0001280,ORD001682,2026-09-22 08:02:39,Card,518.0,REFUNDED,GW2213333917
PAY0000561,ORD001054,2026-09-14 17:33:15,UPI,505.0,SUCCESS,GW8894940812
PAY0000435,ORD001710,2026-09-22 15:18:14,UPI,87.2,SUCCESS,GW9591045702
PAY0002088,ORD000670,2026-09-09 23:37:47,UPI,222.0,SUCCESS,GW4327813015
PAY0001244,ORD001734,2026-09-22 21:16:44,UPI,176.7,SUCCESS,GW7973402068
PAY0002046,ORD002067,2026-09-26 18:04:13,Cash on Delivery,851.2,SUCCESS,
PAY0000620,ORD001762,2026-09-23 10:54:11,UPI,425.6,SUCCESS,GW7140273014
PAY0000659,ORD002052,2026-09-26 15:05:40,Cash on Delivery,67.0,SUCCESS,
PAY0001892,ORD000124,2026-09-02 18:20:34,Card,170.85,SUCCESS,GW9407282624
PAY0000205,ORD000775,2026-09-11 10:39:00,Card,985.0,SUCCESS,GW3719178124
PAY0001430,ORD000789,2026-09-11 14:04:20,UPI,226.1,SUCCESS,GW5929404276
PAY0001474,ORD001782,2026-09-23 15:31:52,UPI,986.85,SUCCESS,GW2691106757
PAY0000354,ORD001937,2026-09-25 10:53:28,Card,455.0,SUCCESS,GW9110184234
PAY0001751,ORD000412,2026-09-06 16:48:56,Card,258.4,SUCCESS,GW8772725548
PAY0000614,ORD001280,2026-09-17 12:06:59,Cash on Delivery,633.6,SUCCESS,
PAY0000127,ORD002119,2027-01-01 09:01:37,Cash on Delivery,600.0,SUCCESS,
PAY0002054,ORD001708,2026-09-22 15:01:20,Wallet,1827.0,SUCCESS,GW9028530631
PAY0000866,ORD002346,2026-09-30 12:09:00,Card,570.0,SUCCESS,GW4235932546
PAY0000699,ORD001433,2026-09-19 10:35:51,UPI,534.4,SUCCESS,GW3113714415
PAY0001319,ORD001720,2026-09-22 17:10:35,UPI,432.0,SUCCESS,GW3217381330
PAY0001638,ORD001888,2026-09-24 17:59:03,UPI,636.0,SUCCESS,GW1639125425
PAY0001700,ORD002096,2026-09-27 07:21:07,UPI,109.0,SUCCESS,GW5898662915
PAY0001888,ORD000298,2026-09-05 07:16:16,Cash on Delivery,424.8,SUCCESS,
PAY0001684,ORD000069,2026-09-01 21:05:59,Cash on Delivery,1548.0,SUCCESS,
PAY0000260,ORD000126,2026-09-02 18:24:14,Card,314.0,SUCCESS,GW9216029240
PAY0000735,ORD001931,2026-09-25 09:27:42,UPI,888.0,SUCCESS,GW9922540286
PAY0001182,ORD001422,2026-09-19 08:56:47,UPI,3396.0,SUCCESS,GW2882927216
PAY0000316,ORD000267,2026-09-04 19:54:22,Cash on Delivery,1036.0,SUCCESS,
PAY0000272,ORD001726,2026-09-22 20:00:32,UPI,1298.0,SUCCESS,GW2081510690
PAY0000091,ORD001951,2026-09-25 14:03:17,UPI,254.15,SUCCESS,GW4210014469
PAY0001678,ORD001973,2026-09-25 17:19:48,UPI,1215.0,SUCCESS,GW8140431499
PAY0002053,ORD001781,2026-09-23 15:23:41,UPI,368.0,SUCCESS,GW2067806772
PAY0000496,ORD000287,2026-09-04 23:50:09,UPI,915.3,SUCCESS,GW7440184737
PAY0001396,ORD002157,2026-09-27 23:06:52,UPI,563.55,SUCCESS,GW2834240614
PAY0001858,ORD001244,2026-09-16 22:06:37,UPI,86.4,REFUNDED,GW9860947836
PAY0001929,ORD001095,2026-09-15 06:32:51,UPI,691.6,SUCCESS,GW4235300307
PAY0001570,ORD001268,2026-09-17 09:41:56,UPI,994.0,SUCCESS,GW5776577428
PAY0001872,ORD000539,2026-09-08 10:38:01,UPI,288.9,SUCCESS,GW9274419863
PAY0002051,ORD000150,2026-09-02 23:25:00,UPI,449.0,SUCCESS,GW4681413284
PAY0001373,ORD001211,2026-09-16 15:40:27,Card,320.15,SUCCESS,GW8962275549
PAY0001887,ORD001289,2026-09-17 13:37:38,UPI,2080.0,SUCCESS,GW5792362868
PAY0000173,ORD000342,2026-09-05 19:37:02,UPI,832.0,SUCCESS,GW8258211902
PAY0000455,ORD000581,2026-09-08 19:49:28,Card,504.0,SUCCESS,GW4913883500
PAY0002197,ORD002376,2026-09-30 18:39:44,UPI,361.0,SUCCESS,GW1100644587
PAY0000548,ORD000388,2026-09-06 11:00:28,Wallet,1092.0,SUCCESS,GW2965266687
PAY0002122,ORD001232,2026-09-16 19:49:35,Cash on Delivery,1864.8,SUCCESS,
PAY0001206,ORD001785,2026-09-23 16:02:34,Card,374.4,SUCCESS,GW3783813800
PAY0000895,ORD000376,2026-09-06 08:10:34,Wallet,707.2,SUCCESS,GW5042815942
PAY0001451,ORD000001,2026-09-01 06:30:24,Cash on Delivery,379.8,SUCCESS,
PAY0001018,ORD002012,2026-09-15 12:00:00,Card,481.65,SUCCESS,GW3740051478
PAY0000431,ORD001577,2026-09-20 19:46:11,UPI,489.25,SUCCESS,GW5219399245
PAY0000629,ORD001435,2026-09-19 11:16:21,UPI,666.0,SUCCESS,GW5010777156
PAY0002175,ORD001384,2026-09-18 18:43:20,UPI,-188.7,SUCCESS,GW9799058406
PAY0001513,ORD000121,2026-09-02 17:30:07,UPI,584.1,SUCCESS,GW7585741596
PAY0001346,ORD001749,2026-09-23 07:12:58,Card,517.65,SUCCESS,GW6741918275
PAY0001400,ORD001028,2026-09-14 11:30:11,Card,120.7,SUCCESS,GW4095366758
PAY0001910,ORD001523,2026-09-20 08:07:48,Card,410.4,SUCCESS,GW6874326470
PAY0002198,ORD001889,2026-09-24 18:32:56,Card,448.0,SUCCESS,GW6600052417
PAY0001511,ORD000977,2026-09-13 17:49:42,Cash on Delivery,112.5,SUCCESS,
PAY0002112,ORD001488,2026-09-19 20:06:28,UPI,334.0,REFUNDED,GW4583436259
PAY0000444,ORD001003,2026-09-13 23:24:54,UPI,456.0,SUCCESS,GW3312534709
PAY0002141,ORD000393,2026-09-06 12:05:56,Card,567.0,SUCCESS,GW6455321132
PAY0001586,ORD001216,2026-09-16 16:30:50,UPI,108.0,SUCCESS,GW6191761334
PAY0001679,ORD000883,2026-09-12 18:39:59,UPI,391.0,SUCCESS,GW2417370883
PAY0000265,ORD000777,2026-09-11 11:42:51,Cash on Delivery,3112.2,SUCCESS,
PAY0000631,ORD001741,2026-09-22 23:16:39,Wallet,581.4,SUCCESS,GW5964247971
PAY0001787,ORD000474,2026-09-07 12:50:05,UPI,940.95,SUCCESS,GW1904497739
PAY0001286,ORD000216,2026-09-03 20:25:02,Card,855.0,SUCCESS,GW1149659816
PAY0001900,ORD002325,2026-09-30 06:55:39,UPI,271.2,REFUNDED,GW5564555700
PAY0000210,ORD000333,2026-09-05 16:52:56,Card,1010.0,SUCCESS,GW5584177692
PAY0000707,ORD001879,2026-09-24 15:50:05,UPI,414.8,SUCCESS,GW1677102178
PAY0001477,ORD001766,2026-09-23 12:12:35,Cash on Delivery,338.0,SUCCESS,
PAY0000006,ORD001462,2026-09-19 15:34:26,Card,1698.3,SUCCESS,GW2548107489
PAY0000519,ORD000245,2026-09-04 12:51:42,UPI,477.9,SUCCESS,GW2184869617
PAY0001565,ORD000324,2026-09-05 14:13:35,Card,369.9,SUCCESS,GW6517079934
PAY0000681,ORD000815,2026-09-11 19:51:43,Cash on Delivery,297.0,SUCCESS,
PAY0000107,ORD000149,2026-09-02 23:05:42,Card,246.6,SUCCESS,GW2357479830
PAY0001164,ORD000632,2026-09-09 14:34:48,UPI,409.5,SUCCESS,GW7060403453
PAY0002095,ORD001396,2026-09-18 21:07:35,Card,1296.0,SUCCESS,GW1929668643
PAY0000116,ORD000469,2026-09-07 11:54:13,UPI,0.0,SUCCESS,GW7610284736
PAY0000682,ORD002172,2026-09-28 09:34:25,Wallet,201.0,SUCCESS,GW5982923649
PAY0000668,ORD000184,2026-09-03 12:48:48,Cash on Delivery,959.5,SUCCESS,
PAY0001315,ORD000270,2026-09-04 20:34:55,Cash on Delivery,270.3,SUCCESS,
PAY0001374,ORD000315,2026-09-05 11:21:01,UPI,463.5,SUCCESS,GW6127703454
PAY0000621,ORD000618,2026-09-09 11:03:46,UPI,46.0,SUCCESS,GW3026640764
PAY0000377,ORD000804,2026-09-11 17:46:14,UPI,535.8,SUCCESS,GW4917306035
PAY0000226,ORD000041,2026-09-01 13:39:45,UPI,364.0,SUCCESS,GW5087289769
PAY0000375,ORD000574,2026-09-08 18:14:39,Wallet,672.0,SUCCESS,GW9968020339
PAY0001698,ORD000926,2026-09-13 08:01:38,Wallet,712.8,SUCCESS,GW3229858777
PAY0000757,ORD000593,2026-09-08 22:16:16,UPI,201.6,SUCCESS,GW5802869358
PAY0001275,ORD000705,2026-09-10 12:15:44,UPI,248.0,SUCCESS,GW9812156518
PAY0001783,ORD000636,2026-09-09 14:56:11,Wallet,220.0,SUCCESS,GW7212098679
PAY0001828,ORD000062,2026-09-01 18:30:36,Cash on Delivery,792.0,SUCCESS,
PAY0001880,ORD001984,2026-09-25 19:47:47,UPI,295.2,SUCCESS,GW7171959740
PAY0002050,ORD002043,2026-09-26 13:14:40,UPI,1800.0,SUCCESS,GW5619104327
PAY0001305,ORD002380,2026-09-30 19:16:03,UPI,292.0,SUCCESS,GW9065342132
PAY0000048,ORD000179,2026-09-03 10:48:05,Cash on Delivery,334.0,SUCCESS,
PAY0001894,ORD002212,2026-09-28 18:16:14,UPI,764.1,FAILED,GW4206619527
PAY0000517,ORD001312,2026-09-17 18:51:16,UPI,169.0,SUCCESS,GW7525805561
PAY0001478,ORD002219,2026-09-28 21:05:29,Card,186.0,SUCCESS,GW8614084428
PAY0002134,ORD002150,2026-09-27 21:36:02,UPI,790.0,SUCCESS,GW4327345058
PAY0000553,ORD000352,2026-09-05 21:28:00,Card,162.4,SUCCESS,GW9913051498
PAY0001798,ORD001390,2026-09-18 19:42:54,Card,628.0,SUCCESS,GW6224697157
PAY0001702,ORD001495,2026-09-19 21:18:36,UPI,714.0,SUCCESS,GW1995939021
PAY0001235,ORD002069,2026-09-26 18:27:10,Wallet,109.0,SUCCESS,GW8626915780
PAY0000202,ORD002045,2026-09-26 13:39:21,UPI,421.2,SUCCESS,GW1330677052
PAY0001311,ORD001392,2026-09-18 19:55:19,Cash on Delivery,376.2,SUCCESS,
PAY0000089,ORD001456,2026-09-19 14:21:49,UPI,147.6,SUCCESS,GW6371057220
PAY0001704,ORD000381,2026-09-06 09:08:45,UPI,1110.0,FAILED,GW1529574638
PAY0000972,ORD000008,2026-09-01 07:43:11,Card,2060.0,SUCCESS,GW6047202553
PAY0001020,ORD002075,2026-09-26 20:27:08,UPI,476.0,SUCCESS,GW8009117012
PAY0001014,ORD001496,2026-09-19 21:32:57,UPI,534.6,SUCCESS,GW3482851021
PAY0002041,ORD001804,2026-09-23 19:46:28,UPI,1552.95,SUCCESS,GW6381097387
PAY0001416,ORD000766,2026-09-11 08:47:54,Cash on Delivery,405.6,SUCCESS,
PAY0000295,ORD002259,2026-09-29 11:16:00,UPI,205.7,SUCCESS,GW6175138335
PAY0001387,ORD001862,2026-09-24 13:06:56,UPI,427.2,SUCCESS,GW6299862033
PAY0000055,ORD000929,2026-09-13 09:22:02,UPI,49.0,SUCCESS,GW9507891636
PAY0001908,ORD001725,2027-01-01 09:01:46,Card,430.95,SUCCESS,GW1059710545
PAY0001844,ORD001217,2026-09-16 17:16:03,Card,101.65,SUCCESS,GW8333228928
PAY0000736,ORD000486,2026-09-07 15:36:44,Wallet,1766.0,SUCCESS,GW2740583498
PAY0000872,ORD001609,2026-09-21 10:25:41,Card,150.4,SUCCESS,GW2280212568
PAY0000931,ORD002398,2026-09-30 23:33:25,Card,444.0,SUCCESS,GW4062492186
PAY0000457,ORD001968,2026-09-25 16:21:15,UPI,185.3,SUCCESS,GW8253232552
PAY0001790,ORD000183,2026-09-03 12:25:01,Card,108.0,SUCCESS,GW8097870820
PAY0000254,ORD001717,2026-09-22 16:35:26,UPI,866.4,SUCCESS,GW9220936391
PAY0000806,ORD001452,2026-09-19 13:46:39,UPI,2457.0,SUCCESS,GW8619564884
PAY0001024,ORD000139,2026-09-02 20:10:27,Wallet,498.6,SUCCESS,GW6091343716
PAY0001460,ORD001355,2026-09-18 12:16:35,Cash on Delivery,1420.8,SUCCESS,
PAY0000334,ORD001934,2026-09-25 10:24:43,UPI,360.0,SUCCESS,GW7536152771
PAY0002061,ORD002396,2026-09-30 23:16:14,Card,444.0,SUCCESS,GW8163297196
PAY0001440,ORD000378,2026-09-06 08:26:52,UPI,10.0,SUCCESS,GW2593252179
PAY0001621,ORD000557,2026-09-08 15:09:51,Card,90.0,SUCCESS,GW3791630114
PAY0001914,ORD001904,2026-09-24 21:06:10,Card,82.8,SUCCESS,GW4416863756
PAY0000353,ORD000329,2026-09-05 15:17:32,UPI,288.8,SUCCESS,GW7271915663
PAY0000733,ORD002278,2026-09-29 16:51:03,UPI,756.0,SUCCESS,GW2953834492
PAY0002154,ORD002191,2026-09-28 13:48:04,Cash on Delivery,158.4,SUCCESS,
PAY0000268,ORD000246,2026-09-04 12:59:51,UPI,283.5,SUCCESS,GW2522081725
PAY0000779,ORD001840,2026-09-24 06:35:39,UPI,2.6,SUCCESS,GW7951306676
PAY0000762,ORD001954,2026-09-25 14:09:05,Cash on Delivery,492.0,FAILED,
PAY0001486,ORD000642,2026-09-09 17:12:11,UPI,1197.0,SUCCESS,GW3409264277
PAY0000751,ORD001459,2026-09-19 14:50:15,UPI,-1593.0,SUCCESS,GW2576628760
PAY0002012,ORD001259,2026-09-17 07:52:30,UPI,268.8,SUCCESS,GW7610754145
PAY0001200,ORD000590,2026-09-08 21:29:45,Card,508.8,SUCCESS,GW3137716709
PAY0001403,ORD001091,2026-09-14 23:59:36,UPI,900.0,SUCCESS,GW2676338980
PAY0001088,ORD002316,2026-09-29 23:38:14,Card,486.4,SUCCESS,GW7383798563
PAY0000841,ORD001493,2026-09-19 20:45:01,Card,874.0,SUCCESS,GW2595424937
PAY0000701,ORD001599,2026-09-21 07:23:56,Cash on Delivery,210.8,SUCCESS,
PAY0002142,ORD001935,2026-09-25 10:39:37,UPI,36.0,SUCCESS,GW8093781875
PAY0001270,ORD000101,2026-09-02 13:31:12,UPI,456.0,SUCCESS,GW8054648702
PAY0001453,ORD000647,2026-09-09 19:27:43,Card,565.2,SUCCESS,GW5825921568
PAY0000798,ORD001733,2026-09-22 21:12:42,UPI,668.0,SUCCESS,GW7383049918
PAY0001697,ORD000549,2026-09-08 12:26:02,UPI,287.3,SUCCESS,GW6362489217
PAY0000126,ORD000379,2026-09-06 08:44:38,Card,558.0,SUCCESS,GW6670808189
PAY0002114,ORD000248,2026-09-04 13:43:15,Cash on Delivery,109.0,SUCCESS,
PAY0000047,ORD002196,2026-09-28 14:26:34,UPI,909.9,SUCCESS,GW5880811127
PAY0000924,ORD000509,2026-09-07 21:33:44,UPI,2547.0,SUCCESS,GW6712402493
PAY0000234,ORD000701,2026-09-10 11:52:13,Cash on Delivery,492.1,SUCCESS,
PAY0001341,ORD002093,2026-09-27 06:21:08,UPI,609.0,SUCCESS,GW5035616611
PAY0001716,ORD000454,2026-09-07 08:06:47,UPI,1575.0,SUCCESS,GW6932748304
PAY0000244,ORD000018,2026-09-01 09:41:07,UPI,421.2,SUCCESS,GW9001282527
PAY0001133,ORD000416,2026-09-06 18:02:31,UPI,230.0,SUCCESS,GW9724448980
PAY0000084,ORD001758,2026-09-23 10:15:29,Cash on Delivery,194.75,SUCCESS,
PAY0000805,ORD001097,2026-09-15 06:45:55,Card,606.0,SUCCESS,GW7832046198
PAY0000756,ORD002019,2026-09-26 09:37:44,Wallet,1220.0,SUCCESS,GW9083783151
PAY0001271,ORD000289,2026-09-05 06:19:12,Card,396.0,SUCCESS,GW4191092794
PAY0001055,ORD001499,2026-09-19 21:47:52,Card,279.0,SUCCESS,GW7546223850
PAY0000974,ORD001343,2026-09-18 08:51:46,UPI,88.0,SUCCESS,GW9651784228
PAY0000949,ORD002298,2026-09-29 19:59:54,Cash on Delivery,305.1,SUCCESS,
PAY0000876,ORD001389,2026-09-18 19:36:13,UPI,300.0,SUCCESS,GW7011290245
PAY0001608,ORD000117,2026-09-02 16:54:33,Cash on Delivery,127.5,SUCCESS,
PAY0001840,ORD001192,2026-09-16 11:22:40,Wallet,300.9,SUCCESS,GW5975219350
PAY0001623,ORD001943,2026-09-25 12:17:01,Wallet,1134.0,SUCCESS,GW8896649327
PAY0000506,ORD000006,2026-09-01 07:32:06,UPI,344.0,SUCCESS,GW8647473596
PAY0001128,ORD000070,2026-09-01 21:16:21,UPI,820.0,SUCCESS,GW2989483020
PAY0001688,ORD002080,2026-09-26 21:28:56,UPI,389.5,SUCCESS,GW3815792539
PAY0001269,ORD001875,2026-09-24 14:59:46,UPI,808.2,SUCCESS,GW8631920706
PAY0001746,ORD001614,2026-09-21 11:16:55,UPI,176.7,SUCCESS,GW3452044719
PAY0001484,ORD001129,2026-09-15 13:48:33,Wallet,198.0,SUCCESS,GW2879177583
PAY0001645,ORD002127,2026-09-27 15:57:00,UPI,120.7,SUCCESS,GW3936023315
PAY0000071,ORD001430,2026-09-19 10:12:23,UPI,88.8,SUCCESS,GW3353501624
PAY0002204,ORD000460,2026-09-07 09:28:32,Wallet,359.1,SUCCESS,GW6546962593
PAY0001785,ORD000686,2026-09-10 09:34:29,UPI,567.0,SUCCESS,GW3526847202
PAY0002060,ORD000192,2026-09-03 13:53:56,UPI,230.0,SUCCESS,GW4808044734
PAY0001940,ORD001932,2026-09-25 09:42:51,UPI,202.3,SUCCESS,GW3420494472
PAY0001831,ORD001395,2026-09-18 20:21:56,Card,403.2,SUCCESS,GW9942590039
PAY0001277,ORD002187,2026-09-28 13:15:21,Card,69.3,SUCCESS,GW3395771866
PAY0001485,ORD000720,2026-09-10 15:04:50,Wallet,1376.0,SUCCESS,GW1905193382
PAY0000150,ORD000739,2026-09-10 19:43:54,UPI,448.0,SUCCESS,GW6305128890
PAY0001079,ORD001991,2026-09-25 21:17:06,UPI,336.3,SUCCESS,GW3357396890
PAY0000145,ORD002335,2026-09-30 10:27:08,Card,300.0,SUCCESS,GW7117818992
PAY0002031,ORD001298,2026-09-17 16:19:36,UPI,3112.2,SUCCESS,GW5788587614
PAY0001044,ORD002168,2026-09-28 08:08:09,UPI,381.65,REFUNDED,GW6538273381
PAY0000313,ORD001345,2026-09-18 09:17:07,UPI,910.0,SUCCESS,GW8640143749
PAY0000147,ORD001290,2026-09-17 13:39:24,UPI,156.8,SUCCESS,GW5780322855
PAY0002074,ORD000881,2026-09-12 18:25:56,UPI,300.6,SUCCESS,GW1981030211
PAY0000600,ORD000470,2026-09-07 11:52:53,UPI,374.4,SUCCESS,GW9847620082
PAY0000372,ORD000854,2026-09-12 11:31:37,Wallet,240.0,SUCCESS,GW9830295842
PAY0000740,ORD000241,2026-09-04 11:06:13,UPI,46.0,SUCCESS,GW2474756778
PAY0001839,ORD001689,2026-09-22 09:28:41,UPI,157.6,SUCCESS,GW9570364459
PAY0000300,ORD000692,2026-09-10 10:48:47,UPI,222.0,SUCCESS,GW5288552712
PAY0001433,ORD000768,2026-09-11 08:51:47,UPI,851.2,SUCCESS,GW3146947588
PAY0000123,ORD000321,2026-09-05 13:17:40,UPI,578.55,SUCCESS,GW8473461317
PAY0000355,ORD000177,2026-09-03 10:21:41,Card,1476.0,SUCCESS,GW2419932110
PAY0001989,ORD001891,2026-09-24 18:43:32,UPI,3163.5,SUCCESS,GW6925054827
PAY0001957,ORD000531,2026-09-08 09:41:24,Card,254.4,SUCCESS,GW2549316786
PAY0002048,ORD002109,2026-09-27 10:32:33,Wallet,102.6,SUCCESS,GW7133025514
PAY0001052,ORD000949,2026-09-13 13:23:47,UPI,42.0,SUCCESS,GW1148474561
PAY0000041,ORD001603,2026-09-21 09:18:49,UPI,629.85,SUCCESS,GW2438639839
PAY0001256,ORD000088,2026-09-02 09:27:57,Cash on Delivery,1395.0,SUCCESS,
PAY0002071,ORD001679,2026-09-22 07:35:54,UPI,454.5,SUCCESS,GW7436149960
PAY0000833,ORD000395,2026-09-06 12:08:46,Cash on Delivery,594.0,SUCCESS,
PAY0000711,ORD000845,2026-09-12 09:32:06,UPI,4712.0,SUCCESS,GW9379324846
PAY0000703,ORD000214,2026-09-03 19:35:35,UPI,1640.0,SUCCESS,GW5996853335
PAY0000879,ORD000889,2026-09-12 19:38:14,UPI,187.0,SUCCESS,GW8269527055
PAY0001677,ORD001847,2026-09-24 08:02:59,Card,426.0,SUCCESS,GW7942571583
PAY0001127,ORD001636,2026-09-21 16:18:21,Card,354.0,SUCCESS,GW3102146575
PAY0000804,ORD001856,2026-09-24 10:30:38,UPI,517.65,SUCCESS,GW6343678285
PAY0001681,ORD000620,2026-09-09 11:30:16,UPI,168.8,SUCCESS,GW7646022634
PAY0001293,ORD000699,2026-09-10 11:43:14,UPI,724.8,SUCCESS,GW6657470517
PAY0001508,ORD000904,2026-09-12 22:25:35,UPI,685.0,SUCCESS,GW5814938396
PAY0000873,ORD002001,2026-09-25 23:52:02,UPI,55.0,SUCCESS,GW4202997283
PAY0001504,ORD001194,2026-09-16 11:41:58,UPI,210.8,SUCCESS,GW1579979411
PAY0000551,ORD001761,2026-09-23 10:54:04,UPI,109.0,SUCCESS,GW1038776556
PAY0001720,ORD000958,2026-09-13 14:49:25,UPI,374.4,SUCCESS,GW4193579876
PAY0001166,ORD000017,2026-09-01 09:39:04,UPI,16.0,SUCCESS,GW8884752302
PAY0002155,ORD000693,2026-09-10 10:51:33,Cash on Delivery,206.15,SUCCESS,
PAY0000982,ORD001817,2026-09-23 21:30:35,UPI,184.0,SUCCESS,GW1835046420
PAY0000286,ORD001576,2026-09-20 19:43:09,UPI,198.0,SUCCESS,GW9383067670
PAY0000890,ORD000622,2026-09-09 12:30:38,Card,1523.2,SUCCESS,GW7732396969
PAY0000567,ORD002284,2026-09-29 17:37:07,Wallet,1684.0,SUCCESS,GW4383295358
PAY0001703,ORD000349,2026-09-05 20:45:01,UPI,985.5,SUCCESS,GW1013372312
PAY0001019,ORD000679,2026-09-10 07:39:20,UPI,534.6,SUCCESS,GW5919214402
PAY0002093,ORD002355,2026-09-30 13:19:32,UPI,1468.8,SUCCESS,GW6252548866
PAY0000306,ORD001253,2026-09-17 06:27:21,UPI,2187.0,SUCCESS,GW7358196492
PAY0001501,ORD001519,2026-09-20 08:01:55,Card,496.0,SUCCESS,GW6416966665
PAY0000944,ORD000462,2026-09-07 09:55:31,Card,-1279.65,SUCCESS,GW2644378059
PAY0000025,ORD001866,2026-09-24 13:52:43,UPI,494.1,SUCCESS,GW4906904381
PAY0001748,ORD000713,2026-09-10 14:21:40,UPI,570.0,SUCCESS,GW5193061360
PAY0002205,ORD000050,2026-09-01 17:15:45,Card,396.0,SUCCESS,GW8398144401
PAY0001991,ORD000042,2026-09-01 13:39:29,Cash on Delivery,328.0,SUCCESS,
PAY0000947,ORD001870,2026-09-24 14:11:09,UPI,268.85,SUCCESS,GW1286437624
PAY0000547,ORD001685,2026-09-22 08:46:48,Cash on Delivery,1766.0,SUCCESS,
PAY0001930,ORD000046,2026-09-01 16:25:16,UPI,405.0,SUCCESS,GW7754010495
PAY0000655,ORD002314,2026-09-29 23:35:22,UPI,359.2,SUCCESS,GW1010129711
PAY0002042,ORD001248,2026-09-16 23:08:19,UPI,808.0,SUCCESS,GW7713018809
PAY0000322,ORD001440,2026-09-19 12:11:46,UPI,1975.0,SUCCESS,GW9826887136
PAY0001438,ORD000725,2026-09-10 16:09:36,UPI,240.55,SUCCESS,GW5304501497
PAY0001028,ORD001844,2026-09-24 07:36:13,UPI,151.2,SUCCESS,GW3994479512
PAY0000679,ORD001025,2026-09-14 10:28:26,Cash on Delivery,150.0,SUCCESS,
PAY0000480,ORD000044,2026-09-01 14:21:18,Card,633.6,SUCCESS,GW6075056600
PAY0001245,ORD002354,2026-09-30 13:12:48,Card,167.0,SUCCESS,GW6996173479
PAY0000738,ORD002336,2026-09-30 10:29:37,Wallet,167.4,SUCCESS,GW6350855878
PAY0000393,ORD001757,2026-09-23 10:11:10,UPI,319.2,SUCCESS,GW5879408957
PAY0000278,ORD001197,2026-09-16 12:37:10,Wallet,230.0,SUCCESS,GW4526610986
PAY0000136,ORD000189,2026-09-03 13:28:22,UPI,336.6,SUCCESS,GW7278521621
PAY0001883,ORD001327,2026-09-17 23:03:29,Wallet,114.0,SUCCESS,GW4251813322
PAY0000921,ORD001042,2026-09-14 14:46:14,Card,1346.4,SUCCESS,GW5265651507
PAY0000370,ORD000972,2026-09-13 17:18:36,UPI,297.5,SUCCESS,GW1134859601
PAY0001025,ORD002264,2026-09-29 12:06:04,Cash on Delivery,288.0,FAILED,
PAY0001227,ORD001994,2026-09-25 22:20:06,Wallet,2076.8,SUCCESS,GW9733091610
PAY0000495,ORD002066,2026-09-26 18:01:15,Cash on Delivery,584.0,SUCCESS,
PAY0002103,ORD001198,2026-09-16 12:44:59,UPI,299.25,SUCCESS,GW5416340015
PAY0000498,ORD001323,2026-09-17 21:34:54,Card,1209.6,SUCCESS,GW2076716315
PAY0000409,ORD001010,2026-09-14 07:56:03,UPI,481.65,SUCCESS,GW5202599881
PAY0000734,ORD001553,2026-09-20 14:33:54,Wallet,732.0,SUCCESS,GW8553970221
PAY0001915,ORD001104,2026-09-15 08:52:50,Card,1116.0,SUCCESS,GW1953688743
PAY0000917,ORD000565,2026-09-08 17:04:36,Wallet,586.5,SUCCESS,GW7943572932
PAY0000953,ORD001774,2026-09-23 14:17:19,UPI,167.45,SUCCESS,GW4635748298
PAY0001390,ORD001250,2026-09-16 23:26:03,UPI,142.8,SUCCESS,GW4833396332
PAY0001065,ORD002270,2026-09-29 14:29:52,UPI,148.8,SUCCESS,GW5397641042
PAY0001578,ORD000541,2026-09-08 10:45:42,UPI,2256.75,SUCCESS,GW7411689197
PAY0000453,ORD000840,2026-09-12 07:48:32,Cash on Delivery,288.15,SUCCESS,
PAY0001187,ORD000285,2026-09-04 23:47:24,Wallet,300.9,SUCCESS,GW9782362852
PAY0000610,ORD000751,2026-09-10 21:57:28,Cash on Delivery,708.0,FAILED,
PAY0001007,ORD000537,2026-09-08 10:22:41,Card,358.4,SUCCESS,GW4381627305
PAY0000992,ORD000114,2026-09-02 16:51:19,Wallet,819.0,SUCCESS,GW4959390203
PAY0001786,ORD001081,2026-09-14 21:19:47,UPI,230.4,SUCCESS,GW2087134986
PAY0001633,ORD001356,2026-09-18 12:23:01,Cash on Delivery,414.0,SUCCESS,
PAY0001253,ORD001252,2026-09-17 06:26:55,UPI,254.4,SUCCESS,GW9647148378
PAY0000059,ORD001738,2026-09-22 22:25:57,Wallet,864.0,SUCCESS,GW2133732454
PAY0000991,ORD000968,2026-09-13 15:56:53,UPI,448.0,SUCCESS,GW3606079442
PAY0001447,ORD000694,2026-09-10 10:56:04,UPI,1584.0,SUCCESS,GW2332212332
PAY0000497,ORD001347,2026-09-18 09:47:34,Cash on Delivery,456.0,SUCCESS,
PAY0001215,ORD002152,2026-09-27 22:08:31,Card,779.0,SUCCESS,GW2440473181
PAY0000657,ORD001745,2026-09-23 06:39:09,UPI,295.2,SUCCESS,GW2576525982
PAY0001685,ORD002229,2026-09-28 22:26:04,Cash on Delivery,269.6,SUCCESS,
PAY0000844,ORD001188,2026-09-16 10:52:59,Wallet,609.0,SUCCESS,GW5594897856
PAY0001861,ORD000936,2026-09-13 10:34:28,UPI,422.0,SUCCESS,GW9837053344
PAY0001588,ORD002223,2026-09-28 21:39:57,UPI,36.58,SUCCESS,GW9545663579
PAY0000042,ORD002323,2026-09-30 06:40:53,UPI,52.25,SUCCESS,GW7172565445
PAY0001618,ORD001177,2026-09-16 08:28:44,Card,1107.0,SUCCESS,GW4892771003
PAY0002002,ORD000239,2026-09-04 10:53:59,Card,651.0,SUCCESS,GW5496614791
PAY0002151,ORD002015,2026-09-26 09:01:27,UPI,2652.0,SUCCESS,GW7074160975
PAY0000332,ORD000082,2026-09-02 06:58:15,UPI,1449.0,SUCCESS,GW2200394668
PAY0000282,ORD000327,2026-09-05 14:42:21,Card,524.0,SUCCESS,GW7459066444
PAY0000203,ORD001446,2026-09-19 12:51:28,Wallet,492.0,SUCCESS,GW2680117792
PAY0001407,ORD001215,2026-09-16 16:27:51,Card,109.25,SUCCESS,GW7249616155
PAY0000168,ORD002224,2026-09-28 21:39:45,UPI,315.0,SUCCESS,GW8919888996
PAY0001471,ORD000252,2026-09-04 15:10:24,UPI,316.8,SUCCESS,GW3928184300
PAY0000221,ORD000010,2026-09-01 07:54:56,UPI,172.8,SUCCESS,GW8309350961
PAY0001848,ORD001421,2026-09-19 08:40:43,UPI,610.2,SUCCESS,GW3648175999
PAY0002186,ORD001993,2026-09-25 22:11:32,UPI,96.0,SUCCESS,GW1377307524
PAY0001351,ORD002033,2026-09-26 11:10:06,UPI,286.0,SUCCESS,GW1464261022
PAY0001821,ORD001796,2026-09-23 18:45:02,Cash on Delivery,238.5,SUCCESS,
PAY0001595,ORD002271,2026-09-29 14:31:19,UPI,159.0,SUCCESS,GW4048359018
PAY0000671,ORD001502,2026-09-19 22:29:40,Card,728.0,SUCCESS,GW8382115376
PAY0001446,ORD000987,2026-09-13 19:29:26,UPI,97.2,SUCCESS,GW1668263323
PAY0001324,ORD001136,2026-09-15 16:39:33,UPI,1820.0,SUCCESS,GW7373996194
PAY0000247,ORD000896,2026-09-12 20:25:59,Card,318.0,FAILED,GW6058963940
PAY0002072,ORD000259,2026-09-04 17:23:38,UPI,277.0,SUCCESS,GW1804425373
PAY0000752,ORD000674,2026-09-10 06:17:12,UPI,684.0,SUCCESS,GW9202743333
PAY0000801,ORD000493,2026-09-07 16:28:20,Card,392.4,SUCCESS,GW4929363854
PAY0000835,ORD000227,2026-09-04 00:00:23,Wallet,339.0,SUCCESS,GW9297025280
PAY0000927,ORD001362,2026-09-18 13:50:38,Card,271.8,SUCCESS,GW5559484174
PAY0001860,ORD001257,2026-09-17 07:25:11,Cash on Delivery,34.2,SUCCESS,
PAY0001850,ORD000433,2026-09-06 21:36:21,upi,226.4,SUCCESS,GW6655370534
PAY0001715,ORD001399,2026-09-18 22:07:55,UPI,176.0,SUCCESS,GW2008707960
PAY0000540,ORD000173,2026-09-03 09:13:47,UPI,158.1,SUCCESS,GW5899984156
PAY0001355,ORD002221,2026-09-28 21:19:33,UPI,10.0,SUCCESS,GW6981029805
PAY0001546,ORD000544,2026-09-08 11:21:11,Card,186.0,SUCCESS,GW6927295160
PAY0001646,ORD001612,2026-09-21 10:57:31,UPI,53.6,SUCCESS,GW3937505620
PAY0001436,ORD002076,2026-09-26 20:29:39,UPI,300.6,SUCCESS,GW7670375638
PAY0001135,ORD001706,2026-09-22 14:37:32,Cash on Delivery,314.0,SUCCESS,
PAY0000297,ORD000061,2026-09-01 18:31:41,UPI,115.0,SUCCESS,GW8917580971
PAY0000111,ORD000678,2026-09-10 07:24:18,Card,1558.0,SUCCESS,GW2210357681
PAY0001733,ORD002350,2026-09-30 12:27:37,UPI,475.2,SUCCESS,GW9736848348
PAY0001515,ORD002347,2026-09-30 12:21:10,UPI,772.65,SUCCESS,GW8159767378
PAY0001764,ORD002202,2026-09-28 15:39:56,UPI,46.0,SUCCESS,GW7021546583
PAY0001789,ORD001497,2026-09-19 21:43:25,UPI,769.5,SUCCESS,GW8977265570
PAY0000716,ORD000788,2026-09-11 14:03:26,Card,198.55,SUCCESS,GW3594868783
PAY0001946,ORD000763,2026-09-11 07:29:37,Card,531.9,SUCCESS,GW9363210221
PAY0001558,ORD002163,2026-09-28 07:05:23,UPI,365.4,SUCCESS,GW5006584229
PAY0000690,ORD000505,2026-09-07 19:37:53,Wallet,1701.0,SUCCESS,GW2900194376
PAY0001919,ORD000524,2026-09-08 08:23:55,UPI,394.0,SUCCESS,GW8250221636
PAY0001298,ORD000309,2026-09-05 10:17:00,Wallet,65.45,SUCCESS,GW4749973040
PAY0001721,ORD001653,2026-09-21 20:23:20,UPI,295.2,SUCCESS,GW4119852572
PAY0001105,ORD001332,2026-09-17 23:50:19,UPI,60.3,REFUNDED,GW6996324107
PAY0001241,ORD001918,2026-09-25 06:54:22,Wallet,221.6,SUCCESS,GW8244959032
PAY0001112,ORD000408,2026-09-06 15:58:22,UPI,3009.6,SUCCESS,GW7979965616
PAY0000727,ORD000974,2026-09-13 17:38:45,Card,228.0,SUCCESS,GW4129005354
PAY0002119,ORD001043,2026-09-14 14:55:59,UPI,795.2,SUCCESS,GW9563729092
PAY0001375,ORD000172,2026-09-03 09:11:17,UPI,615.0,SUCCESS,GW6584835127
PAY0001418,ORD001281,2026-09-17 12:25:37,Card,304.0,SUCCESS,GW8360203041
PAY0001230,ORD000698,2026-09-10 11:31:35,UPI,684.0,SUCCESS,GW8118011741
PAY0000952,ORD001366,2026-09-18 14:36:55,Card,666.0,SUCCESS,GW8976249608
PAY0001344,ORD002125,2026-09-27 15:52:31,UPI,1140.0,SUCCESS,GW8293007958
PAY0000200,ORD001608,2026-09-21 10:20:34,Card,132.3,SUCCESS,GW9802910709
PAY0001607,ORD001525,2026-09-20 08:24:15,Wallet,283.0,SUCCESS,GW4067476034
PAY0000672,ORD000025,2026-09-01 10:47:11,UPI,788.0,SUCCESS,GW3690179068
PAY0000428,ORD000202,2026-09-03 17:00:13,UPI,342.0,SUCCESS,GW2946376142
PAY0000185,ORD002381,2026-09-30 19:19:33,UPI,2214.0,REFUNDED,GW7936168844
PAY0000275,ORD001300,2026-09-17 16:56:38,Wallet,1198.8,FAILED,GW3913833430
PAY0000196,ORD000152,2026-09-02 23:52:31,Cash on Delivery,20.0,SUCCESS,
PAY0000904,ORD002070,2026-09-26 19:05:31,Card,1040.0,SUCCESS,GW4437638887
PAY0002207,ORD002051,2026-09-26 14:48:37,Card,475.0,SUCCESS,GW5303379559
PAY0000018,ORD001427,2026-09-19 09:47:53,UPI,475.0,SUCCESS,GW7782119010
PAY0000403,ORD001841,2026-09-24 06:52:21,Card,840.0,SUCCESS,GW4116633650
PAY0001073,ORD000305,2026-09-05 09:43:07,UPI,437.0,SUCCESS,GW3829437123
PAY0000837,ORD002158,2026-09-27 23:16:44,UPI,150.0,SUCCESS,GW7254074758
PAY0000791,ORD000867,2026-09-12 15:43:54,UPI,-500.65,SUCCESS,GW1428229749
PAY0001093,ORD000555,2026-09-08 14:51:18,UPI,666.0,SUCCESS,GW1082281707
PAY0002120,ORD001056,2026-09-14 17:50:16,Card,1496.25,SUCCESS,GW4154973127
PAY0001290,ORD001137,2026-09-15 16:40:55,Wallet,1185.0,SUCCESS,GW6631017389
PAY0001303,ORD001940,2026-09-25 11:51:24,UPI,467.4,SUCCESS,GW7418095476
PAY0000397,ORD000322,2026-09-05 13:29:33,UPI,507.0,SUCCESS,GW7805324697
PAY0001535,ORD000383,2026-09-06 09:37:12,UPI,2232.0,SUCCESS,GW4755069769
PAY0001951,ORD001907,2026-09-24 22:01:10,Cash on Delivery,738.0,SUCCESS,
PAY0001160,ORD000554,2026-09-08 14:31:58,Card,399.0,SUCCESS,GW4330754807
PAY0001300,ORD001190,2026-09-16 11:16:20,UPI,530.4,SUCCESS,GW5176259794
PAY0001082,ORD002160,2026-09-28 06:04:05,Card,543.6,SUCCESS,GW3351680375
PAY0000094,ORD002265,2026-09-29 12:25:33,Cash on Delivery,492.0,SUCCESS,
PAY0001340,ORD001797,2026-09-23 18:53:28,UPI,1014.0,SUCCESS,GW7852135509
PAY0000475,ORD002101,2026-09-27 08:49:15,UPI,843.6,SUCCESS,GW5092370194
PAY0000616,ORD001209,2026-09-16 15:26:53,UPI,357.0,SUCCESS,GW9987567783
PAY0001198,ORD000832,2026-09-12 06:09:15,Card,422.75,SUCCESS,GW6947883363
PAY0001750,ORD001140,2026-09-15 16:51:19,Card,152.0,SUCCESS,GW7279079014
PAY0001115,ORD000308,2026-09-05 09:54:12,UPI,55.0,SUCCESS,GW7144203346
PAY0000301,ORD001909,2026-09-24 22:08:47,UPI,116.45,SUCCESS,GW6829733961
PAY0001866,ORD000438,2026-09-06 23:33:31,Cash on Delivery,1776.0,SUCCESS,
PAY0000022,ORD001149,2026-09-15 19:16:18,Card,792.0,SUCCESS,GW3565028629
PAY0001944,ORD000418,2026-09-06 18:25:24,UPI,1476.0,SUCCESS,GW6347131821
PAY0001313,ORD001322,2026-09-17 21:11:33,Card,302.0,SUCCESS,GW9650150896
PAY0000452,ORD001555,2026-09-20 14:53:44,Cash on Delivery,144.4,SUCCESS,
PAY0002172,ORD000307,2026-09-05 09:48:03,Cash on Delivery,760.0,SUCCESS,
PAY0002014,ORD000015,2026-09-01 09:24:20,UPI,663.0,SUCCESS,GW9891631362
PAY0000352,ORD002166,2026-09-28 07:55:26,UPI,186.0,SUCCESS,GW1244252663
PAY0000676,ORD001989,2026-09-25 20:37:22,Card,437.0,REFUNDED,GW6163003692
PAY0001911,ORD000414,2026-09-06 17:36:45,Card,2835.0,SUCCESS,GW7370264712
PAY0000878,ORD001512,2026-09-20 06:14:38,Wallet,258.4,SUCCESS,GW3182231247
PAY0000120,ORD001011,2026-09-14 08:06:48,UPI,123.2,SUCCESS,GW1812627108
PAY0000389,ORD001162,2026-09-15 21:23:48,Cash on Delivery,158.1,SUCCESS,
PAY0000442,ORD002044,2026-09-26 13:17:14,Wallet,205.0,SUCCESS,GW2506587083
PAY0002179,ORD002279,2026-09-29 16:51:22,Cash on Delivery,315.0,SUCCESS,
PAY0001864,ORD001172,2026-09-16 06:21:05,Card,336.0,SUCCESS,GW5290354125
PAY0002131,ORD002138,2026-09-27 18:32:41,UPI,672.0,SUCCESS,GW5306977868
PAY0002220,ORD968496,2026-09-18 14:22:10,UPI,606.87,SUCCESS,GW1503323383
PAY0002001,ORD000888,2026-09-12 19:32:30,UPI,505.0,SUCCESS,GW3248757230
PAY0002035,ORD001174,2026-09-16 07:04:32,UPI,123.3,SUCCESS,GW7021117198
PAY0001669,ORD002213,2026-09-28 19:19:27,UPI,849.0,SUCCESS,GW2486987454
PAY0000763,ORD001967,2026-09-25 16:07:37,Card,712.8,SUCCESS,GW6372978567
PAY0001385,ORD000334,2026-09-05 17:06:27,Card,610.2,SUCCESS,GW7127924323
PAY0001616,ORD000615,2026-09-09 10:06:25,UPI,188.1,SUCCESS,GW1021107404
PAY0000998,ORD002117,2026-09-27 12:32:02,Cash on Delivery,819.0,SUCCESS,
PAY0000323,ORD001864,2026-09-24 13:21:43,Card,182.95,SUCCESS,GW6667684063
PAY0002160,ORD001437,2026-09-19 11:58:08,UPI,176.7,SUCCESS,GW5546903677
PAY0001723,ORD000300,2026-09-05 08:04:09,Card,228.0,SUCCESS,GW5071264434
PAY0000404,ORD000146,2026-09-02 21:22:18,UPI,142.5,SUCCESS,GW5912271949
PAY0001566,ORD002088,2026-09-26 22:59:04,UPI,299.0,SUCCESS,GW8100769729
PAY0002029,ORD000546,2026-09-08 12:11:14,Cash on Delivery,127.3,SUCCESS,
PAY0001360,ORD001671,2026-09-21 23:33:47,Cash on Delivery,146.3,SUCCESS,
PAY0001653,ORD001291,2026-09-17 14:03:05,UPI,1120.0,SUCCESS,GW9380193648
PAY0000683,ORD000436,2026-09-06 22:12:53,UPI,184.5,SUCCESS,GW1704485464
PAY0000702,ORD001651,2026-09-21 19:27:14,UPI,273.6,SUCCESS,GW6292656672
PAY0001652,ORD002111,2026-09-27 10:48:17,Card,1584.0,SUCCESS,GW1147868475
PAY0001339,ORD000372,2026-09-06 07:33:21,UPI,87.2,SUCCESS,GW4261041714
PAY0000789,ORD002283,2026-09-29 17:33:08,Cash on Delivery,446.25,SUCCESS,
PAY0000981,ORD002329,2026-09-30 08:24:22,Wallet,210.0,SUCCESS,GW9477295008
PAY0001273,ORD001936,2026-09-25 10:43:30,UPI,399.0,SUCCESS,GW7118398585
PAY0000218,ORD000156,2026-09-03 06:55:51,UPI,1193.4,SUCCESS,GW5814645976
PAY0000388,ORD002391,2026-09-30 22:44:24,UPI,2223.0,SUCCESS,GW8930416371
PAY0000534,ORD000748,2026-09-10 21:29:11,Wallet,161.5,SUCCESS,GW3345941645
PAY0001475,ORD001309,2026-09-17 18:11:49,UPI,897.0,SUCCESS,GW6002532684
PAY0001500,ORD002359,2026-09-30 13:50:58,Card,385.7,SUCCESS,GW6432743156
PAY0001038,ORD000616,2026-09-09 10:46:56,UPI,203.0,SUCCESS,GW1598210433
PAY0000718,ORD000359,2026-09-06 06:06:37,Card,811.2,SUCCESS,GW8922135747
PAY0000374,ORD001680,2026-09-22 07:50:06,Wallet,440.0,SUCCESS,GW5424932280
PAY0000907,ORD001754,2026-09-23 08:00:48,UPI,451.35,SUCCESS,GW3249536268
PAY0001448,ORD001201,2026-09-16 13:01:25,UPI,336.0,SUCCESS,GW9101876274
PAY0000414,ORD001266,2026-09-17 09:03:38,UPI,594.0,SUCCESS,GW1695506654
PAY0001140,ORD002046,2026-09-26 13:56:40,UPI,2060.0,SUCCESS,GW9883514712
PAY0000976,ORD000169,2026-09-03 08:47:39,Wallet,36.0,SUCCESS,GW9746062746
PAY0002127,ORD000495,2026-09-07 16:58:31,Cash on Delivery,201.6,SUCCESS,
PAY0000186,ORD001566,2026-09-20 17:33:18,UPI,144.0,SUCCESS,GW6349037858
PAY0001518,ORD000596,2026-09-08 23:50:07,Card,265.6,SUCCESS,GW9855187061
PAY0002212,ORD001783,2026-09-23 15:46:30,UPI,820.0,SUCCESS,GW1029045484
PAY0000376,ORD002091,2026-09-26 23:59:50,UPI,324.8,SUCCESS,GW6204721152
PAY0000483,ORD000604,2026-09-09 07:41:27,UPI,534.65,SUCCESS,GW1882784801
PAY0001705,ORD001694,2026-09-22 11:05:00,UPI,8.8,SUCCESS,GW8177506066
PAY0001057,ORD001401,2026-09-18 22:44:25,Card,661.3,SUCCESS,GW9380859857
PAY0000034,ORD002255,2026-09-29 10:35:08,UPI,224.0,SUCCESS,GW5423756513
PAY0000768,ORD000097,2026-09-02 11:35:37,UPI,255.0,SUCCESS,GW4115542660
PAY0000638,ORD001673,2026-09-22 06:26:29,Card,513.0,SUCCESS,GW3095263820
PAY0000131,ORD000518,2026-09-08 06:57:07,UPI,185.3,FAILED,GW4384208519
PAY0001926,ORD000806,2026-09-11 17:52:28,UPI,260.0,SUCCESS,GW2965716256
PAY0000082,ORD001127,2026-09-15 13:33:54,UPI,597.55,SUCCESS,GW7252503368
PAY0000695,ORD002137,2026-09-27 18:28:34,UPI,259.2,SUCCESS,GW5412944279
PAY0000783,ORD000798,2026-09-11 17:02:28,UPI,186.0,SUCCESS,GW3043054262
PAY0001174,ORD000795,2026-09-11 15:44:09,Card,75.6,SUCCESS,GW7417551985
PAY0001614,ORD001624,2026-09-21 13:28:17,UPI,9576.0,SUCCESS,GW6674409688
PAY0000515,ORD000328,2026-09-05 14:47:35,UPI,738.0,REFUNDED,GW7812314276
PAY0001725,ORD000033,2026-09-01 11:46:13,UPI,224.0,SUCCESS,GW4775787422
PAY0001978,ORD001905,2026-09-24 21:14:55,Card,456.0,SUCCESS,GW6497336933
PAY0001345,ORD001897,2026-09-24 19:10:12,UPI,222.0,SUCCESS,GW9754216468
PAY0000865,ORD000571,2026-09-08 17:48:56,Cash on Delivery,422.0,SUCCESS,
PAY0000630,ORD000758,2026-09-10 23:50:45,UPI,198.0,SUCCESS,GW7437414308
PAY0001520,ORD001928,2026-09-25 08:51:31,UPI,471.75,SUCCESS,GW1308468566
PAY0000828,ORD001896,2026-09-24 19:09:47,UPI,277.0,SUCCESS,GW2651809915
PAY0001108,ORD001055,2026-09-14 17:45:02,Wallet,30.6,SUCCESS,GW6236088827
PAY0001220,ORD001171,2026-09-15 23:44:46,Wallet,9.9,SUCCESS,GW8122326953
PAY0001009,ORD000326,2026-09-05 14:33:12,Card,125.0,SUCCESS,GW9749180000
PAY0000754,ORD001205,2026-09-16 14:00:26,UPI,271.7,SUCCESS,GW2238124744
PAY0001489,ORD002200,2026-09-28 15:25:37,UPI,184.5,SUCCESS,GW6378941216
PAY0001422,ORD001185,2026-09-16 09:58:45,Card,248.0,SUCCESS,GW6112494986
PAY0000749,ORD000360,2026-09-06 06:38:32,Card,177.3,SUCCESS,GW9938055806
PAY0000525,ORD000902,2026-09-12 22:24:12,UPI,866.4,SUCCESS,GW1160730609
PAY0000010,ORD000787,2026-09-11 13:56:12,Card,205.0,SUCCESS,GW6811916280
PAY0000563,ORD001630,2026-09-21 14:58:01,UPI,489.6,SUCCESS,GW2488314349
PAY0001120,ORD000927,2026-09-13 08:02:19,Wallet,679.2,SUCCESS,GW3212521603
PAY0002037,ORD001424,2026-09-19 09:23:10,UPI,1264.0,SUCCESS,GW7940202177
PAY0001325,ORD000242,2026-09-04 11:13:54,UPI,356.0,SUCCESS,GW5853660504
PAY0000641,ORD000258,2026-09-04 17:00:32,UPI,267.2,SUCCESS,GW6456678307
PAY0001146,ORD001286,2026-09-17 13:17:09,UPI,448.0,REFUNDED,GW4573048663
PAY0000930,ORD000649,2026-09-09 19:50:51,UPI,344.0,SUCCESS,GW2527032729
PAY0000503,ORD002281,2026-09-29 17:05:28,Wallet,113.9,SUCCESS,GW5356378957
PAY0001167,ORD001753,2026-09-23 08:01:29,Cash on Delivery,452.35,SUCCESS,
PAY0000312,ORD000128,2026-09-02 18:39:01,UPI,591.3,SUCCESS,GW5426483777
PAY0001372,ORD000451,2026-09-07 07:45:38,UPI,688.0,SUCCESS,GW4064450253
PAY0001909,ORD001956,2026-09-25 14:14:41,UPI,524.0,SUCCESS,GW4782052441
PAY0001499,ORD001832,2026-09-23 23:19:07,UPI,349.3,SUCCESS,GW8602081086
PAY0001968,ORD000254,2026-09-04 16:22:14,UPI,190.4,SUCCESS,GW7802866009
PAY0000003,ORD002203,2026-09-28 15:53:45,UPI,248.0,SUCCESS,GW7145779441
PAY0002210,ORD001945,2026-09-25 12:46:44,UPI,274.0,SUCCESS,GW3913456247
PAY0000604,ORD001620,2026-09-21 12:38:37,UPI,336.0,SUCCESS,GW3809864329
PAY0001087,ORD000576,2026-09-08 19:22:08,UPI,169.2,SUCCESS,GW4222950101
PAY0001557,ORD001169,2026-09-15 23:27:27,Cash on Delivery,594.0,REFUNDED,
PAY0001117,ORD000116,2026-09-02 16:53:16,UPI,507.6,SUCCESS,GW5593456922
PAY0001982,ORD002110,2026-09-27 10:41:52,Card,144.0,SUCCESS,GW1980390738
PAY0001967,ORD001468,2026-09-19 16:49:57,UPI,547.2,SUCCESS,GW3684214146
PAY0001925,ORD000508,2026-09-07 21:19:59,UPI,609.0,SUCCESS,GW4082427190
PAY0002032,ORD001618,2026-09-21 11:56:15,UPI,458.85,SUCCESS,GW2658695087
PAY0000741,ORD002209,2026-09-28 16:54:41,Cash on Delivery,205.0,SUCCESS,
PAY0000112,ORD002151,2026-09-27 21:39:04,Card,819.0,SUCCESS,GW9285318957
PAY0000778,ORD000171,2026-09-03 09:08:55,UPI,207.4,SUCCESS,GW7648591997
PAY0000408,ORD001117,2026-09-15 10:45:00,Card,627.0,SUCCESS,GW8798377610
PAY0001745,ORD001524,2026-09-20 08:11:15,Cash on Delivery,211.0,SUCCESS,
PAY0000560,ORD002095,2026-09-27 06:51:36,Card,72.2,SUCCESS,GW2187623976
PAY0001415,ORD000075,2026-09-01 22:00:55,Cash on Delivery,663.0,REFUNDED,
PAY0000602,ORD000948,2026-09-13 13:07:02,Cash on Delivery,1051.2,SUCCESS,
PAY0001912,ORD001802,2026-09-23 19:11:54,UPI,159.0,SUCCESS,GW9986530535
PAY0000633,ORD001319,2026-09-17 20:40:08,UPI,167.4,SUCCESS,GW2328419509
PAY0001224,ORD001267,2026-09-17 09:29:08,UPI,99.75,SUCCESS,GW4747888432
PAY0001579,ORD001670,2026-09-21 23:29:36,Cash on Delivery,1065.6,SUCCESS,
PAY0000491,ORD001207,2026-09-16 14:40:02,UPI,335.75,SUCCESS,GW8131690994
PAY0000124,ORD001344,2026-09-18 09:14:17,UPI,345.8,SUCCESS,GW9682079915
PAY0001382,ORD000749,2026-09-10 21:29:41,Card,57.6,SUCCESS,GW5346411018
PAY0002019,ORD000422,2026-09-06 19:04:16,UPI,300.9,SUCCESS,GW4611870964
PAY0001881,ORD002280,2026-09-29 16:53:39,UPI,540.0,SUCCESS,GW9121573997
PAY0001031,ORD001441,2026-09-19 12:16:45,Card,527.0,SUCCESS,GW3632454786
PAY0001107,ORD002124,2026-09-27 15:42:54,Card,101.65,SUCCESS,GW6920013611
PAY0000360,ORD000570,2026-09-08 17:45:18,UPI,143.0,SUCCESS,GW5436909874
PAY0001800,ORD001164,2026-09-15 22:31:05,UPI,16.0,SUCCESS,GW7328202181
PAY0001620,ORD000858,2026-09-12 12:58:36,Card,330.65,SUCCESS,GW3286029881
PAY0000333,ORD001339,2026-09-18 07:13:40,UPI,537.6,SUCCESS,GW9527963265
PAY0001101,ORD002331,2026-09-30 08:57:13,UPI,342.0,SUCCESS,GW6535956421
PAY0002062,ORD000087,2026-09-02 08:54:29,Cash on Delivery,1780.0,SUCCESS,
PAY0001512,ORD000435,2026-09-06 22:08:35,UPI,976.0,SUCCESS,GW9352239996
PAY0001352,ORD001790,2026-09-23 17:31:43,Cash on Delivery,1108.0,SUCCESS,
PAY0000923,ORD002375,2026-09-30 18:34:00,Wallet,248.0,SUCCESS,GW2472958632
PAY0000387,ORD001036,2026-09-14 13:28:50,Card,843.2,SUCCESS,GW8750106575
PAY0001129,ORD001262,2026-09-17 08:23:19,Card,399.0,SUCCESS,GW9761094088
PAY0001427,ORD001714,2026-09-22 16:27:35,Card,692.55,FAILED,GW3842236150
PAY0001971,ORD000820,2026-09-11 21:57:41,Wallet,86.4,SUCCESS,GW5489816563
PAY0002182,ORD001823,2026-09-23 22:16:25,UPI,820.0,SUCCESS,GW5058899988
PAY0000580,ORD000688,2026-09-10 09:57:42,Card,113.05,SUCCESS,GW4667936685
PAY0000555,ORD001842,2026-09-24 07:18:32,UPI,342.0,FAILED,GW6457451483
PAY0001817,ORD001074,2026-09-14 20:24:38,Cash on Delivery,2375.0,SUCCESS,
PAY0000869,ORD002262,2026-09-29 11:57:13,Wallet,178.6,SUCCESS,GW7276777761
PAY0000451,ORD000499,2026-09-07 17:35:21,Card,329.4,SUCCESS,GW6599180409
PAY0001954,ORD001640,2026-09-21 17:25:47,cod,619.2,SUCCESS,GW5399600121
PAY0002075,ORD002250,2026-09-29 09:51:37,UPI,338.0,SUCCESS,GW9338349552
PAY0000526,ORD001642,2026-09-21 17:54:04,Card,1780.0,SUCCESS,GW2061594427
PAY0001148,ORD001810,2026-09-23 20:44:00,UPI,1354.05,SUCCESS,GW3785387044
PAY0000698,ORD001187,2026-09-16 10:32:56,Card,697.0,SUCCESS,GW8652210596
PAY0001218,ORD000291,2026-09-05 06:18:47,Card,918.0,SUCCESS,GW3967771527
PAY0000076,ORD000432,2026-09-06 21:29:03,UPI,1050.0,SUCCESS,GW6068878865
PAY0001743,ORD002112,2026-09-27 10:54:46,UPI,1140.0,SUCCESS,GW9092851766
PAY0000240,ORD002341,2026-09-30 11:26:23,Card,214.0,SUCCESS,GW7439043910
PAY0001542,ORD001939,2026-09-25 11:49:38,Cash on Delivery,137.0,SUCCESS,
PAY0001389,ORD000303,2026-09-05 08:42:43,UPI,404.1,SUCCESS,GW4696331696
PAY0000938,ORD001305,2026-09-17 17:53:18,Card,242.0,SUCCESS,GW9533035636
PAY0001627,ORD000717,2026-09-10 14:51:13,Cash on Delivery,165.0,SUCCESS,
PAY0001378,ORD000208,2026-09-03 17:32:06,UPI,83.7,SUCCESS,GW2053940115
PAY0002003,ORD000925,2026-09-13 07:57:59,Cash on Delivery,306.0,SUCCESS,
PAY0001429,ORD001813,2026-09-23 21:11:53,UPI,192.6,SUCCESS,GW4052305577
PAY0001826,ORD002263,2026-09-29 12:03:02,UPI,111.35,SUCCESS,GW7972955824
PAY0001869,ORD000272,2026-09-04 20:52:52,Cash on Delivery,984.0,SUCCESS,
PAY0001379,ORD001982,2026-09-25 19:14:38,Cash on Delivery,394.0,FAILED,
PAY0000732,ORD002294,2026-09-29 19:45:10,UPI,795.15,SUCCESS,GW6944768289
PAY0000843,ORD000483,2026-09-07 14:20:05,Card,251.1,SUCCESS,GW2071547054
PAY0000464,ORD001157,2026-09-15 20:48:16,UPI,304.0,SUCCESS,GW9983559964
PAY0001658,ORD002254,2026-09-29 10:23:39,UPI,102.6,SUCCESS,GW9729560962
PAY0000351,ORD001453,2026-09-19 13:50:32,UPI,261.6,SUCCESS,GW7286614164
PAY0000899,ORD001382,2026-09-18 18:33:14,Card,87.4,SUCCESS,GW7546240535
PAY0000363,ORD001105,2026-09-15 08:54:31,UPI,360.0,SUCCESS,GW5879465849
PAY0000279,ORD000629,2026-09-09 13:44:23,UPI,107.0,SUCCESS,GW7791821520
PAY0000520,ORD002362,2026-09-30 15:02:03,Cash on Delivery,356.4,SUCCESS,
PAY0002006,ORD001792,2026-09-23 18:22:04,UPI,1192.8,SUCCESS,GW8671585019
PAY0000957,ORD001848,2026-09-24 08:20:16,UPI,565.2,FAILED,GW7582810453
PAY0000427,ORD002100,2026-09-27 08:28:02,UPI,367.2,SUCCESS,GW2529422094
PAY0001803,ORD001784,2026-09-23 15:47:17,Card,897.0,SUCCESS,GW9632301755
PAY0002065,ORD000057,2026-09-01 17:53:55,UPI,1346.4,FAILED,GW2104816563
PAY0000488,ORD001742,2026-09-22 23:39:47,UPI,463.5,SUCCESS,GW1188878110
PAY0000253,ORD001988,2026-09-25 20:26:50,Card,200.0,SUCCESS,GW2177668093
PAY0001699,ORD001035,2026-09-14 13:10:31,Wallet,243.2,SUCCESS,GW5774313029
PAY0000250,ORD001822,2026-09-23 21:52:38,UPI,1485.0,SUCCESS,GW9194091755
PAY0001625,ORD001006,2026-09-14 06:15:04,UPI,304.0,SUCCESS,GW9207418808
PAY0001458,ORD000003,2026-09-01 06:39:05,UPI,453.6,SUCCESS,GW5346241941
PAY0001111,ORD001724,2026-09-22 19:41:39,UPI,0.0,SUCCESS,GW3746235380
PAY0000225,ORD000337,2026-09-05 17:54:52,UPI,1748.0,SUCCESS,GW6951042696
PAY0000660,ORD000502,2026-09-07 18:46:56,Wallet,1195.1,SUCCESS,GW3945202041
PAY0001724,ORD001884,2026-09-24 16:56:26,UPI,103.5,SUCCESS,GW5412999700
PAY0000916,ORD000735,2026-09-10 18:53:47,Card,152.0,SUCCESS,GW6975617925
PAY0000990,ORD001604,2026-09-21 09:25:46,Cash on Delivery,204.3,SUCCESS,
PAY0000423,ORD001537,2026-09-20 11:01:25,UPI,1211.25,SUCCESS,GW1709245307
PAY0001251,ORD000526,2026-09-08 08:43:31,Cash on Delivery,1179.9,SUCCESS,
PAY0000077,ORD000646,2026-09-09 19:22:42,UPI,33.0,SUCCESS,GW2245247655
PAY0000299,ORD002289,2026-09-29 18:48:03,Wallet,1425.0,SUCCESS,GW2303357117
PAY0000486,ORD002181,2026-09-28 11:34:38,UPI,219.0,SUCCESS,GW8984839904
PAY0001399,ORD000887,2026-09-12 19:21:46,Card,760.0,SUCCESS,GW3390792967
PAY0001264,ORD001606,2026-09-21 10:03:29,Card,1456.0,SUCCESS,GW5084363944
PAY0000437,ORD001467,2026-09-19 16:12:30,Cash on Delivery,332.0,SUCCESS,
PAY0001291,ORD001625,2026-09-21 13:37:08,UPI,190.0,SUCCESS,GW4562211423
PAY0001545,ORD002174,2026-09-28 10:18:39,UPI,200.0,SUCCESS,GW9642814756
PAY0001125,ORD000658,2026-09-09 21:28:11,Wallet,184.0,SUCCESS,GW5656119223
PAY0000571,ORD000478,2026-09-07 13:40:14,UPI,591.0,SUCCESS,GW7397434674
PAY0002163,ORD001182,2026-09-16 09:31:16,UPI,912.0,SUCCESS,GW4017881196
PAY0001366,ORD001520,2026-09-20 08:03:58,UPI,395.0,SUCCESS,GW4233630539
PAY0001640,ORD001016,2026-09-14 08:39:57,UPI,131.0,SUCCESS,GW7118988756
PAY0001921,ORD001633,2026-09-21 15:47:22,UPI,700.0,SUCCESS,GW8539136400
PAY0001680,ORD001064,2026-09-14 19:08:19,UPI,274.0,SUCCESS,GW4895449784
PAY0000340,ORD002147,2026-09-27 20:44:44,UPI,395.2,SUCCESS,GW2261679603
PAY0001600,ORD001173,2026-09-16 06:30:44,UPI,227.0,REFUNDED,GW5059743851
PAY0000666,ORD001084,2026-09-14 22:22:54,UPI,177.3,SUCCESS,GW9623446290
PAY0001096,ORD000014,2026-09-01 08:30:42,UPI,300.0,SUCCESS,GW7508345778
PAY0001587,ORD000186,2026-09-03 13:05:53,Card,960.45,SUCCESS,GW9468622591
PAY0000777,ORD001100,2026-09-15 07:32:29,UPI,219.6,SUCCESS,GW9847967283
PAY0001098,ORD000260,2026-09-04 18:28:36,Cash on Delivery,527.0,SUCCESS,
PAY0001412,ORD002260,2026-09-29 11:48:10,Card,198.0,SUCCESS,GW6283302534
PAY0000026,ORD000164,2026-09-03 08:03:39,Card,299.0,SUCCESS,GW5089069686
PAY0000418,ORD001148,2026-09-15 19:07:58,UPI,629.0,SUCCESS,GW2172128801
PAY0001090,ORD000224,2026-09-03 22:50:41,UPI,248.0,SUCCESS,GW2269969503
PAY0000463,ORD000112,2026-09-02 15:53:26,UPI,228.0,SUCCESS,GW7170812875
PAY0000817,ORD000159,2026-09-03 07:04:47,upi,138.6,SUCCESS,GW7701311403
PAY0001371,ORD001811,2026-09-23 21:02:19,Card,538.65,SUCCESS,GW3864307279
PAY0000821,ORD001147,2026-09-15 18:43:49,Wallet,143.0,SUCCESS,GW7936488208
PAY0001814,ORD001375,2026-09-18 16:31:22,UPI,105.0,SUCCESS,GW7551985532
PAY0001021,ORD001658,2026-09-21 20:32:43,Wallet,151.2,SUCCESS,GW6372734694
PAY0000492,ORD001836,2026-09-23 23:52:06,UPI,608.0,SUCCESS,GW6140969585
PAY0001592,ORD000392,2026-09-06 11:41:28,Cash on Delivery,399.6,REFUNDED,
PAY0000720,ORD001692,2026-09-22 10:28:54,UPI,267.75,SUCCESS,GW2453107692
PAY0001775,ORD000667,2026-09-09 23:17:33,UPI,227.0,SUCCESS,GW6624414748
PAY0001877,ORD001070,2026-09-14 20:06:28,Cash on Delivery,108.0,SUCCESS,
PAY0001768,ORD002008,2026-09-26 08:15:38,UPI,435.6,SUCCESS,GW3328913186
PAY0001740,ORD001338,2026-09-18 06:49:28,UPI,676.0,SUCCESS,GW6694399980
PAY0000460,ORD001517,2026-09-20 07:53:33,UPI,186.15,SUCCESS,GW9103109777
PAY0001368,ORD000399,2026-09-06 12:30:16,Cash on Delivery,288.0,SUCCESS,
PAY0001359,ORD001364,2026-09-18 14:17:29,CARD,315.0,SUCCESS,GW9335586712
PAY0001495,ORD002342,2026-09-30 11:29:24,Wallet,138.6,SUCCESS,GW8660693593
PAY0001099,ORD001686,2026-09-22 08:46:48,UPI,745.75,SUCCESS,GW2352713200
PAY0001963,ORD000796,2026-09-11 16:10:52,Cash on Delivery,160.55,SUCCESS,
PAY0000516,ORD001545,2026-09-20 12:57:44,UPI,10.45,SUCCESS,GW1794764136
PAY0000315,ORD001751,2026-09-23 07:35:11,UPI,602.0,SUCCESS,GW3442667754
PAY0001149,ORD001020,2026-09-14 10:11:01,Cash on Delivery,1036.8,REFUNDED,
PAY0000562,ORD000417,2026-09-06 18:22:40,UPI,205.0,SUCCESS,GW1263231240
PAY0002215,ORD000347,2026-09-05 20:23:33,UPI,1127.1,SUCCESS,GW4320764592
PAY0001165,ORD001568,2026-09-20 18:12:22,UPI,265.0,SUCCESS,GW6479773898
PAY0000430,ORD001529,2026-09-20 09:56:45,UPI,1025.0,SUCCESS,GW7301029102
PAY0002171,ORD000981,2026-09-13 18:17:06,UPI,167.0,SUCCESS,GW2974138494
PAY0000207,ORD000427,2026-09-06 19:35:36,Card,1212.0,SUCCESS,GW9958846594
PAY0000576,ORD001436,2026-09-19 11:42:15,UPI,632.7,SUCCESS,GW3491500772
PAY0000940,ORD000631,2026-09-09 14:02:31,UPI,936.0,SUCCESS,GW9735801414
PAY0001865,ORD001302,2026-09-17 17:21:02,UPI,380.0,SUCCESS,GW2912569834
PAY0001367,ORD001788,2026-09-23 16:57:04,Cash on Delivery,88.8,FAILED,
PAY0001046,ORD001033,2026-09-14 12:55:18,UPI,448.0,SUCCESS,GW2048345633
PAY0000108,ORD000976,2026-09-13 17:41:07,Card,1677.7,SUCCESS,GW2064348736
PAY0000449,ORD000209,2026-09-03 17:37:04,UPI,1239.3,SUCCESS,GW7376283741
PAY0000302,ORD000930,2026-09-13 09:24:14,Card,103.5,SUCCESS,GW3821521247
PAY0000262,ORD000477,2026-09-07 13:28:09,UPI,558.0,SUCCESS,GW1303622921
PAY0001711,ORD001346,2026-09-18 09:46:11,UPI,319.2,SUCCESS,GW7592527023
PAY0000909,ORD001360,2026-09-18 12:56:10,Card,103.0,SUCCESS,GW2774499359
PAY0001172,ORD001527,2026-09-20 09:38:13,UPI,304.0,SUCCESS,GW5380955107
PAY0001204,ORD000648,2026-09-09 19:30:50,Wallet,152.0,SUCCESS,GW9305036473
PAY0001272,ORD001833,2026-09-23 23:25:41,Wallet,164.0,SUCCESS,GW7565235837
PAY0002161,ORD001005,2026-09-14 06:12:39,UPI,640.3,SUCCESS,GW4120476622
PAY0002116,ORD000423,2026-09-06 19:05:23,Wallet,130.9,SUCCESS,GW3264770099
PAY0000284,ORD001058,2026-09-14 18:14:30,Wallet,638.4,SUCCESS,GW1113159258
PAY0000087,ORD001938,2026-09-25 10:55:16,Cash on Delivery,799.9,SUCCESS,
PAY0001266,ORD001560,2026-09-20 16:03:48,Card,115.2,SUCCESS,GW5409796551
PAY0001278,ORD000100,2026-09-02 13:05:03,UPI,322.0,SUCCESS,GW7641124062
PAY0001201,ORD001093,2026-09-15 06:25:37,UPI,185.3,SUCCESS,GW2604091116
PAY0000287,ORD001270,2026-09-17 10:35:18,Card,780.0,SUCCESS,GW1191265176
PAY0000590,ORD000580,2026-09-08 19:47:22,Wallet,168.0,FAILED,GW8185371139
PAY0000966,ORD000587,2026-09-08 20:59:09,Wallet,434.0,SUCCESS,GW6670327534
PAY0002064,ORD000774,2026-09-11 10:31:06,UPI,449.0,SUCCESS,GW7043644694
PAY0001326,ORD000226,2026-09-03 23:53:52,UPI,210.0,SUCCESS,GW8963758978
PAY0000566,ORD002287,2026-09-29 18:27:12,UPI,197.0,SUCCESS,GW8693219645
PAY0001236,ORD000681,2026-09-10 08:06:57,Card,368.0,REFUNDED,GW8418398182
PAY0001521,ORD000677,2026-09-10 07:18:45,Card,394.2,SUCCESS,GW3655592175
PAY0000712,ORD001072,2026-09-14 20:20:23,Card,396.0,SUCCESS,GW9800490438
PAY0001248,ORD000484,2026-09-07 14:59:19,Card,282.15,SUCCESS,GW1971134499
PAY0001761,ORD000467,2026-09-07 11:08:24,Cash on Delivery,2091.0,SUCCESS,
PAY0000237,ORD000928,2026-09-13 08:34:57,UPI,608.0,SUCCESS,GW7219922462
PAY0000164,ORD000999,2026-09-13 22:55:52,Card,538.65,SUCCESS,GW2582222285
PAY0001395,ORD000016,2026-09-01 09:27:03,Card,258.4,SUCCESS,GW3032542142
PAY0002109,ORD001237,2026-09-16 21:17:01,UPI,2408.0,SUCCESS,GW3109209656
PAY0000808,ORD001022,2026-09-14 10:19:59,UPI,418.0,SUCCESS,GW5959440463
PAY0000852,ORD000756,2026-09-10 23:47:53,Card,46.0,SUCCESS,GW2948247367
PAY0000689,ORD000978,2026-09-13 17:51:22,UPI,336.0,SUCCESS,GW7473379069
PAY0000911,ORD002390,2026-09-30 22:45:25,UPI,649.0,SUCCESS,GW9604133219
PAY0000819,ORD000563,2026-09-08 16:57:15,UPI,380.0,SUCCESS,GW2375091946
PAY0000443,ORD001586,2026-09-20 21:50:39,Wallet,790.5,SUCCESS,GW1126942506
PAY0000349,ORD001202,2026-09-16 13:28:01,Cash on Delivery,527.0,REFUNDED,
PAY0002223,ORD988106,2026-09-18 14:22:10,UPI,872.5,SUCCESS,GW1440914785
PAY0001095,ORD000175,2026-09-03 09:44:16,UPI,890.0,SUCCESS,GW3814752629
PAY0002139,ORD001400,2026-09-18 22:34:33,Card,336.0,SUCCESS,GW5711689668
PAY0001519,ORD001274,2026-09-17 11:19:37,UPI,110.0,SUCCESS,GW4962797788
PAY0001281,ORD001764,2026-09-23 11:23:02,Wallet,217.8,SUCCESS,GW1556936080
PAY0001647,ORD001900,2026-09-24 20:32:42,UPI,158.1,SUCCESS,GW8513658137
PAY0001870,ORD001970,2026-09-25 16:47:48,UPI,404.7,SUCCESS,GW9145208183
PAY0001234,ORD000072,2026-09-01 21:32:20,UPI,393.6,SUCCESS,GW9074959380
PAY0000648,ORD001565,2026-09-20 17:10:48,UPI,1204.0,SUCCESS,GW7969458355
PAY0000172,ORD001409,2026-09-19 06:42:28,UPI,590.4,SUCCESS,GW2502131186
PAY0001585,ORD001083,2026-09-14 22:16:29,Cash on Delivery,93.0,SUCCESS,
PAY0001334,ORD000122,2026-09-02 17:31:49,Cash on Delivery,455.0,SUCCESS,
PAY0000179,ORD000980,2026-09-13 18:10:59,Card,360.0,SUCCESS,GW6649700301
PAY0002201,ORD001831,2026-09-23 23:19:01,UPI,158.1,SUCCESS,GW9901940589
PAY0001642,ORD000048,2026-09-01 16:50:29,UPI,115.0,SUCCESS,GW8823400910
PAY0001656,ORD000732,2026-09-10 17:05:02,UPI,1169.6,SUCCESS,GW7217775162
PAY0001027,ORD000660,2026-09-09 21:56:01,UPI,257.6,SUCCESS,GW5136104707
PAY0002081,ORD000080,2026-09-01 23:01:33,UPI,567.0,REFUNDED,GW2951714169
PAY0000529,ORD001662,2026-09-21 21:46:39,Card,207.4,SUCCESS,GW5387103952
PAY0001544,ORD001587,2026-09-20 21:50:43,UPI,974.4,SUCCESS,GW4450866461
PAY0000432,ORD000219,2026-09-03 21:56:08,Wallet,502.4,SUCCESS,GW9957734001
PAY0000793,ORD001815,2026-09-23 21:21:08,UPI,180.9,SUCCESS,GW4637731587
PAY0001037,ORD001765,2027-01-01 09:01:02,Card,369.0,SUCCESS,GW9380438386
PAY0001342,ORD002099,2026-09-27 07:29:49,UPI,2337.0,SUCCESS,GW3609167050
PAY0000325,ORD001407,2026-09-19 06:27:59,Card,184.5,SUCCESS,GW4134974517
PAY0001527,ORD001838,2026-09-23 23:53:00,Cash on Delivery,304.0,SUCCESS,
PAY0001962,ORD000558,2026-09-08 15:53:15,Card,205.2,SUCCESS,GW3202811244
PAY0000357,ORD001180,2026-09-16 09:04:42,UPI,334.0,SUCCESS,GW1285449854
PAY0000586,ORD000481,2026-09-07 14:12:12,UPI,2.6,SUCCESS,GW1470909871
PAY0001890,ORD002299,2026-09-29 20:30:23,Cash on Delivery,316.0,SUCCESS,
PAY0000281,ORD001739,2026-09-22 22:38:54,UPI,483.0,REFUNDED,GW5097275926
PAY0000099,ORD000348,2026-09-05 20:33:16,UPI,77.0,SUCCESS,GW9661651998
PAY0000530,ORD000827,2026-09-11 23:31:48,Card,176.0,SUCCESS,GW7434516713
PAY0001613,ORD001835,2026-09-23 23:41:45,Card,565.2,SUCCESS,GW2132573240
PAY0001459,ORD000822,2026-09-11 22:26:11,UPI,531.0,SUCCESS,GW1277849445
PAY0001959,ORD000890,2026-09-12 19:39:23,Card,503.5,SUCCESS,GW7486022363
PAY0000807,ORD001448,2026-09-19 13:20:07,Wallet,205.7,SUCCESS,GW8987411159
PAY0001867,ORD001139,2026-09-15 16:42:09,UPI,1521.0,SUCCESS,GW1024448465
PAY0001163,ORD001223,2026-09-16 18:17:15,UPI,214.0,SUCCESS,GW3573578126
PAY0000984,ORD001990,2026-09-25 20:54:20,UPI,185.3,SUCCESS,GW8812308702
PAY0000989,ORD001485,2026-09-19 19:47:30,UPI,945.0,SUCCESS,GW5537548734
PAY0000159,ORD000814,2026-09-11 19:31:15,UPI,336.0,SUCCESS,GW7345562100
PAY0000915,ORD002367,2026-09-30 15:56:55,UPI,223.2,SUCCESS,GW4273231379
PAY0002033,ORD001394,2026-09-18 20:21:20,UPI,380.0,SUCCESS,GW7130784688
PAY0001435,ORD002394,2026-09-30 23:03:20,Cash on Delivery,220.0,SUCCESS,
PAY0000060,ORD001963,2026-09-25 15:15:06,UPI,380.8,SUCCESS,GW5451394155
PAY0000775,ORD000038,2026-09-01 12:47:24,UPI,748.8,SUCCESS,GW9516253467
PAY0002009,ORD000611,2026-09-09 09:31:13,Card,481.65,SUCCESS,GW8410656294
PAY0000229,ORD001518,2026-09-20 08:02:03,UPI,393.6,SUCCESS,GW3811620617
PAY0000581,ORD000201,2026-09-03 16:56:37,UPI,1766.0,SUCCESS,GW5971843408
PAY0002102,ORD002030,2026-09-26 10:53:59,Card,181.6,SUCCESS,GW9467904766
PAY0000928,ORD002277,2026-09-29 16:43:21,UPI,111.0,SUCCESS,GW8614412402
PAY0001261,ORD002378,2026-09-30 18:44:31,UPI,260.0,SUCCESS,GW2013424800
PAY0000554,ORD000983,2026-09-13 18:52:09,UPI,324.0,SUCCESS,GW2643644517
PAY0001824,ORD000812,2026-09-11 19:24:58,UPI,1385.0,SUCCESS,GW1995137068
PAY0000617,ORD000869,2026-09-12 16:37:44,Cash on Delivery,96.0,SUCCESS,
PAY0000227,ORD001159,2026-09-15 20:57:40,UPI,534.4,REFUNDED,GW9403497928
PAY0000649,ORD000109,2026-09-02 15:32:53,UPI,760.0,SUCCESS,GW6686577034
PAY0001510,ORD000825,2026-09-11 23:29:59,UPI,851.2,SUCCESS,GW6112450733
PAY0001231,ORD000538,2026-09-08 10:31:06,Wallet,135.85,SUCCESS,GW3726289216
PAY0000499,ORD002204,2026-09-28 16:13:42,UPI,2020.0,SUCCESS,GW3019175561
PAY0001970,ORD001976,2026-09-25 18:21:54,Wallet,207.0,SUCCESS,GW5503002819
PAY0001732,ORD002240,2026-09-29 07:07:23,Card,399.0,SUCCESS,GW8792981656
PAY0001687,ORD000197,2026-09-03 14:59:38,UPI,285.6,SUCCESS,GW1445253903
PAY0000855,ORD000320,2026-09-05 12:29:52,UPI,1008.0,SUCCESS,GW4839750884
PAY0001059,ORD001969,2026-09-25 16:47:25,Card,566.1,SUCCESS,GW2833906002
PAY0000509,ORD002122,2026-09-27 14:57:42,UPI,148.8,SUCCESS,GW5719011844
PAY0000063,ORD000398,2026-09-06 12:28:58,Card,364.0,FAILED,GW7485836860
PAY0001993,ORD000913,2026-09-12 23:23:16,UPI,93.0,SUCCESS,GW9570887320
PAY0002162,ORD000712,2026-09-10 14:09:33,Cash on Delivery,2664.0,SUCCESS,
PAY0000146,ORD000193,2026-09-03 14:03:57,Cash on Delivery,806.55,SUCCESS,
PAY0001358,ORD000437,2026-09-06 23:23:35,UPI,315.0,SUCCESS,GW4996244047
PAY0001191,ORD001827,2026-09-23 22:42:59,UPI,314.0,REFUNDED,GW7150219811
PAY0001219,ORD000529,2026-09-08 08:47:31,UPI,144.0,SUCCESS,GW7593823107
PAY0000967,ORD000569,2026-09-08 17:44:07,UPI,604.0,SUCCESS,GW8004250435
PAY0000030,ORD000283,2026-09-04 23:27:22,Cash on Delivery,1685.0,SUCCESS,
PAY0000635,ORD001772,2026-09-23 13:56:44,UPI,896.0,SUCCESS,GW8014590651
PAY0001010,ORD000967,2026-09-13 15:55:04,UPI,69.3,SUCCESS,GW4157800390
PAY0000317,ORD001002,2026-09-13 23:16:40,Card,8.8,SUCCESS,GW5436564595
PAY0000028,ORD000228,2026-09-04 06:04:19,UPI,168.0,REFUNDED,GW3232236769
PAY0000827,ORD000004,2026-09-01 07:06:41,Card,666.0,SUCCESS,GW2232034581
PAY0001284,ORD001623,2026-09-21 13:21:17,Wallet,772.8,SUCCESS,GW5274023424
PAY0001155,ORD000095,2026-09-02 11:14:34,Wallet,518.0,SUCCESS,GW5824353802
PAY0001956,ORD000613,2026-09-09 09:39:40,UPI,720.0,SUCCESS,GW1789347885
PAY0000637,ORD001393,2026-09-18 20:09:02,UPI,527.0,SUCCESS,GW4341748280
PAY0002023,ORD000368,2026-09-06 07:10:52,Cash on Delivery,176.0,SUCCESS,
PAY0002125,ORD001707,2026-09-22 14:39:43,Card,167.4,SUCCESS,GW4447261159
PAY0001810,ORD000938,2026-09-13 10:41:36,UPI,455.0,SUCCESS,GW6610223772
PAY0000106,ORD001295,2026-09-17 15:45:57,Wallet,812.0,REFUNDED,GW4890891246
PAY0000836,ORD000019,2026-09-01 09:41:57,Card,676.0,SUCCESS,GW2953863961
PAY0000130,ORD001066,2026-09-14 19:29:25,UPI,390.45,SUCCESS,GW4715630017
PAY0001605,ORD001611,2026-09-21 10:49:55,Card,1944.0,SUCCESS,GW5661972642
PAY0000815,ORD001542,2026-09-20 12:19:22,Card,434.0,SUCCESS,GW3648107569
PAY0000410,ORD002248,2026-09-29 09:06:12,Cash on Delivery,311.2,SUCCESS,
PAY0000181,ORD000490,2026-09-07 15:57:43,Card,824.0,SUCCESS,GW1289733729
PAY0000359,ORD001227,2026-09-16 19:07:50,Wallet,933.6,SUCCESS,GW8460381193
PAY0001114,ORD001256,2026-09-17 07:21:19,UPI,317.3,SUCCESS,GW8338173244
PAY0001209,ORD001378,2026-09-18 17:14:04,Wallet,217.0,SUCCESS,GW2436990737
PAY0001032,ORD002049,2026-09-26 14:39:22,Cash on Delivery,160.55,SUCCESS,
PAY0000748,ORD001371,2026-09-18 16:18:25,Wallet,342.0,FAILED,GW6722828423
PAY0000380,ORD001195,2026-09-16 12:31:56,Cash on Delivery,241.6,SUCCESS,
PAY0000426,ORD000773,2026-09-11 10:30:39,UPI,728.0,SUCCESS,GW9171621601
PAY0000708,ORD001278,2026-09-17 12:01:04,UPI,167.4,SUCCESS,GW4845675713
PAY0000746,ORD000861,2026-09-12 13:59:05,UPI,337.0,SUCCESS,GW1361003701
PAY0001410,ORD000195,2026-09-03 14:19:24,UPI,673.2,SUCCESS,GW3553997094
PAY0001222,ORD001646,2026-09-21 18:40:21,UPI,364.0,SUCCESS,GW5767266196
PAY0000999,ORD001282,2026-09-17 12:44:44,UPI,364.8,SUCCESS,GW7033893492
PAY0001596,ORD000797,2026-09-11 16:12:28,Cash on Delivery,1998.0,SUCCESS,
PAY0000270,ORD001276,2026-09-17 11:28:06,UPI,52.25,SUCCESS,GW9296562208
PAY0001314,ORD001369,2026-09-18 15:09:30,UPI,197.1,SUCCESS,GW8278395810
PAY0001242,ORD002208,2026-09-28 16:53:40,UPI,300.0,SUCCESS,GW8554901170
PAY0001498,ORD000382,2026-09-06 09:08:43,Cash on Delivery,161.0,SUCCESS,
PAY0000197,ORD001199,2026-09-16 12:51:43,UPI,123.3,SUCCESS,GW4694086231
PAY0000834,ORD000413,2026-09-06 17:13:05,Card,1510.0,SUCCESS,GW9724861428
PAY0000405,ORD000517,2026-09-08 06:55:02,Card,160.55,SUCCESS,GW4650750067
PAY0000978,ORD000985,2026-09-13 19:08:28,UPI,684.0,SUCCESS,GW8212888026
PAY0001123,ORD000633,2026-09-09 14:39:15,UPI,131.0,FAILED,GW1808338700
PAY0001445,ORD000396,2026-09-06 12:12:01,UPI,1689.8,SUCCESS,GW9318792329
PAY0000845,ORD000475,2026-09-07 12:56:03,Card,257.4,SUCCESS,GW5417338922
PAY0001004,ORD001134,2026-09-15 16:09:15,Cash on Delivery,540.8,SUCCESS,
PAY0001988,ORD001057,2026-09-14 17:51:56,Wallet,328.95,SUCCESS,GW8637363070
PAY0001312,ORD000472,2026-09-07 12:04:40,Wallet,1168.2,SUCCESS,GW4269128429
PAY0000166,ORD002081,2026-09-26 21:30:51,UPI,40.0,SUCCESS,GW5650178544
PAY0001606,ORD001579,2026-09-20 20:03:22,UPI,2223.0,SUCCESS,GW8595364460
PAY0001792,ORD000734,2026-09-10 17:53:09,Card,46.75,SUCCESS,GW8666933366
PAY0000471,ORD000449,2026-09-07 07:28:54,Cash on Delivery,492.0,SUCCESS,
PAY0001075,ORD000623,2026-09-09 12:31:23,UPI,600.0,SUCCESS,GW5819205893
PAY0000007,ORD001314,2026-09-17 19:29:04,UPI,558.0,SUCCESS,GW5073499937
PAY0000470,ORD001917,2026-09-25 06:15:58,Card,283.5,SUCCESS,GW3530511116
PAY0000014,ORD000480,2026-09-07 14:10:07,UPI,810.0,SUCCESS,GW5328375703
PAY0001550,ORD001643,2026-09-21 18:16:55,Card,445.0,SUCCESS,GW3754035650
PAY0002185,ORD000190,2026-09-03 13:27:11,UPI,599.4,SUCCESS,GW6223027478
PAY0001882,ORD001986,2026-09-25 20:17:15,Wallet,595.65,SUCCESS,GW2174093006
PAY0001066,ORD001549,2026-09-20 13:08:42,Cash on Delivery,292.0,SUCCESS,
PAY0001348,ORD000790,2026-09-11 14:13:23,UPI,105.0,SUCCESS,GW5254560213
PAY0000311,ORD002293,2026-09-29 19:17:08,UPI,164.0,SUCCESS,GW8689562401
PAY0000274,ORD000870,2026-09-12 16:49:21,UPI,1394.0,SUCCESS,GW8773207220
PAY0000925,ORD001000,2026-09-13 23:03:04,UPI,792.0,SUCCESS,GW2470182754
PAY0000390,ORD000350,2026-09-05 20:59:59,UPI,633.0,SUCCESS,GW7885056968
PAY0000175,ORD002041,2026-09-26 12:54:08,UPI,350.55,SUCCESS,GW9738709840
PAY0001058,ORD000785,2026-09-11 13:03:35,Wallet,2892.75,SUCCESS,GW4597184348
PAY0001452,ORD001535,2026-09-20 10:54:17,Wallet,88.35,SUCCESS,GW8990154528
PAY0001816,ORD000830,2026-09-12 06:03:13,UPI,684.0,SUCCESS,GW2673281377
PAY0000537,ORD002379,2026-09-30 19:14:02,UPI,760.0,SUCCESS,GW5239166885
PAY0000161,ORD001039,2026-09-14 14:03:56,UPI,232.2,SUCCESS,GW8196375720
PAY0001799,ORD002352,2026-09-30 13:05:32,Cash on Delivery,222.0,SUCCESS,
PAY0001283,ORD000793,2026-09-11 15:12:33,UPI,538.65,SUCCESS,GW6378390468
PAY0000446,ORD000710,2026-09-10 13:27:38,UPI,248.2,SUCCESS,GW1050625820
PAY0000937,ORD002013,2026-09-26 08:31:52,Card,111.0,SUCCESS,GW8792779798
PAY0000070,ORD000951,2026-09-13 13:48:53,Wallet,949.5,SUCCESS,GW4078050535
PAY0001739,ORD000754,2026-09-10 22:53:23,UPI,564.4,REFUNDED,GW6646139233
PAY0000538,ORD002097,2026-09-27 07:21:41,Cash on Delivery,324.8,SUCCESS,
PAY0001408,ORD001515,2026-09-20 07:33:37,UPI,1231.2,SUCCESS,GW7524698675
PAY0000958,ORD000556,2026-09-08 15:00:37,UPI,761.6,SUCCESS,GW1534774753
PAY0001920,ORD000338,2026-09-05 18:03:30,UPI,332.0,SUCCESS,GW1125656239
PAY0000886,ORD000941,2026-09-13 10:59:33,UPI,1164.8,SUCCESS,GW4893441449
PAY0001184,ORD000253,2026-09-04 15:52:21,Card,19.55,SUCCESS,GW7103181875
PAY0001320,ORD000130,2026-09-02 18:40:52,Cash on Delivery,1415.0,SUCCESS,
PAY0000379,ORD000695,2026-09-10 11:02:55,UPI,116.45,SUCCESS,GW9202301114
PAY0001752,ORD002180,2026-09-28 11:32:58,UPI,37.8,SUCCESS,GW6506240251
PAY0001793,ORD001196,2026-09-16 12:35:55,UPI,143.1,SUCCESS,GW5270734195
PAY0000577,ORD001168,2026-09-15 23:15:19,Cash on Delivery,395.0,SUCCESS,
PAY0000266,ORD001666,2026-09-21 22:08:53,UPI,133.45,SUCCESS,GW4541062012
PAY0001730,ORD000110,2026-09-02 15:36:59,UPI,169.0,SUCCESS,GW3602340319
PAY0001041,ORD001251,2026-09-16 23:47:47,Card,377.4,SUCCESS,GW7177253689
PAY0002017,ORD002214,2026-09-28 19:43:26,Cash on Delivery,23.0,SUCCESS,
PAY0001421,ORD002154,2026-09-27 22:36:34,Card,119.0,SUCCESS,GW7700751332
PAY0000097,ORD002393,2026-09-30 22:56:01,UPI,1179.9,SUCCESS,GW6329745021
PAY0001085,ORD001103,2026-09-15 08:52:08,UPI,125.0,FAILED,GW5878528907
PAY0001659,ORD001361,2026-09-18 13:33:01,UPI,883.0,SUCCESS,GW9879505128
PAY0001561,ORD002010,2026-09-26 08:21:09,Cash on Delivery,129.2,SUCCESS,
PAY0000888,ORD000223,2026-09-03 22:50:09,UPI,292.4,SUCCESS,GW4999071147
PAY0000765,ORD002246,2026-09-29 08:54:27,UPI,79.05,SUCCESS,GW6016483662
PAY0001158,ORD001820,2026-09-23 21:40:23,UPI,135.15,SUCCESS,GW8663698501
PAY0000214,ORD000786,2026-09-11 13:31:17,Wallet,629.85,SUCCESS,GW1730934543
PAY0002138,ORD002121,2026-09-27 14:56:37,Wallet,129.2,SUCCESS,GW5407871473
PAY0000971,ORD002173,2026-09-28 09:44:23,UPI,369.55,SUCCESS,GW5351971533
PAY0000750,ORD001583,2026-09-20 21:03:19,UPI,267.75,SUCCESS,GW8594685084
PAY0001615,ORD001012,2026-09-14 08:07:08,UPI,1014.6,REFUNDED,GW3811717813
PAY0000611,ORD002047,2026-09-26 14:04:19,Card,230.0,SUCCESS,GW7727292366
PAY0000256,ORD001992,2026-09-25 21:48:41,UPI,119.0,SUCCESS,GW8410826409
PAY0001207,ORD000908,2026-09-12 22:46:27,UPI,223.2,SUCCESS,GW5670315225
PAY0001331,ORD000759,2026-09-11 06:05:36,Card,345.1,SUCCESS,GW8571793205
PAY0002221,ORD941071,2026-09-18 14:22:10,UPI,618.36,SUCCESS,GW6750407328
PAY0000458,ORD002304,2026-09-29 21:58:15,Wallet,1521.0,SUCCESS,GW9060544459
PAY0001428,ORD001340,2026-09-18 07:19:16,Card,83.7,SUCCESS,GW9706768318
PAY0001071,ORD001857,2026-09-24 11:24:09,Card,780.0,SUCCESS,GW9655697729
PAY0001118,ORD001887,2026-09-24 17:47:13,Cash on Delivery,483.2,SUCCESS,
PAY0000029,ORD000492,2026-09-07 16:19:42,Card,36.8,SUCCESS,GW7151582525
PAY0001318,ORD002193,2026-09-28 14:08:52,Cash on Delivery,656.0,SUCCESS,
PAY0001593,ORD001133,2026-09-15 15:27:05,UPI,2325.6,SUCCESS,GW8466678610
PAY0000474,ORD000108,2026-09-02 15:33:16,UPI,1315.8,SUCCESS,GW5122677238
PAY0000825,ORD000461,2026-09-07 09:32:41,UPI,1021.5,SUCCESS,GW3130416629
PAY0000829,ORD000362,2026-09-15 12:00:00,UPI,969.0,SUCCESS,GW1993886093
PAY0000361,ORD001723,2026-09-22 19:20:18,Card,492.0,SUCCESS,GW8193627026
PAY0000670,ORD001272,2026-09-17 11:17:02,UPI,127.5,SUCCESS,GW3065705405
PAY0001208,ORD002318,2026-09-29 23:58:37,UPI,40.0,SUCCESS,GW9384298427
PAY0001049,ORD001150,2026-09-15 19:21:33,UPI,1267.2,SUCCESS,GW7035398149
PAY0001845,ORD002079,2026-09-26 21:18:16,UPI,368.9,SUCCESS,GW8868871032
PAY0001630,ORD000221,2026-09-03 22:10:06,Cash on Delivery,429.25,SUCCESS,
PAY0001528,ORD001034,2026-09-14 13:02:52,Card,2948.4,SUCCESS,GW3946327938
PAY0000398,ORD000668,2026-09-09 23:24:23,UPI,403.75,SUCCESS,GW5958775168
PAY0000926,ORD002195,2026-09-28 14:14:23,Card,1980.0,SUCCESS,GW2071701052
PAY0001279,ORD000829,2026-09-11 23:51:39,Card,405.0,SUCCESS,GW8528799072
PAY0000856,ORD000944,2026-09-13 11:48:02,UPI,195.5,SUCCESS,GW9421839362
PAY0001338,ORD001581,2026-09-20 20:39:32,UPI,235.6,SUCCESS,GW6183511393
PAY0001487,ORD001432,2026-09-19 10:19:54,UPI,150.45,SUCCESS,GW6557934603
PAY0001958,ORD002153,2026-09-27 22:13:05,UPI,330.65,SUCCESS,GW1502796037
PAY0002159,ORD002220,2026-09-28 21:09:26,Card,912.0,SUCCESS,GW8056133661
PAY0001744,ORD000586,2026-09-08 20:45:52,Cash on Delivery,963.9,SUCCESS,
PAY0001837,ORD000862,2026-09-12 14:19:55,Wallet,555.9,SUCCESS,GW9820620666
PAY0001758,ORD000527,2026-09-08 08:43:44,UPI,792.0,SUCCESS,GW3584120233
PAY0001196,ORD000176,2026-09-03 09:53:41,Wallet,319.6,SUCCESS,GW5346620971
PAY0001104,ORD000035,2026-09-01 12:17:55,Wallet,84.0,SUCCESS,GW8249070994
PAY0001301,ORD001015,2026-09-14 08:39:01,UPI,120.0,SUCCESS,GW2882172947
PAY0000523,ORD002025,2026-09-26 10:02:25,Card,109.0,SUCCESS,GW2183818703
PAY0001762,ORD000850,2026-09-12 10:54:15,Card,657.0,SUCCESS,GW4499130077
PAY0000912,ORD000752,2026-09-10 22:08:03,UPI,279.0,SUCCESS,GW7797608857
PAY0002056,ORD002162,2026-09-28 06:55:05,Card,1887.0,SUCCESS,GW3967310887
PAY0001369,ORD001880,2026-09-24 15:53:15,Card,121.55,SUCCESS,GW4792069293
PAY0000782,ORD001208,2026-09-16 15:25:19,UPI,477.0,SUCCESS,GW8894783888
PAY0000945,ORD002086,2026-09-26 22:31:27,Card,876.0,SUCCESS,GW2759916966
PAY0000588,ORD000163,2026-09-03 08:00:10,Cash on Delivery,211.0,SUCCESS,
PAY0000223,ORD000234,2026-09-04 07:50:05,Wallet,298.8,SUCCESS,GW9908203906
PAY0002024,ORD001132,2026-09-15 15:22:51,Cash on Delivery,498.6,SUCCESS,
PAY0000255,ORD000403,2026-09-15 12:00:00,UPI,197.0,SUCCESS,GW7880903123
PAY0001997,ORD001415,2026-09-19 07:57:40,UPI,370.6,SUCCESS,GW8247423288
PAY0001540,ORD001712,2026-09-22 16:11:56,UPI,93.1,SUCCESS,GW4731102823
PAY0001151,ORD000776,2026-09-11 11:42:53,UPI,688.0,SUCCESS,GW8638113275
PAY0000896,ORD001687,2026-09-22 08:53:38,UPI,1233.1,SUCCESS,GW4290593640
PAY0002022,ORD002089,2026-09-26 23:01:32,UPI,216.6,SUCCESS,GW2888105749
PAY0000987,ORD002301,2026-09-29 20:57:42,UPI,291.2,SUCCESS,GW2398887792
PAY0001479,ORD001438,2026-09-19 12:07:36,Card,376.0,SUCCESS,GW8345225373
PAY0001481,ORD001709,2026-09-22 15:14:46,UPI,792.0,SUCCESS,GW5373042172
PAY0001795,ORD000506,2026-09-07 19:57:49,UPI,192.6,FAILED,GW4220659017
PAY0001634,ORD001851,2026-09-24 09:31:05,Cash on Delivery,46.55,SUCCESS,
PAY0000395,ORD000023,2026-09-01 10:11:27,UPI,324.8,SUCCESS,GW4323666789
PAY0002090,ORD000355,2026-09-05 22:39:01,UPI,416.0,SUCCESS,GW3439008345
PAY0001918,ORD001475,2026-09-19 17:55:24,Cash on Delivery,187.15,SUCCESS,
PAY0000155,ORD000835,2026-09-12 06:23:01,Cash on Delivery,627.0,SUCCESS,
PAY0001537,ORD000363,2026-09-06 06:48:03,UPI,228.0,SUCCESS,GW3293562801
PAY0000138,ORD000918,2026-09-13 06:32:47,UPI,2512.0,SUCCESS,GW8291396965
PAY0000093,ORD002011,2026-09-26 08:22:02,Card,598.5,SUCCESS,GW9260524580
PAY0001094,ORD001927,2026-09-25 08:15:35,Card,354.0,SUCCESS,GW8046176028
PAY0000511,ORD002237,2026-09-29 06:23:00,UPI,620.0,SUCCESS,GW8793599544
PAY0001913,ORD002146,2026-09-27 20:28:50,UPI,515.0,SUCCESS,GW6293789829
PAY0001811,ORD001324,2026-09-17 21:41:05,UPI,1394.0,SUCCESS,GW9539106253
PAY0000513,ORD000133,2026-09-02 19:03:32,UPI,375.0,SUCCESS,GW2692427146
PAY0000905,ORD002230,2026-09-28 22:38:48,Wallet,851.2,SUCCESS,GW4049148840
PAY0001941,ORD000940,2026-09-13 10:55:21,Card,444.6,SUCCESS,GW2849392801
PAY0001466,ORD000444,2026-09-07 06:16:50,Wallet,466.2,REFUNDED,GW4531055077
PAY0000487,ORD001551,2026-09-20 14:08:49,UPI,220.0,SUCCESS,GW5145840823
PAY0001449,ORD000343,2026-09-05 19:51:11,Cash on Delivery,668.0,SUCCESS,
PAY0001655,ORD001258,2026-09-17 07:25:13,Card,437.0,SUCCESS,GW6215235779
PAY0000328,ORD000205,2026-09-03 17:24:07,Cash on Delivery,831.0,SUCCESS,
PAY0001895,ORD000645,2026-09-09 19:03:29,Wallet,284.0,SUCCESS,GW8510694849
PAY0001282,ORD001297,2026-09-17 16:12:19,Card,99.75,SUCCESS,GW7410408083
PAY0001414,ORD000730,2026-09-10 16:51:43,UPI,396.0,SUCCESS,GW6089125878
PAY0001195,ORD001491,2026-09-19 20:31:55,Wallet,226.95,SUCCESS,GW8496496414
PAY0000178,ORD000056,2026-09-01 17:52:55,Cash on Delivery,39.9,SUCCESS,
PAY0001591,ORD001111,2026-09-15 09:26:19,UPI,35.7,SUCCESS,GW8263209651
PAY0000069,ORD002272,2026-09-29 15:39:17,UPI,416.0,SUCCESS,GW7113088066
PAY0001572,ORD001041,2026-09-14 14:32:18,UPI,684.0,SUCCESS,GW9956370737
PAY0000176,ORD001971,2026-09-25 16:55:16,UPI,205.2,SUCCESS,GW8965631600
PAY0002040,ORD002384,2026-09-30 20:49:23,Card,230.4,SUCCESS,GW7548696054
PAY0000788,ORD001007,2026-09-14 06:37:29,UPI,230.0,SUCCESS,GW3163989310
PAY0000910,ORD001087,2026-09-14 23:00:56,UPI,60.3,SUCCESS,GW1649600441
PAY0001039,ORD001470,2026-09-19 16:58:29,UPI,332.0,SUCCESS,GW2574904534
PAY0001648,ORD001629,2026-09-21 14:45:52,Card,134.4,SUCCESS,GW5353768742
PAY0002084,ORD002321,2026-09-30 06:38:12,Wallet,283.9,SUCCESS,GW1319875330
PAY0000473,ORD001288,2026-09-17 13:38:28,UPI,406.0,SUCCESS,GW3531835353
PAY0001062,ORD002094,2026-09-27 06:23:54,UPI,198.0,SUCCESS,GW6567111902
PAY0000814,ORD000807,2026-09-11 18:07:00,UPI,1598.4,SUCCESS,GW7001823795
PAY0000919,ORD000718,2026-09-10 14:57:27,UPI,527.0,SUCCESS,GW7508686143
PAY0001714,ORD001522,2026-09-20 08:05:41,UPI,164.0,SUCCESS,GW2266100782
PAY0000392,ORD002024,2026-09-26 10:01:50,UPI,598.0,SUCCESS,GW3013200289
PAY0001879,ORD001234,2026-09-16 20:42:37,Wallet,561.45,SUCCESS,GW8998978280
PAY0000479,ORD001534,2026-09-20 10:49:39,Card,105.0,SUCCESS,GW3521050395
PAY0000129,ORD001431,2026-09-19 10:17:51,Card,844.9,SUCCESS,GW5120835617
PAY0000544,ORD000200,2026-09-03 16:48:31,Cash on Delivery,1216.8,SUCCESS,
PAY0001760,ORD001222,2026-09-16 18:08:34,UPI,116.45,SUCCESS,GW7430678811
PAY0000658,ORD000118,2026-09-02 17:05:51,UPI,93.0,SUCCESS,GW3490824215
PAY0002152,ORD001472,2026-09-19 17:29:13,Cash on Delivery,752.0,SUCCESS,
PAY0001263,ORD000562,2026-09-08 16:39:42,UPI,496.0,SUCCESS,GW9547510234
PAY0000669,ORD001158,2026-09-15 20:51:36,UPI,540.0,SUCCESS,GW6319136523
PAY0002147,ORD000568,2026-09-08 17:35:32,UPI,250.0,SUCCESS,GW3326314205
PAY0002136,ORD000533,2026-09-08 10:01:19,Cash on Delivery,174.25,SUCCESS,
PAY0000162,ORD001652,2026-09-21 20:04:19,Card,380.0,SUCCESS,GW3165440111
PAY0002174,ORD001837,2026-09-23 23:51:59,UPI,337.0,SUCCESS,GW6519439600
PAY0001333,ORD002116,2026-09-27 12:19:37,UPI,299.0,SUCCESS,GW6283941050
PAY0001657,ORD001053,2026-09-14 17:05:23,UPI,152.0,SUCCESS,GW5386218691
PAY0001906,ORD001582,2026-09-20 20:48:58,Card,627.0,SUCCESS,GW5498426448
PAY0000542,ORD001902,2026-09-24 20:34:48,Cash on Delivery,77.0,SUCCESS,
PAY0001464,ORD000269,2026-09-04 20:13:36,Card,1640.0,SUCCESS,GW8570848162
PAY0001857,ORD002387,2026-09-30 21:09:41,Card,283.2,SUCCESS,GW3501559958
PAY0000975,ORD001903,2026-09-24 21:04:18,Card,374.0,SUCCESS,GW6074251735
PAY0000337,ORD001089,2026-10-21 10:15:38,UPI,192.95,SUCCESS,GW7074922345
PAY0001322,ORD000099,2026-09-02 12:23:19,UPI,0.0,SUCCESS,GW2099593566
PAY0001668,ORD000624,2026-09-09 12:56:40,Card,837.25,SUCCESS,GW1349227244
PAY0000369,ORD001077,2026-09-14 20:30:34,UPI,288.15,SUCCESS,GW2583743454
PAY0001667,ORD001548,2026-09-20 13:01:58,UPI,158.65,SUCCESS,GW3381172895
PAY0001696,ORD001156,2026-09-15 20:44:48,Wallet,510.3,SUCCESS,GW7766811373
PAY0000335,ORD002135,2026-09-27 18:13:25,UPI,209.0,SUCCESS,GW2861454639
PAY0002107,ORD002383,2026-09-30 20:08:17,UPI,248.0,SUCCESS,GW5244070910
PAY0001228,ORD000886,2026-09-12 19:20:15,Wallet,494.0,SUCCESS,GW4836197625
PAY0001871,ORD001487,2026-09-19 19:53:08,UPI,77.0,SUCCESS,GW6932500939
PAY0001246,ORD000871,2026-09-12 16:55:32,UPI,203.0,SUCCESS,GW9759434206
PAY0001506,ORD000882,2026-09-12 18:25:41,UPI,246.6,SUCCESS,GW4160849810
PAY0001875,ORD000743,2026-09-10 20:28:51,UPI,207.0,SUCCESS,GW4376601068
PAY0000847,ORD001776,2026-09-23 14:34:00,Card,452.8,REFUNDED,GW5355980506
PAY0000764,ORD001416,2026-09-19 08:00:59,Card,27.0,SUCCESS,GW8485210768
PAY0001863,ORD000453,2026-09-07 07:58:18,UPI,389.5,SUCCESS,GW9379862743
PAY0002104,ORD002036,2026-09-26 11:47:02,Card,137.0,SUCCESS,GW4098961063
PAY0000504,ORD001639,2026-09-21 17:11:35,Cash on Delivery,738.0,SUCCESS,
PAY0000626,ORD001094,2026-09-15 06:29:04,Cash on Delivery,1491.0,SUCCESS,
PAY0001673,ORD000906,2026-09-12 22:36:59,Wallet,231.0,SUCCESS,GW3112684876
PAY0000425,ORD001442,2026-09-19 12:17:41,Wallet,1240.0,SUCCESS,GW8865441365
PAY0000965,ORD001655,2026-09-21 20:31:17,Card,504.0,SUCCESS,GW4973774025
PAY0001405,ORD001181,2026-09-16 09:12:45,UPI,1004.8,SUCCESS,GW7345692403
PAY0000932,ORD001062,2026-09-14 18:45:58,UPI,303.3,SUCCESS,GW7192128451
PAY0001045,ORD000970,2026-09-13 17:06:32,Cash on Delivery,984.0,SUCCESS,
PAY0001434,ORD002374,2026-09-30 18:31:27,Card,131.0,SUCCESS,GW2899668961
PAY0001709,ORD002322,2026-09-30 06:39:08,Card,357.0,SUCCESS,GW3195475289
PAY0001483,ORD002092,2026-09-27 06:11:49,UPI,237.6,SUCCESS,GW2295324021
PAY0001938,ORD000029,2026-09-01 11:13:56,Cash on Delivery,527.0,SUCCESS,
PAY0000894,ORD002302,2026-09-29 21:14:54,UPI,135.15,SUCCESS,GW4142948375
PAY0001492,ORD000487,2026-09-07 15:41:06,Cash on Delivery,361.0,SUCCESS,
PAY0001398,ORD001353,2026-09-18 11:44:08,UPI,223.2,SUCCESS,GW9462122700
PAY0000714,ORD001616,2026-09-21 11:31:00,UPI,300.0,SUCCESS,GW7683616165
PAY0002097,ORD000496,2026-09-07 16:59:42,UPI,114.0,SUCCESS,GW9230790062
PAY0001712,ORD001507,2026-09-19 23:53:01,UPI,820.0,SUCCESS,GW4280351998
PAY0001737,ORD000153,2026-09-03 06:09:20,Cash on Delivery,992.0,SUCCESS,
PAY0001534,ORD000210,2026-09-03 17:37:13,UPI,248.0,SUCCESS,GW2704382558
PAY0001829,ORD001490,2026-09-19 20:25:27,Wallet,454.0,SUCCESS,GW2062047839
PAY0000072,ORD001959,2026-09-25 14:26:59,UPI,270.0,SUCCESS,GW9922452002
PAY0000939,ORD001744,2026-09-22 23:54:32,UPI,186.0,SUCCESS,GW8920954551
PAY0001370,ORD000288,2026-09-05 06:17:36,UPI,792.0,SUCCESS,GW3869815110
PAY0001682,ORD000022,2026-09-01 09:57:13,UPI,350.55,SUCCESS,GW3606519092
PAY0001886,ORD002382,2026-09-30 19:53:06,UPI,197.0,SUCCESS,GW3225749926
PAY0001955,ORD001454,2026-09-19 13:53:06,Wallet,98.1,SUCCESS,GW4367499621
PAY0000673,ORD000868,2026-09-12 16:19:56,UPI,291.6,SUCCESS,GW1046363383
PAY0000036,ORD000547,2026-09-08 12:17:27,UPI,292.4,SUCCESS,GW8091871052
PAY0001904,ORD001514,2026-09-20 07:31:35,UPI,421.0,SUCCESS,GW2136787453
PAY0001192,ORD000092,2026-09-02 10:45:40,UPI,105.0,SUCCESS,GW5313240729
PAY0000134,ORD000377,2026-09-06 08:12:48,UPI,472.8,SUCCESS,GW5878799372
PAY0001560,ORD000491,2026-09-07 16:14:49,Cash on Delivery,247.0,SUCCESS,
PAY0001214,ORD000625,2026-09-09 12:57:58,Cash on Delivery,657.0,SUCCESS,
PAY0000823,ORD000989,2026-09-13 19:54:53,UPI,1180.8,REFUNDED,GW2521136119
PAY0000951,ORD002031,2026-09-26 11:04:36,Card,3210.0,SUCCESS,GW3751352041
PAY0000973,ORD001486,2026-09-19 19:48:11,UPI,360.0,REFUNDED,GW3818424273
PAY0001933,ORD000140,2026-09-02 20:21:20,UPI,606.6,SUCCESS,GW9850266387
PAY0000883,ORD002243,2026-09-29 08:21:13,Cash on Delivery,1051.65,SUCCESS,
PAY0001905,ORD001212,2026-09-16 15:43:38,UPI,532.95,SUCCESS,GW8674292092
PAY0001833,ORD001597,2026-09-21 06:16:16,Wallet,350.0,SUCCESS,GW7784606817
PAY0002208,ORD000691,2026-09-10 10:43:32,upi,504.45,SUCCESS,GW5162128273
PAY0001080,ORD000404,2026-09-06 13:55:41,Cash on Delivery,183.0,SUCCESS,
PAY0001152,ORD002285,2026-09-29 18:01:37,UPI,283.0,SUCCESS,GW1974569877
PAY0000465,ORD000864,2026-09-12 14:43:36,UPI,2332.8,SUCCESS,GW2361638193
PAY0000109,ORD001460,2026-09-19 15:00:43,Wallet,1107.0,SUCCESS,GW5322941235
PAY0000461,ORD001126,2026-09-15 13:20:53,Card,411.0,SUCCESS,GW9361930353
PAY0001109,ORD000244,2026-09-04 12:37:31,UPI,730.8,SUCCESS,GW8709157148
PAY0001330,ORD000151,2026-09-02 23:48:36,UPI,374.3,SUCCESS,GW5446280742
PAY0000450,ORD000073,2026-09-01 21:45:59,UPI,356.4,SUCCESS,GW5255847724
PAY0001002,ORD001946,2026-09-25 13:06:35,UPI,377.4,SUCCESS,GW8759983861
PAY0000887,ORD001152,2026-09-15 19:49:39,Wallet,164.0,SUCCESS,GW5226916009
PAY0000031,ORD001372,2026-09-18 16:19:09,Wallet,1296.0,SUCCESS,GW3335077543
PAY0000399,ORD001648,2026-09-21 18:53:14,UPI,437.0,SUCCESS,GW4971329303
PAY0000694,ORD000410,2026-09-06 16:25:15,Wallet,792.0,SUCCESS,GW7536535987
PAY0002085,ORD001979,2026-09-25 18:48:54,Wallet,628.0,SUCCESS,GW6547273233
PAY0001239,ORD002345,2026-09-30 11:44:59,UPI,284.0,SUCCESS,GW3485604396
PAY0000421,ORD001845,2026-09-24 07:44:05,UPI,310.65,SUCCESS,GW1803617992
PAY0001086,ORD002007,2026-09-26 08:05:31,UPI,350.1,SUCCESS,GW2268503002
PAY0001538,ORD001219,2026-09-16 17:20:11,Wallet,219.0,SUCCESS,GW1067534811
PAY0001603,ORD002317,2026-09-29 23:42:34,Card,167.45,SUCCESS,GW6125053674
PAY0001735,ORD000120,2026-09-02 17:26:43,UPI,42.0,SUCCESS,GW3306867876
PAY0001084,ORD000995,2026-09-13 21:45:27,UPI,337.0,SUCCESS,GW4260926220
PAY0001153,ORD000811,2026-09-11 19:05:06,UPI,627.0,SUCCESS,GW9157007356
PAY0000251,ORD001447,2026-09-19 13:17:47,Cash on Delivery,88.35,SUCCESS,
PAY0001100,ORD000497,2026-09-07 17:24:21,Card,406.0,SUCCESS,GW1731842888
PAY0000242,ORD001076,2026-09-14 20:28:51,UPI,727.2,SUCCESS,GW1222303373
PAY0001156,ORD001510,2026-09-20 06:08:21,Cash on Delivery,900.0,SUCCESS,
PAY0001916,ORD000052,2026-09-01 17:22:10,Wallet,1103.3,SUCCESS,GW9473907299
PAY0002000,ORD000513,2026-09-07 23:16:17,Wallet,684.0,SUCCESS,GW2663042309
PAY0001110,ORD000386,2026-09-06 10:29:07,Card,483.0,SUCCESS,GW1006752172
PAY0000381,ORD001273,2026-09-17 11:17:58,UPI,2264.4,SUCCESS,GW4464889693
PAY0000505,ORD000836,2026-09-12 06:35:39,Cash on Delivery,283.9,SUCCESS,
PAY0000023,ORD001892,2026-09-24 18:47:12,Card,976.5,SUCCESS,GW1743937943
PAY0000289,ORD002305,2026-09-29 21:58:58,Cash on Delivery,6757.5,SUCCESS,
PAY0001992,ORD000990,2026-09-13 19:59:46,UPI,315.0,SUCCESS,GW9385338202
PAY0000661,ORD001634,2026-09-21 16:03:10,Card,223.2,SUCCESS,GW1762069623
PAY0000314,ORD002307,2026-09-29 22:11:26,UPI,2002.6,SUCCESS,GW5754285570
PAY0002039,ORD000721,2026-09-10 15:17:48,UPI,328.0,SUCCESS,GW4984941354
PAY0000489,ORD001425,2026-09-19 09:39:53,UPI,192.6,SUCCESS,GW2029131648
PAY0000514,ORD000037,2026-09-01 12:30:13,UPI,303.0,SUCCESS,GW9282095406
PAY0000220,ORD000791,2026-09-11 14:14:35,Card,143.0,SUCCESS,GW1653465584
PAY0000686,ORD000582,2026-09-08 19:50:53,UPI,405.0,SUCCESS,GW4253256446
PAY0001288,ORD001839,2026-09-24 06:06:55,UPI,724.5,SUCCESS,GW8160366773
PAY0000706,ORD000588,2026-09-08 21:06:24,Wallet,1071.0,SUCCESS,GW2014720978
PAY0002110,ORD000707,2026-09-10 12:44:11,Card,336.6,FAILED,GW3752167118
PAY0000296,ORD000589,2026-09-08 21:24:32,UPI,230.0,SUCCESS,GW2551442003
PAY0000017,ORD000314,2026-09-05 11:15:59,UPI,535.5,SUCCESS,GW8217660494
PAY0002113,ORD001874,2026-09-24 14:55:19,UPI ,644.0,SUCCESS,GW7524823104
PAY0000885,ORD000225,2026-09-03 23:21:37,Cash on Delivery,1011.5,SUCCESS,
PAY0002026,ORD001619,2026-09-21 12:04:19,UPI,555.9,SUCCESS,GW2082465722
PAY0000350,ORD001352,2026-09-18 11:40:33,UPI,328.0,SUCCESS,GW8797902408
PAY0001186,ORD001075,2026-09-14 20:25:39,Cash on Delivery,608.0,SUCCESS,
PAY0001377,ORD001230,2026-09-16 19:26:43,Wallet,1344.0,SUCCESS,GW2378507697
PAY0001999,ORD001594,2026-09-21 06:00:56,Card,39.2,SUCCESS,GW6102944734
PAY0000960,ORD001849,2026-09-24 08:57:55,UPI,2516.0,SUCCESS,GW9083977480
PAY0000730,ORD001578,2026-09-20 20:01:53,UPI,207.1,SUCCESS,GW1068273991
PAY0000318,ORD000331,2026-09-05 16:49:35,UPI,324.8,SUCCESS,GW6079658996
PAY0001157,ORD000846,2026-09-12 09:36:48,Wallet,2334.15,SUCCESS,GW8515051879
PAY0002008,ORD000250,2026-09-04 14:03:13,Cash on Delivery,1168.2,SUCCESS,
PAY0001175,ORD000914,2026-09-12 23:42:24,UPI,653.6,SUCCESS,GW5297534745
PAY0000508,ORD002084,2026-09-26 22:21:16,UPI,773.5,SUCCESS,GW6926498740
PAY0000627,ORD000257,2026-09-04 16:49:26,UPI,244.8,SUCCESS,GW2117979493
PAY0001329,ORD000880,2026-09-12 18:23:00,UPI,517.65,SUCCESS,GW3190453309
PAY0000160,ORD002123,2026-09-27 14:58:20,Cash on Delivery,739.1,SUCCESS,
PAY0000119,ORD001958,2026-09-25 14:21:25,UPI,73.15,SUCCESS,GW4012682940
PAY0000723,ORD000706,2026-09-10 12:26:55,Card,327.0,SUCCESS,GW9365006442
PAY0001854,ORD001377,2026-09-18 17:06:57,UPI,360.0,SUCCESS,GW3956983480
PAY0001392,ORD001315,2026-09-17 19:40:52,UPI,558.0,SUCCESS,GW2246270359
PAY0000098,ORD000353,2026-09-05 21:28:26,Cash on Delivery,319.2,SUCCESS,
PAY0000678,ORD001799,2026-09-23 19:05:43,Card,253.65,SUCCESS,GW5402372235
PAY0001662,ORD001170,2026-09-15 23:42:02,UPI,418.2,SUCCESS,GW1407374517
PAY0001960,ORD000945,2026-09-13 12:15:40,UPI,2211.3,SUCCESS,GW8385427839
PAY0000729,ORD000231,2026-09-04 06:22:23,UPI,2254.2,SUCCESS,GW5078543414
PAY0001137,ORD000661,2026-09-09 22:01:59,Card,131.0,SUCCESS,GW4480461105
PAY0000950,ORD000465,2026-09-07 11:05:11,Card,284.05,SUCCESS,GW9142473153
PAY0000532,ORD002032,2026-09-26 11:05:17,UPI,669.6,SUCCESS,GW5616315590
PAY0000771,ORD001926,2026-09-25 08:04:10,Card,444.6,SUCCESS,GW3700787026
PAY0000983,ORD000280,2026-09-04 23:09:45,UPI,137.0,SUCCESS,GW2025716670
PAY0002206,ORD000032,2026-09-01 11:43:42,Card,111.0,REFUNDED,GW8555878639
PAY0000569,ORD001949,2026-09-25 13:37:05,UPI,1584.0,SUCCESS,GW3961206672
PAY0001902,ORD002177,2026-09-28 10:53:58,Cash on Delivery,184.5,SUCCESS,
PAY0000584,ORD001023,2026-09-14 10:25:50,Wallet,248.0,SUCCESS,GW3426535499
PAY0000784,ORD000740,2026-09-10 20:16:27,Wallet,638.4,SUCCESS,GW9234982626
PAY0000125,ORD001966,2026-09-25 16:06:06,UPI,372.0,SUCCESS,GW9618738701
PAY0000280,ORD001944,2026-09-25 12:36:29,UPI,269.8,SUCCESS,GW4507883159
PAY0000224,ORD001135,2026-09-15 16:17:51,Cash on Delivery,984.0,SUCCESS,
PAY0001765,ORD002186,2026-09-28 13:12:37,Card,91.8,REFUNDED,GW2613846517
PAY0000725,ORD000542,2026-09-08 10:49:53,Cash on Delivery,354.6,SUCCESS,
PAY0001457,ORD000206,2026-09-03 17:29:01,UPI,361.0,SUCCESS,GW7192992983
PAY0002190,ORD000872,2026-09-12 17:14:16,Cash on Delivery,540.0,SUCCESS,
PAY0002129,ORD000299,2026-09-05 07:26:55,UPI,303.3,SUCCESS,GW2398386702
PAY0002183,ORD000371,2026-09-06 07:22:16,Card,955.4,SUCCESS,GW6688483471
PAY0000336,ORD000843,2026-09-12 08:48:49,UPI,1218.0,SUCCESS,GW9423243734
PAY0001815,ORD002389,2026-09-30 22:20:32,UPI,436.0,SUCCESS,GW9563092570
PAY0000054,ORD002225,2026-09-28 21:50:29,UPI,130.9,SUCCESS,GW8625962172
PAY0000212,ORD000991,2026-09-13 20:29:11,Card,448.0,SUCCESS,GW8417525105
PAY0001292,ORD001229,2026-09-16 19:22:25,Cash on Delivery,432.0,SUCCESS,
PAY0001267,ORD000013,2026-09-01 08:28:56,UPI,28.8,SUCCESS,GW4926347428
PAY0001610,ORD001574,2026-09-20 19:06:38,UPI,336.6,SUCCESS,GW2129981744
PAY0001862,ORD002356,2026-09-30 13:23:25,UPI ,73.15,SUCCESS,GW8271614252
PAY0000433,ORD000332,2026-09-05 16:49:47,Cash on Delivery,67.0,SUCCESS,
PAY0002004,ORD001627,2026-09-21 13:42:24,UPI,93.0,SUCCESS,GW5394771196
PAY0002047,ORD001119,2026-09-15 11:17:12,UPI,319.2,SUCCESS,GW7987467736
PAY0000385,ORD000577,2026-09-08 19:22:51,Cash on Delivery,758.1,SUCCESS,
PAY0002196,ORD001166,2026-09-15 22:31:59,Cash on Delivery,205.0,SUCCESS,
PAY0001884,ORD000406,2026-09-06 14:58:01,Card,364.8,SUCCESS,GW7443449460
PAY0001843,ORD001045,2026-09-14 15:16:36,Wallet,73.6,SUCCESS,GW3194842724
PAY0002020,ORD002057,2026-09-26 15:42:14,Card,801.8,SUCCESS,GW3132415128
PAY0001136,ORD000304,2026-09-05 09:25:36,Wallet,187.0,SUCCESS,GW4962163038
PAY0000550,ORD000356,2026-09-05 23:16:12,Wallet,267.3,SUCCESS,GW8942238576
PAY0001126,ORD001668,2026-09-21 22:28:43,UPI,1326.0,SUCCESS,GW8386518817
PAY0001972,ORD001404,2026-09-18 23:47:55,UPI,1259.7,SUCCESS,GW4640655106
PAY0001776,ORD000212,2026-09-03 18:00:36,UPI,1998.0,SUCCESS,GW2740222969
PAY0001258,ORD001598,2026-09-21 06:34:14,Card,226.1,SUCCESS,GW6940256611
PAY0001503,ORD000251,2026-09-04 14:04:12,UPI,1030.0,SUCCESS,GW5486250718
PAY0000507,ORD002218,2026-09-28 20:18:11,UPI,267.2,SUCCESS,GW2142111577
PAY0001636,ORD002065,2026-09-26 17:44:26,Card,105.0,SUCCESS,GW6419009717
PAY0000198,ORD001996,2026-09-25 22:30:42,UPI,1476.0,SUCCESS,GW6278832139
PAY0000065,ORD000286,2026-09-04 23:47:47,UPI,184.5,SUCCESS,GW9988027682
PAY0001391,ORD000638,2026-09-09 16:02:25,Cash on Delivery,424.8,SUCCESS,
PAY0002156,ORD001980,2026-09-25 19:05:28,UPI,157.0,SUCCESS,GW6091120687
PAY0000758,ORD000284,2026-09-04 23:30:30,UPI,230.4,SUCCESS,GW5807053566
PAY0001948,ORD002037,2026-09-26 11:58:32,Cash on Delivery,374.4,SUCCESS,
PAY0002049,ORD000144,2026-09-02 20:49:11,Cash on Delivery,566.1,SUCCESS,
PAY0002214,ORD001950,2026-09-25 13:51:46,Wallet,819.0,SUCCESS,GW7216206209
PAY0000710,ORD002139,2026-09-27 18:36:43,UPI,1256.0,SUCCESS,GW7018235953
PAY0001180,ORD001193,2026-09-16 11:22:53,UPI,50.0,SUCCESS,GW3701854546
PAY0002224,ORD981600,2026-09-18 14:22:10,UPI,536.53,SUCCESS,GW9130004433
PAY0002038,ORD002245,2026-09-29 08:43:12,Wallet,609.0,SUCCESS,GW8617195098
PAY0000383,ORD000135,2026-09-02 19:27:29,UPI,358.4,REFUNDED,GW4968242499
PAY0000382,ORD001541,2026-09-20 12:08:36,Cash on Delivery,1014.0,SUCCESS,
PAY0001966,ORD001637,2026-09-21 16:24:50,Card,315.0,SUCCESS,GW4598575385
PAY0000922,ORD001241,2026-09-16 21:47:58,Card,3645.0,SUCCESS,GW3957064149
PAY0001805,ORD000965,2026-09-13 15:37:06,Card,357.0,SUCCESS,GW5908762530
PAY0000522,ORD001414,2026-09-19 07:48:38,Cashh,288.0,SUCCESS,GW3918166452
PAY0000386,ORD001805,2026-09-23 20:09:01,Cash on Delivery,317.3,SUCCESS,
PAY0001922,ORD001504,2026-09-19 23:38:57,UPI,672.0,SUCCESS,GW2782160255
PAY0001349,ORD000715,2026-09-10 14:27:47,Cash on Delivery,706.4,SUCCESS,
PAY0001690,ORD000802,2026-09-11 17:41:20,UPI,732.0,SUCCESS,GW6412233689
PAY0000415,ORD000293,2026-09-05 06:37:30,Cash on Delivery,174.4,SUCCESS,
PAY0000662,ORD001480,2026-09-19 18:37:42,Wallet,1932.0,SUCCESS,GW7126543886
PAY0000688,ORD000500,2026-09-07 18:12:14,Card,332.0,SUCCESS,GW3567543288
PAY0002135,ORD000266,2026-09-04 19:52:30,UPI,337.0,SUCCESS,GW7338208493
PAY0001734,ORD001052,2026-09-14 16:53:35,UPI,226.4,SUCCESS,GW6300653655
PAY0001974,ORD000501,2026-09-07 18:13:17,UPI,336.6,FAILED,GW9888514379
PAY0001847,ORD002377,2026-09-30 18:41:44,UPI,131.0,SUCCESS,GW7470048073
PAY0002199,ORD001254,2026-09-17 06:42:37,UPI,190.0,SUCCESS,GW5573754249
PAY0000877,ORD001626,2026-09-21 13:41:31,UPI,966.0,SUCCESS,GW5519290762
PAY0000122,ORD000510,2026-09-07 21:42:02,UPI,148.5,SUCCESS,GW8802329512
PAY0001008,ORD001600,2026-09-21 07:30:40,UPI,1210.0,SUCCESS,GW7270424733
PAY0000231,ORD000572,2026-09-08 17:50:17,Wallet,231.8,SUCCESS,GW4296398330
PAY0001531,ORD001727,2026-09-22 20:11:50,UPI,259.2,SUCCESS,GW7027068480
PAY0000901,ORD000728,2026-09-10 16:27:59,Card,187.15,SUCCESS,GW2774800832
PAY0000013,ORD001067,2026-09-14 19:30:30,Card,532.8,SUCCESS,GW8577567174
PAY0000857,ORD000703,2026-09-10 12:01:52,Wallet,600.0,SUCCESS,GW8409800073
PAY0000406,ORD000559,2026-09-08 15:53:57,Card,629.0,SUCCESS,GW1693213711
PAY0002117,ORD000335,2026-09-05 17:26:04,UPI,1545.0,SUCCESS,GW1076685658
PAY0000085,ORD001871,2026-09-24 14:34:01,UPI,790.0,SUCCESS,GW3618165358
PAY0000906,ORD002074,2026-09-26 20:25:01,Card,336.0,SUCCESS,GW1872906666
PAY0001943,ORD000145,2026-09-02 21:04:51,Wallet,178.2,SUCCESS,GW5458825883
PAY0001362,ORD001591,2026-09-20 23:05:17,Wallet,842.4,SUCCESS,GW8796958262
PAY0001731,ORD000065,2026-09-01 19:42:03,UPI,504.0,SUCCESS,GW9332456444
PAY0001454,ORD001588,2026-09-20 22:10:40,Wallet,205.0,SUCCESS,GW7122762792
PAY0000541,ORD002388,2026-09-30 22:00:30,Card,272.7,SUCCESS,GW3974267426
PAY0001853,ORD001061,2026-09-14 18:44:23,UPI,103.55,SUCCESS,GW3434296564
PAY0001069,ORD001088,2026-09-14 23:08:29,UPI,255.6,REFUNDED,GW6132666951
PAY0001321,ORD001318,2026-09-17 19:51:52,UPI,900.0,SUCCESS,GW2425445531
PAY0000117,ORD001313,2026-09-17 18:52:54,UPI,656.0,SUCCESS,GW7893981384
PAY0000663,ORD001277,2026-09-17 11:29:20,UPI,144.9,SUCCESS,GW7968262938
PAY0001987,ORD000161,2026-09-03 07:45:04,Card,799.2,SUCCESS,GW3830223897
PAY0002089,ORD002256,2026-09-29 10:45:58,UPI,674.0,SUCCESS,GW3543219889
PAY0001067,ORD000468,2026-09-07 11:41:27,UPI,177.0,REFUNDED,GW4554991585
PAY0001804,ORD002232,2026-09-28 23:29:13,UPI,101.65,SUCCESS,GW3019275280
PAY0002193,ORD000960,2026-09-13 15:05:51,UPI,2625.0,SUCCESS,GW5749515773
PAY0001250,ORD000079,2026-09-01 22:49:42,UPI,811.2,SUCCESS,GW4833689545
PAY0002194,ORD000755,2026-09-10 22:55:17,UPI,412.3,SUCCESS,GW3313631779
PAY0000191,ORD001631,2026-09-21 15:25:12,UPI,451.25,SUCCESS,GW7064649378
PAY0001289,ORD001348,2026-09-18 09:56:32,UPI,332.0,SUCCESS,GW3407096630
PAY0000846,ORD001044,2026-09-14 15:14:01,UPI,369.0,SUCCESS,GW2856133058
PAY0000417,ORD001654,2026-09-21 20:27:43,Card,9.0,SUCCESS,GW5068935438
PAY0002158,ORD000828,2026-09-11 23:43:22,UPI,1698.3,SUCCESS,GW6990661728
PAY0001216,ORD002339,2026-09-30 11:16:23,UPI,386.4,SUCCESS,GW2931241424
PAY0000285,ORD001383,2026-09-18 18:35:57,UPI,666.0,SUCCESS,GW4440983926
PAY0001409,ORD001860,2026-09-24 12:16:28,Cash on Delivery,483.0,SUCCESS,
PAY0001809,ORD000458,2026-09-07 09:23:07,UPI,864.0,SUCCESS,GW3732549508
PAY0000277,ORD000996,2026-09-13 22:01:23,UPI,380.0,SUCCESS,GW6283064973
PAY0000521,ORD000081,2026-09-02 06:27:06,Card,468.0,SUCCESS,GW3608437784
PAY0000870,ORD000235,2026-09-04 08:20:20,Cash on Delivery,42.0,SUCCESS,
PAY0000646,ORD002349,2026-09-30 12:21:23,UPI,11.0,SUCCESS,GW5153100561
PAY0000401,ORD000924,2026-09-13 07:19:13,UPI,444.0,SUCCESS,GW7971501610
PAY0000964,ORD001942,2026-09-25 12:04:49,UPI,900.0,SUCCESS,GW1055817848
PAY0000625,ORD001718,2026-09-22 16:39:24,Card,1509.6,SUCCESS,GW3882667163
PAY0000717,ORD000922,2026-09-13 07:08:18,Card,242.4,SUCCESS,GW3238603951
PAY0001194,ORD001985,2026-09-25 19:58:23,Card,300.0,REFUNDED,GW8999097516
PAY0001473,ORD002234,2026-09-28 23:55:52,Card,196.2,SUCCESS,GW5060606580
PAY0000874,ORD001828,2026-09-23 22:51:56,UPI,152.0,SUCCESS,GW6057267894
PAY0000038,ORD001703,2026-09-22 13:43:50,Wallet,997.2,SUCCESS,GW3433005905
PAY0001265,ORD001622,2026-09-21 13:08:59,UPI,50.0,SUCCESS,GW3207277669
PAY0001287,ORD001240,2026-09-16 21:36:26,Card,481.65,SUCCESS,GW9045252906
PAY0001582,ORD002053,2026-09-26 15:14:40,UPI,885.6,SUCCESS,GW3148875795
PAY0000102,ORD000672,2026-09-09 23:53:03,UPI,910.0,SUCCESS,GW2274746271
PAY0000105,ORD000428,2026-09-06 19:56:27,Wallet,124.45,SUCCESS,GW1105440729
PAY0001802,ORD002215,2026-09-28 19:47:24,UPI,748.0,SUCCESS,GW1789175014
PAY0000032,ORD001898,2026-09-24 19:27:16,UPI,606.0,SUCCESS,GW2262489229
PAY0000728,ORD001408,2026-09-19 06:29:07,UPI,283.5,SUCCESS,GW6307378800
PAY0002118,ORD001564,2026-09-20 16:49:21,Card,1050.0,SUCCESS,GW7774406867
PAY0001189,ORD002392,2026-09-30 22:51:08,UPI,807.5,SUCCESS,GW6088605200
PAY0000745,ORD001301,2026-09-17 17:03:07,UPI,991.95,SUCCESS,GW2316333341
PAY0000608,ORD000397,2026-09-06 12:19:10,UPI,34.2,SUCCESS,GW6156950141
PAY0001823,ORD000893,2026-09-12 19:48:39,UPI,1311.0,SUCCESS,GW3489007575
PAY0000447,ORD001728,2026-09-22 20:11:52,Card,303.0,SUCCESS,GW5066547546
PAY0000691,ORD002357,2026-09-30 13:30:57,Wallet,243.2,SUCCESS,GW2283621339
PAY0000606,ORD000842,2026-09-12 08:44:41,UPI,318.75,SUCCESS,GW6920788809
PAY0000897,ORD002149,2026-09-27 21:34:40,UPI,1011.0,SUCCESS,GW3602486829
PAY0002036,ORD000243,2026-09-04 11:25:02,UPI,1215.0,SUCCESS,GW2989531658
PAY0001891,ORD000662,2026-09-09 22:12:26,UPI,178.2,SUCCESS,GW6026846481
PAY0000236,ORD001800,2026-09-23 19:09:01,UPI,242.0,SUCCESS,GW2087219393
PAY0001937,ORD001279,2026-09-17 12:02:54,UPI,430.95,SUCCESS,GW4928896844
PAY0002063,ORD000040,2026-09-01 13:30:40,UPI,326.8,SUCCESS,GW9215655961
PAY0001969,ORD000102,2026-09-02 13:56:25,UPI,178.5,SUCCESS,GW3627454015
PAY0002166,ORD002292,2026-09-29 18:56:09,Wallet,898.0,SUCCESS,GW3561565685
PAY0001779,ORD000781,2026-09-11 12:24:41,UPI,173.85,REFUNDED,GW7345130956
PAY0002069,ORD001649,2026-09-21 19:12:37,Card,211.0,SUCCESS,GW1341587004
PAY0000518,ORD000282,2026-09-04 23:19:14,Cash on Delivery,763.3,SUCCESS,
PAY0002082,ORD001663,2026-09-21 21:48:45,Cash on Delivery,46.75,SUCCESS,
PAY0000605,ORD000731,2026-09-10 16:54:46,Cash on Delivery,148.8,SUCCESS,
PAY0002083,ORD001676,2026-09-22 07:08:31,UPI,43.7,SUCCESS,GW8617355137
PAY0000772,ORD001060,2026-09-14 18:36:16,UPI,395.0,SUCCESS,GW6438545804
PAY0001666,ORD000917,2026-09-13 06:19:47,Card,994.0,SUCCESS,GW1527156319
PAY0000583,ORD001082,2026-09-14 21:21:49,Card,883.0,SUCCESS,GW7212511783
PAY0002178,ORD000424,2026-09-06 19:16:57,UPI,300.9,SUCCESS,GW3167862492
PAY0000696,ORD000182,2026-09-03 11:11:59,Cash on Delivery,527.0,SUCCESS,
PAY0001581,ORD000561,2026-09-08 16:18:50,Card,105.45,SUCCESS,GW4391065975
PAY0002021,ORD000657,2026-09-09 21:21:11,UPI,255.0,SUCCESS,GW6669499130
PAY0000466,ORD001206,2026-09-16 14:05:24,UPI,353.7,SUCCESS,GW5982624410
PAY0002173,ORD001660,2026-09-21 20:40:21,UPI,738.0,REFUNDED,GW8220058648
PAY0000165,ORD000640,2026-09-09 16:47:22,Cash on Delivery,376.2,SUCCESS,
PAY0000996,ORD001026,2026-09-14 10:29:48,UPI,152.0,SUCCESS,GW7570717701
PAY0001923,ORD001151,2026-09-15 19:37:50,UPI,304.0,SUCCESS,GW1164504900
PAY0000527,ORD001167,2026-09-15 23:06:56,UPI,738.0,REFUNDED,GW3990575761
PAY0002013,ORD000794,2026-09-11 15:23:14,UPI,2460.0,SUCCESS,GW3724734039
PAY0000292,ORD000982,2026-09-13 18:29:39,Wallet,134.0,SUCCESS,GW4261977356
PAY0000021,ORD001533,2026-09-20 10:22:12,Card,242.0,SUCCESS,GW5438470461
PAY0000338,ORD001665,2026-09-21 22:06:56,UPI,666.0,SUCCESS,GW7284335574
PAY0001023,ORD002102,2026-09-27 09:01:09,UPI,936.0,SUCCESS,GW9562346562
PAY0001309,ORD001247,2026-09-16 23:04:52,UPI,69.3,SUCCESS,GW8803943713
PAY0001554,ORD002286,2026-09-29 18:19:41,UPI,700.0,SUCCESS,GW1276147250
PAY0001143,ORD000746,2026-09-10 20:42:51,Wallet,406.0,SUCCESS,GW5432619159
PAY0001304,ORD002171,2026-09-28 09:18:41,UPI,483.0,SUCCESS,GW7800706877
PAY0001523,ORD001684,2026-09-22 08:37:13,UPI,287.3,SUCCESS,GW2938327357
PAY0002091,ORD000643,2026-09-09 17:14:59,UPI,642.2,SUCCESS,GW8487757441
PAY0000871,ORD000191,2026-09-03 13:50:05,Wallet,210.8,SUCCESS,GW2818307344
PAY0000709,ORD001018,2026-09-14 09:45:37,Card,663.0,SUCCESS,GW3562110878
PAY0001973,ORD002165,2026-09-28 07:53:41,UPI,193.6,SUCCESS,GW1371723252
PAY0001381,ORD000036,2026-09-01 12:30:20,UPI,350.55,REFUNDED,GW9699721265
PAY0001238,ORD001853,2026-09-24 09:52:28,UPI,602.0,SUCCESS,GW8406158052
PAY0001502,ORD001769,2026-09-23 13:16:14,UPI,123.3,SUCCESS,GW7855065241
PAY0000402,ORD000597,2026-09-08 23:53:55,Cash on Delivery,353.4,SUCCESS,
PAY0000582,ORD000455,2026-09-07 08:21:36,UPI,411.4,SUCCESS,GW9097367346
PAY0001285,ORD002156,2026-09-27 22:53:01,UPI,449.0,SUCCESS,GW2478649601
PAY0001056,ORD000637,2026-09-09 15:25:31,UPI,685.0,SUCCESS,GW9601361540
PAY0001819,ORD001509,2026-09-19 23:59:00,UPI,729.0,SUCCESS,GW5720635087
PAY0001380,ORD001876,2026-09-24 15:01:41,Card,323.0,SUCCESS,GW7613570351
PAY0000298,ORD001365,2026-09-18 14:29:20,UPI,40.0,SUCCESS,GW1523808688
PAY0001356,ORD001385,2026-09-18 18:52:02,UPI,100.0,SUCCESS,GW6843483605
PAY0001903,ORD001461,2026-09-19 15:01:52,Cash on Delivery,220.0,SUCCESS,
PAY0001327,ORD001952,2026-09-25 14:03:33,UPI,35.7,SUCCESS,GW5333944511
PAY0001654,ORD001983,2026-09-25 19:28:15,UPI,186.0,SUCCESS,GW8999794949
PAY0000193,ORD002006,2026-09-26 07:39:31,Card,1589.4,SUCCESS,GW6514017939
PAY0000822,ORD000143,2026-09-02 20:37:10,UPI,1558.0,SUCCESS,GW1719746222
PAY0000575,ORD001354,2026-09-18 11:59:54,UPI,410.4,SUCCESS,GW7039955014
PAY0000043,ORD002399,2026-09-30 23:38:27,UPI,146.3,SUCCESS,GW2198934726
PAY0000726,ORD000641,2026-09-09 16:49:31,UPI,240.0,SUCCESS,GW7186590587
PAY0001299,ORD000278,2026-09-04 22:51:27,Card,505.0,SUCCESS,GW8031779095
PAY0000970,ORD001498,2026-09-19 21:45:39,UPI,201.6,SUCCESS,GW6918306353
PAY0000946,ORD001681,2026-09-22 07:55:26,UPI,421.0,SUCCESS,GW2882659870
PAY0000799,ORD001691,2026-09-22 09:48:11,Card,18.7,SUCCESS,GW1244557412
PAY0001632,ORD001308,2026-09-17 18:09:12,Cash on Delivery,228.0,SUCCESS,
PAY0001185,ORD001916,2026-09-25 06:13:53,Cash on Delivery,167.0,SUCCESS,
PAY0001635,ORD001110,2026-09-15 09:25:16,UPI,1849.65,SUCCESS,GW2262086313
PAY0000246,ORD000103,2026-09-02 14:00:55,UPI,412.0,SUCCESS,GW5572986848
PAY0000704,ORD001471,2026-09-19 17:16:12,UPI,195.2,SUCCESS,GW2901342889
PAY0000935,ORD001275,2026-09-17 11:21:46,Cash on Delivery,496.4,SUCCESS,
PAY0000067,ORD000357,2026-09-05 23:18:04,UPI,764.1,SUCCESS,GW1435001664
PAY0000715,ORD001702,2026-09-22 13:19:04,UPI,364.0,SUCCESS,GW8701594630
PAY0001569,ORD000439,2026-09-06 23:39:12,Card,134.9,SUCCESS,GW3916289369
PAY0000997,ORD001214,2026-09-16 16:11:53,Card,364.0,SUCCESS,GW7859487245
PAY0002168,ORD002320,2026-09-30 06:36:51,Card,363.2,SUCCESS,GW8083879583
PAY0001217,ORD001674,2026-09-22 06:54:49,Cash on Delivery,1593.0,SUCCESS,
PAY0002123,ORD000312,2026-09-05 11:01:02,UPI,60.3,SUCCESS,GW8805168905
PAY0001524,ORD001068,2026-09-14 19:47:24,Cash on Delivery,277.0,SUCCESS,
PAY0000832,ORD000421,2026-09-06 18:55:35,UPI,277.4,SUCCESS,GW1855628491
PAY0001766,ORD000605,2026-09-09 07:59:44,UPI,534.0,SUCCESS,GW6489241719
PAY0001237,ORD001210,2026-09-16 15:37:55,Card,144.0,SUCCESS,GW4338588533
PAY0001122,ORD001419,2026-09-19 08:21:57,UPI,1203.6,SUCCESS,GW2705667018
PAY0001070,ORD001719,2026-09-22 17:09:26,UPI,337.0,SUCCESS,GW5355035936
PAY0001229,ORD000816,2026-09-11 19:59:22,Cash on Delivery,532.8,SUCCESS,
PAY0000216,ORD001910,2026-09-24 22:27:25,UPI,421.0,SUCCESS,GW5779882207
PAY0000713,ORD000966,2026-09-13 15:41:38,Cash on Delivery,355.2,SUCCESS,
PAY0000769,ORD001536,2026-09-20 10:58:14,UPI,548.1,SUCCESS,GW2774767887
PAY0000195,ORD001786,2026-09-23 16:07:13,UPI,250.0,SUCCESS,GW8701076984
PAY0000005,ORD001200,2026-09-16 12:52:01,Card,115.2,SUCCESS,GW5233678114
PAY0000347,ORD000959,2026-09-13 14:57:34,Card,109.25,SUCCESS,GW1823127520
PAY0000438,ORD000457,2026-09-07 09:20:42,UPI,448.0,SUCCESS,GW4234859325
PAY0001874,ORD001264,2026-09-17 08:33:10,UPI,1157.1,SUCCESS,GW3022761184
PAY0000044,ORD001812,2026-09-23 21:12:03,Cashh,353.0,SUCCESS,GW4259899045
PAY0001225,ORD000452,2026-09-07 07:54:04,UPI,274.0,SUCCESS,GW3181276317
PAY0001323,ORD000884,2026-09-12 18:49:19,UPI,374.4,REFUNDED,GW2406802118
PAY0001563,ORD000663,2026-09-09 22:36:50,UPI,268.85,SUCCESS,GW5518516433
PAY0000217,ORD001593,2026-09-20 23:47:45,Cash on Delivery,357.85,SUCCESS,
PAY0002209,ORD001405,2026-09-19 06:06:40,Cash on Delivery,1836.0,SUCCESS,
PAY0000201,ORD000911,2026-09-12 23:06:07,Card,67.0,SUCCESS,GW4399078604
PAY0000121,ORD000626,2026-09-09 13:02:08,Card,1368.0,SUCCESS,GW9114758692
PAY0000331,ORD001434,2026-09-19 10:56:48,Card,220.0,SUCCESS,GW8166868138
PAY0001317,ORD002228,2026-09-28 22:22:54,Cash on Delivery,115.2,SUCCESS,
PAY0002153,ORD001933,2026-09-25 10:21:06,Cash on Delivery,576.0,SUCCESS,
PAY0001774,ORD000722,2026-09-10 15:23:35,Wallet,425.6,SUCCESS,GW9557522088
PAY0000796,ORD001050,2026-09-14 16:36:18,Cash on Delivery,1260.0,SUCCESS,
PAY0000595,ORD001777,2026-09-23 14:53:49,UPI,184.0,SUCCESS,GW9408001898
PAY0001472,ORD001821,2026-09-23 21:48:30,Card,648.0,REFUNDED,GW8686414998
PAY0001488,ORD001965,2026-11-02 18:41:31,Cash on Delivery,279.0,SUCCESS,
PAY0001384,ORD001144,2026-09-15 18:22:28,Card,354.0,SUCCESS,GW6384337298
PAY0001468,ORD001858,2026-09-24 11:36:04,UPI,463.6,SUCCESS,GW6478198923
PAY0001047,ORD000741,2026-09-10 20:19:06,UPI,1332.0,SUCCESS,GW5737897850
PAY0001665,ORD001585,2026-09-20 21:32:08,UPI,342.0,SUCCESS,GW5526575034
PAY0000759,ORD000745,2026-09-10 20:38:51,Card,445.0,SUCCESS,GW3272176178
PAY0001297,ORD002017,2026-09-26 09:13:05,Card,663.0,SUCCESS,GW2866241805
PAY0001574,ORD002206,2026-09-28 16:21:26,Card,1035.3,REFUNDED,GW5541629567
PAY0000524,ORD001885,2026-09-24 17:16:27,UPI,376.2,SUCCESS,GW6606177597
PAY0001183,ORD000769,2026-09-11 09:15:03,Card,334.0,SUCCESS,GW5083461676
PAY0001832,ORD002179,2026-09-28 11:15:43,Card,774.4,SUCCESS,GW9383993240
PAY0001813,ORD001572,2026-09-20 18:42:43,UPI,402.4,SUCCESS,GW7151905348
PAY0001961,ORD002018,2026-09-26 09:36:42,Card,147.0,SUCCESS,GW3970516950
PAY0000012,ORD001249,2026-09-16 23:11:19,UPI,3762.0,REFUNDED,GW1922084911
PAY0001755,ORD002368,2026-09-30 17:36:42,Cash on Delivery,405.0,SUCCESS,
PAY0000802,ORD001231,2026-09-16 19:42:28,UPI,632.7,SUCCESS,GW8965469440
PAY0000549,ORD002136,2026-09-27 18:27:00,Card,2187.0,REFUNDED,GW5237428892
PAY0001924,ORD000863,2026-09-12 14:38:55,UPI,566.1,SUCCESS,GW4402159898
PAY0001328,ORD001494,2026-09-19 20:50:01,UPI,364.0,SUCCESS,GW5690749786
PAY0001757,ORD002244,2026-09-29 08:39:43,UPI,108.3,SUCCESS,GW9847109898
PAY0001064,ORD001059,2026-09-14 18:22:40,UPI,1601.4,SUCCESS,GW4524655168
PAY0000882,ORD001705,2026-09-22 14:09:25,Cash on Delivery,665.6,SUCCESS,
PAY0000636,ORD000859,2026-09-12 13:21:58,UPI,456.0,SUCCESS,GW6914185421
PAY0001769,ORD001859,2026-09-24 12:16:36,Wallet,228.0,SUCCESS,GW4722925897
PAY0000190,ORD002039,2026-09-26 12:36:16,Cash on Delivery,672.6,SUCCESS,
PAY0000090,ORD000950,2026-09-13 13:29:10,UPI,32.4,SUCCESS,GW9822459571
PAY0000739,ORD000935,2026-09-13 10:28:33,UPI,173.85,SUCCESS,GW4768951312
PAY0001935,ORD000851,2026-09-12 11:00:50,UPI,790.4,SUCCESS,GW2152047417
PAY0000773,ORD000034,2026-09-01 11:58:29,Card,110.0,SUCCESS,GW6002305186
PAY0001397,ORD000158,2026-09-03 07:03:32,Cash on Delivery,152.0,SUCCESS,
PAY0000291,ORD002222,2026-09-28 21:33:57,Wallet,727.2,SUCCESS,GW7584008114
PAY0000803,ORD000551,2026-09-08 13:07:16,Card,440.0,SUCCESS,GW3719583982
PAY0000209,ORD000275,2026-09-04 22:27:21,Cash on Delivery,609.0,SUCCESS,
PAY0000612,ORD000772,2026-09-11 09:28:47,Wallet,123.2,SUCCESS,GW2768843874
PAY0001132,ORD000697,2026-09-10 11:26:20,UPI,2655.0,SUCCESS,GW2935826664
PAY0001693,ORD000134,2026-09-02 19:17:51,UPI,197.1,SUCCESS,GW1778934722
PAY0000057,ORD000147,2026-09-02 22:22:17,Card,496.4,SUCCESS,GW4155773059
PAY0000024,ORD001656,2026-09-21 20:31:39,Card,230.0,SUCCESS,GW7745950161
PAY0001439,ORD002274,2026-09-29 15:43:29,Wallet,479.75,SUCCESS,GW7986433890
PAY0000040,ORD001038,2026-09-14 14:00:37,UPI,102.6,SUCCESS,GW3619328497
PAY0002181,ORD000053,2026-09-01 17:40:52,Cash on Delivery,770.1,SUCCESS,
PAY0000656,ORD002226,2026-09-28 21:55:25,UPI,1020.6,SUCCESS,GW1119412815
PAY0001205,ORD000367,2026-09-06 07:08:53,UPI,98.0,SUCCESS,GW2714413545
PAY0000208,ORD000063,2026-09-01 19:12:29,Cash on Delivery,507.0,SUCCESS,
PAY0001240,ORD001919,2026-09-25 07:03:54,Cash on Delivery,387.2,SUCCESS,
PAY0001763,ORD001386,2026-09-18 19:12:08,Wallet,195.5,REFUNDED,GW4534712943
PAY0000411,ORD000058,2026-09-01 17:56:31,Cash on Delivery,594.0,SUCCESS,
PAY0000570,ORD001901,2026-09-24 20:31:51,Cash on Delivery,531.9,SUCCESS,
PAY0000985,ORD000211,2026-09-03 17:53:38,Card,525.6,SUCCESS,GW2640158827
PAY0000742,ORD001482,2026-09-19 18:50:22,Card,299.25,SUCCESS,GW2802125789
PAY0001060,ORD002129,2026-09-27 16:35:21,Cash on Delivery,342.0,FAILED,
PAY0001354,ORD002182,2026-09-28 12:00:41,UPI,9.0,SUCCESS,GW7890639529
PAY0002027,ORD001929,2026-09-25 08:55:23,UPI,300.9,SUCCESS,GW3339111929
PAY0000787,ORD000203,2026-09-03 17:07:20,UPI,1152.0,SUCCESS,GW2876113970
PAY0001629,ORD000030,2026-09-01 11:15:09,UPI,90.95,SUCCESS,GW6178765640
PAY0000456,ORD000716,2026-09-10 14:36:55,Wallet,219.6,SUCCESS,GW7671984156
PAY0000103,ORD000440,2026-09-06 23:43:13,Card,1596.0,SUCCESS,GW1975825735
PAY0001154,ORD000256,2026-09-04 16:35:04,Card,477.9,SUCCESS,GW7723708747
PAY0000485,ORD000877,2026-09-12 17:33:40,UPI,52.25,SUCCESS,GW7509378369
PAY0000490,ORD001613,2026-09-21 11:04:40,Card,500.65,FAILED,GW8661938506
PAY0000692,ORD001130,2026-09-15 14:12:29,UPI,447.3,SUCCESS,GW2451736145
PAY0000850,ORD001329,2026-09-17 23:31:08,Card,193.8,SUCCESS,GW9497936558
PAY0000860,ORD000297,2026-09-05 07:08:32,Card,487.2,SUCCESS,GW1025362000
PAY0001394,ORD001099,2026-09-15 07:23:40,UPI,204.3,SUCCESS,GW2244648938
PAY0001294,ORD001358,2026-09-18 12:33:39,Wallet,950.4,SUCCESS,GW8066965798
PAY0001162,ORD001463,2026-09-19 15:35:27,UPI,777.6,SUCCESS,GW8696707122
PAY0001729,ORD002361,2026-09-30 14:12:39,Card,298.3,SUCCESS,GW2379836125
PAY0000413,ORD000783,2026-09-11 12:43:13,Card,151.2,SUCCESS,GW5027490973
PAY0001307,ORD001846,2026-09-24 07:55:29,Card,150.0,SUCCESS,GW4411482830
PAY0000192,ORD000986,2026-09-13 19:14:15,UPI,136.8,SUCCESS,GW2650763263
PAY0002164,ORD000369,2026-09-06 07:17:06,Card,1422.0,SUCCESS,GW8873081313
PAY0000979,ORD000071,2026-09-01 21:25:59,Wallet,361.0,SUCCESS,GW8012635587
PAY0000001,ORD001913,2026-09-24 22:57:58,UPI,421.8,SUCCESS,GW8926165906
PAY0000601,ORD002114,2026-09-27 11:26:28,Wallet,295.2,SUCCESS,GW9406711707
PAY0000307,ORD002143,2026-09-27 19:37:21,UPI,1358.4,SUCCESS,GW9950817397
PAY0001624,ORD001669,2026-09-21 22:37:25,UPI,336.0,SUCCESS,GW9864060942
PAY0001694,ORD001226,2026-09-16 19:03:49,UPI,270.0,SUCCESS,GW4373061782
PAY0001710,ORD001628,2026-09-21 13:59:53,Card,437.75,SUCCESS,GW9557432005
PAY0001202,ORD001285,2026-09-17 12:50:53,Cash on Delivery,820.8,SUCCESS,
PAY0001949,ORD000898,2026-09-12 21:14:13,Card,155.55,SUCCESS,GW7122273318
PAY0000416,ORD000402,2026-09-06 13:47:03,Wallet,387.0,REFUNDED,GW2531186604
PAY0000908,ORD001116,2026-09-15 10:22:01,Card,934.8,SUCCESS,GW9533921028
PAY0002143,ORD001122,2026-09-15 12:23:04,Cash on Delivery,251.1,SUCCESS,
PAY0001212,ORD001695,2026-09-22 11:06:01,UPI,396.0,FAILED,GW1685062777
PAY0001995,ORD001521,2026-09-20 08:03:47,UPI,637.2,SUCCESS,GW9775313308
PAY0000258,ORD000043,2026-09-01 14:19:51,UPI,352.0,SUCCESS,GW5539902329
PAY0001347,ORD000920,2026-09-13 06:47:11,UPI,361.0,SUCCESS,GW1070909386
PAY0000454,ORD001337,2026-09-18 06:44:46,UPI,896.0,SUCCESS,GW5844448493
PAY0001855,ORD001387,2026-09-18 19:27:59,Cash on Delivery,304.0,SUCCESS,
PAY0000206,ORD000659,2026-09-09 21:36:23,Wallet,994.0,SUCCESS,GW3210170160
PAY0002098,ORD001921,2026-09-25 07:08:54,UPI,432.0,SUCCESS,GW3029732809
PAY0001494,ORD000091,2026-09-02 10:31:59,Cash on Delivery,188.7,REFUNDED,
PAY0001660,ORD002227,2026-09-28 22:15:00,Card,248.0,SUCCESS,GW5508114872
PAY0000153,ORD001701,2026-09-22 13:10:00,Wallet,360.0,SUCCESS,GW9126330578
PAY0002121,ORD001644,2026-09-21 18:22:07,UPI,1428.0,SUCCESS,GW8076384853
PAY0000744,ORD002261,2026-09-29 11:51:26,Cash on Delivery,146.4,SUCCESS,
PAY0000073,ORD001972,2026-09-25 17:00:03,Card,1752.3,SUCCESS,GW1648975166
PAY0001876,ORD001085,2026-09-14 22:58:14,Card,216.6,SUCCESS,GW9135462729
PAY0000994,ORD000162,2026-09-03 07:58:15,UPI,2575.0,SUCCESS,GW4900459269
PAY0000245,ORD002140,2026-09-27 18:38:59,UPI,188.0,SUCCESS,GW5185986383
PAY0000774,ORD000897,2026-09-12 20:38:05,UPI,304.0,REFUNDED,GW5644563242
PAY0001984,ORD002267,2026-09-29 13:06:01,Cash on Delivery,205.2,SUCCESS,
PAY0002105,ORD002239,2026-09-29 07:02:14,UPI,327.6,SUCCESS,GW1933351709
PAY0001708,ORD000420,2026-09-06 18:52:48,UPI,1501.0,SUCCESS,GW3228162148
PAY0002058,ORD001997,2026-09-25 22:38:00,UPI,1336.0,SUCCESS,GW1848279825
PAY0000640,ORD001531,2026-09-20 10:04:56,UPI,135.85,SUCCESS,GW4056317895
PAY0001782,ORD000301,2026-09-05 08:12:00,Card,795.0,SUCCESS,GW3417649156
PAY0000140,ORD001601,2026-09-21 08:31:40,UPI,998.4,SUCCESS,GW9198063642
PAY0000667,ORD001017,2026-09-14 09:19:00,UPI,1800.0,SUCCESS,GW7283165881
PAY0000271,ORD001771,2026-09-23 13:31:20,Card,581.4,SUCCESS,GW3600199941
PAY0000863,ORD000901,2026-09-12 22:01:13,Cash on Delivery,984.0,SUCCESS,
PAY0000384,ORD000685,2026-09-10 09:28:14,UPI,819.0,SUCCESS,GW8179448674
PAY0001455,ORD002303,2026-09-29 21:34:58,UPI,623.2,SUCCESS,GW7334232115
PAY0000824,ORD000387,2026-09-06 10:36:45,UPI,159.0,SUCCESS,GW2750700834
PAY0000230,ORD000683,2026-09-10 08:39:38,Card,534.6,SUCCESS,GW7517107694
PAY0000056,ORD000937,2026-09-13 10:40:23,UPI,269.8,SUCCESS,GW1009143857
PAY0000743,ORD001955,2026-09-25 14:11:36,UPI,405.0,SUCCESS,GW5433069920
PAY0000424,ORD002266,2026-09-29 12:45:37,UPI,287.85,SUCCESS,GW7536618280
PAY0000494,ORD000494,2026-09-07 16:43:35,UPI,96.3,SUCCESS,GW9616611951
PAY0000469,ORD000045,2026-09-01 15:07:20,Cash on Delivery,541.8,SUCCESS,
PAY0000719,ORD000594,2026-09-08 23:19:08,UPI,217.8,SUCCESS,GW8280839756
PAY0001404,ORD000844,2026-09-12 09:06:52,Cash on Delivery,23.0,SUCCESS,
PAY0001413,ORD000689,2026-09-10 10:09:06,Card,24.0,SUCCESS,GW3436427903
PAY0000420,ORD001325,2026-09-17 22:26:26,Card,684.0,SUCCESS,GW2961969382
PAY0001726,ORD000187,2026-09-03 13:14:01,UPI,193.6,FAILED,GW1556586239
PAY0001507,ORD000942,2026-09-13 11:16:37,UPI,445.0,SUCCESS,GW8173099534
PAY0000889,ORD001740,2026-09-22 22:51:02,UPI,1016.6,SUCCESS,GW2735557044
PAY0000015,ORD001334,2026-09-18 06:15:52,UPI,630.8,SUCCESS,GW9718651715
PAY0001868,ORD001078,2026-09-14 20:39:59,UPI,960.45,SUCCESS,GW2776963045
PAY0001171,ORD001908,2026-09-24 22:06:25,UPI,210.0,SUCCESS,GW8364646322
PAY0001461,ORD001465,2026-09-19 15:45:47,Wallet,231.8,SUCCESS,GW1639859220
PAY0001426,ORD001225,2026-09-16 18:59:35,Card,1376.0,FAILED,GW9827226296
PAY0000100,ORD000891,2026-09-12 19:41:29,Cash on Delivery,297.5,SUCCESS,
PAY0000747,ORD000964,2026-09-13 15:35:06,Cash on Delivery,8370.0,SUCCESS,
PAY0002010,ORD000543,2026-09-08 11:14:31,UPI,1591.2,FAILED,GW9355858250
PAY0001522,ORD000430,2026-09-06 20:27:49,Cash on Delivery,134.9,SUCCESS,
PAY0001296,ORD000236,2026-09-04 08:51:43,Card,50.0,SUCCESS,GW9883058700
PAY0000075,ORD001004,2026-09-13 23:48:19,UPI,630.0,SUCCESS,GW5384859239
PAY0000321,ORD001589,2026-09-20 22:18:42,Card,55.0,SUCCESS,GW2525209388
PAY0002059,ORD001008,2026-09-14 06:38:21,Cash on Delivery,69.0,SUCCESS,
PAY0000293,ORD000021,2026-09-01 09:53:22,Card,109.6,SUCCESS,GW4668058089
PAY0001015,ORD002197,2026-09-28 14:37:24,UPI,8.5,SUCCESS,GW2544322169
PAY0000954,ORD002360,2026-09-30 14:05:48,Card,0.0,SUCCESS,GW6659249735
PAY0000074,ORD002175,2026-09-28 10:34:24,UPI,1336.5,SUCCESS,GW9239051626
PAY0000826,ORD001096,2026-09-15 06:35:38,UPI,454.0,SUCCESS,GW4566408573
PAY0001672,ORD000426,2026-09-06 19:22:24,UPI,149.15,SUCCESS,GW8337488664
PAY0000484,ORD001947,2026-09-25 13:11:04,UPI,19.8,SUCCESS,GW8030314152
PAY0002157,ORD000874,2026-09-12 17:21:39,Card,554.0,SUCCESS,GW8277330640
PAY0001794,ORD001146,2026-09-15 18:31:07,UPI,630.0,SUCCESS,GW4973872466
PAY0000169,ORD000770,2026-09-11 09:16:57,UPI,396.0,SUCCESS,GW5533256076
PAY0002218,ORD997176,2026-09-18 14:22:10,UPI,396.58,SUCCESS,GW6490074701
PAY0001262,ORD002276,2026-09-29 16:25:11,UPI,42.0,SUCCESS,GW9185240968
PAY0000795,ORD000137,2026-09-02 19:37:40,UPI,1060.8,SUCCESS,GW6940226850
PAY0000568,ORD001563,2026-09-20 16:38:48,Wallet,1638.0,SUCCESS,GW3079693930
PAY0002068,ORD002170,2026-09-28 08:35:01,UPI,684.0,SUCCESS,GW6516661865
PAY0001849,ORD000165,2026-09-03 08:03:34,UPI,194.75,SUCCESS,GW8706792552
PAY0002015,ORD001953,2026-09-25 14:06:43,UPI,115.2,SUCCESS,GW8315328997
PAY0000011,ORD001417,2026-09-19 08:09:38,UPI,267.0,SUCCESS,GW5823360027
PAY0000639,ORD001806,2026-09-23 20:17:20,UPI,393.3,SUCCESS,GW9082996054
PAY0001223,ORD001306,2026-09-17 17:56:20,Card,61.2,SUCCESS,GW4125998317
PAY0001981,ORD000601,2026-09-09 06:38:45,UPI,68.4,SUCCESS,GW5203857617
PAY0000187,ORD001883,2026-09-24 16:37:16,Cash on Delivery,230.0,SUCCESS,
PAY0001736,ORD000963,2026-09-13 15:27:39,UPI,262.0,SUCCESS,GW8505279019
PAY0001147,ORD001540,2026-09-20 12:01:11,Cash on Delivery,19.8,SUCCESS,
PAY0001337,ORD002064,2026-09-26 17:37:39,UPI,201.6,SUCCESS,GW7579971124
PAY0001159,ORD002134,2026-09-27 17:50:35,UPI,1260.0,SUCCESS,GW5272861294
PAY0001742,ORD000742,2026-09-10 20:26:24,UPI,1685.0,SUCCESS,GW3918660006
PAY0000062,ORD000429,2026-09-06 20:16:03,UPI,55.0,SUCCESS,GW1181724218
PAY0001927,ORD000956,2026-09-13 14:38:21,Card,94.5,SUCCESS,GW7953788173
PAY0000066,ORD001602,2026-09-21 09:07:59,Wallet,374.4,SUCCESS,GW3823499337
PAY0000920,ORD001391,2026-09-18 19:52:27,Cash on Delivery,328.0,SUCCESS,
PAY0001990,ORD000136,2026-09-02 19:29:01,Wallet,220.0,SUCCESS,GW5951375416
PAY0000441,ORD001729,2026-09-22 20:34:56,Card,350.4,SUCCESS,GW1162361095
PAY0000154,ORD000545,2026-09-08 12:07:17,Cash on Delivery,369.55,SUCCESS,
PAY0000037,ORD001320,2026-09-17 20:44:20,UPI,265.0,SUCCESS,GW7332377394
PAY0002189,ORD002257,2026-09-29 10:48:06,Cash on Delivery,684.0,SUCCESS,
PAY0001113,ORD002369,2026-09-30 17:40:48,UPI,380.0,SUCCESS,GW5797335465
PAY0000400,ORD002090,2026-09-26 23:34:57,UPI,94.5,SUCCESS,GW6422668648
PAY0000320,ORD002258,2026-09-29 11:10:40,UPI,820.0,SUCCESS,GW2958877110
PAY0000348,ORD000096,2026-09-02 11:22:28,Card,769.5,SUCCESS,GW2238721565
PAY0001306,ORD000373,2026-09-06 07:41:30,UPI,467.4,REFUNDED,GW9958849144
PAY0001777,ORD000313,2026-09-05 11:08:23,UPI,238.5,SUCCESS,GW9668465143
PAY0000813,ORD002161,2026-09-28 06:38:23,UPI,1440.0,SUCCESS,GW7133663124
PAY0001836,ORD001975,2026-09-25 17:42:18,UPI,668.0,SUCCESS,GW6331434363
PAY0000132,ORD000261,2026-09-04 18:34:04,UPI,321.1,SUCCESS,GW9882006182
PAY0000664,ORD001573,2026-09-20 19:00:03,UPI,883.0,SUCCESS,GW2051772590
PAY0001552,ORD000575,2026-09-08 19:08:23,Card,2188.75,SUCCESS,GW5627340076
PAY0000371,ORD001732,2026-09-22 21:08:33,UPI,284.05,SUCCESS,GW7679363333
PAY0001719,ORD002104,2026-09-27 09:49:46,Cash on Delivery,105.0,SUCCESS,
PAY0001350,ORD002023,2026-09-26 10:00:57,UPI,172.55,SUCCESS,GW3783028569
PAY0001233,ORD000848,2026-09-12 10:12:14,Card,399.0,SUCCESS,GW2795380875
PAY0000942,ORD000443,2026-09-07 06:13:10,Card,2596.0,SUCCESS,GW6103578149
PAY0000143,ORD002313,2026-09-29 23:02:45,UPI,1440.0,SUCCESS,GW4626245608
PAY0001691,ORD002176,2026-09-28 10:44:54,Cash on Delivery,227.0,REFUNDED,
PAY0000039,ORD001350,2026-09-18 11:25:02,Card,655.2,SUCCESS,GW5674264835
PAY0000088,ORD002400,2026-09-30 23:47:10,UPI,1596.0,SUCCESS,GW6823128871
PAY0000199,ORD001736,2026-09-22 22:18:38,Card,1020.0,SUCCESS,GW9271755393
PAY0000462,ORD002027,2026-09-26 10:12:25,UPI,135.85,SUCCESS,GW4227403747
PAY0002170,ORD000168,2026-09-03 08:39:31,UPI,444.0,SUCCESS,GW2709737140
PAY0001178,ORD000276,2026-09-04 22:31:52,Cash on Delivery,1814.4,SUCCESS,
PAY0000020,ORD001051,2026-09-14 16:41:53,UPI,92.0,SUCCESS,GW7641400954
PAY0000211,ORD002366,2026-09-30 15:57:39,Wallet,458.85,SUCCESS,GW5795643793
PAY0001161,ORD002133,2026-09-27 17:41:23,UPI,46.55,SUCCESS,GW7804569428
PAY0001820,ORD001867,2026-09-24 13:54:51,UPI,502.2,SUCCESS,GW5561162555
PAY0001134,ORD002190,2026-09-28 13:44:44,UPI,616.55,SUCCESS,GW6768669694
PAY0000184,ORD001715,2026-09-22 16:32:39,UPI,134.4,SUCCESS,GW9894892761
PAY0000812,ORD001834,2026-09-23 23:27:08,Cash on Delivery,484.0,SUCCESS,
PAY0001796,ORD002034,2026-09-26 11:30:23,UPI,624.0,SUCCESS,GW6506572511
PAY0000343,ORD000939,2026-09-13 10:48:37,Wallet,864.0,SUCCESS,GW4332030242
PAY0000929,ORD001161,2026-09-15 21:17:20,Card,258.4,SUCCESS,GW7968950890
PAY0001773,ORD001160,2026-09-15 21:15:54,UPI,248.0,SUCCESS,GW3468295436
PAY0000267,ORD001693,2026-10-21 10:16:40,UPI,986.85,SUCCESS,GW5584108324
PAY0000705,ORD002210,2026-09-28 17:54:51,UPI,984.0,SUCCESS,GW3425401732
PAY0002057,ORD000249,2026-09-04 13:47:43,UPI,248.2,SUCCESS,GW2352018428
PAY0000239,ORD001558,2026-09-20 15:47:36,UPI,372.3,SUCCESS,GW9159454599
PAY0001651,ORD000188,2026-09-03 13:23:25,Card,94.5,SUCCESS,GW7909341632
PAY0001756,ORD000690,2026-09-10 10:21:02,Wallet,1224.0,SUCCESS,GW8792907661
PAY0001859,ORD001865,2026-09-24 13:46:24,Card,220.0,SUCCESS,GW6592661012
PAY0000448,ORD000185,2026-09-03 12:58:00,Card,220.0,SUCCESS,GW7112584189
PAY0000849,ORD001547,2026-09-20 12:59:13,Wallet,178.5,SUCCESS,GW6570373764
PAY0002096,ORD000603,2026-09-09 07:40:16,UPI,436.0,SUCCESS,GW2256103929
PAY0000342,ORD001807,2026-09-23 20:19:39,UPI,198.0,SUCCESS,GW9052471866
PAY0001663,ORD001143,2026-09-15 18:14:08,Wallet,186.0,SUCCESS,GW2637367871
PAY0001252,ORD001657,2026-09-21 20:32:54,Card,1008.0,REFUNDED,GW6854206740
PAY0000651,ORD001659,2026-09-21 20:35:39,UPI,300.0,SUCCESS,GW3816527675
PAY0001092,ORD002055,2026-09-26 15:22:41,UPI,231.8,SUCCESS,GW2142535065
PAY0000163,ORD001402,2026-09-18 23:35:13,UPI,283.5,REFUNDED,GW5972041407
PAY0001788,ORD000002,2026-09-01 06:39:49,UPI,28.8,SUCCESS,GW4637115433
PAY0000189,ORD001299,2026-09-17 16:25:52,UPI,36.0,SUCCESS,GW4672588403
PAY0001130,ORD000700,2026-09-10 11:48:53,UPI,67.0,SUCCESS,GW7885496769
PAY0001116,ORD000696,2026-09-10 11:20:51,UPI,928.8,SUCCESS,GW4180703541
PAY0002079,ORD002217,2026-09-28 20:10:15,Cash on Delivery,1107.0,SUCCESS,
PAY0002167,ORD001236,2026-09-16 20:56:31,UPI,104.8,SUCCESS,GW8868973439
PAY0001754,ORD002141,2026-09-27 19:08:19,Cash on Delivery,898.0,SUCCESS,
PAY0001012,ORD001080,2026-09-14 21:07:43,UPI,467.4,SUCCESS,GW7377458962
PAY0002044,ORD000634,2026-09-09 14:40:19,UPI,259.2,SUCCESS,GW9812438538
PAY0001780,ORD000962,2026-09-13 15:17:56,Cash on Delivery,477.0,SUCCESS,
PAY0002000,ORD000513,2026-09-07 23:16:17,Wallet,684.0,SUCCESS,GW2663042309
PAY0001441,ORD000141,2026-09-02 20:24:24,UPI,632.7,SUCCESS,GW5398198658
PAY0000364,ORD000336,2026-09-05 17:36:50,Card,120.0,SUCCESS,GW2758175711
PAY0000632,ORD000090,2026-09-02 09:52:50,UPI,497.0,FAILED,GW3413806915
PAY0000035,ORD002365,2026-09-30 15:47:46,UPI,570.0,SUCCESS,GW8818691441
PAY0001539,ORD000831,2026-09-12 06:05:49,Card,1584.0,SUCCESS,GW1048668297
PAY0001611,ORD000903,2026-09-12 22:26:22,UPI,315.0,SUCCESS,GW7083687015
PAY0000918,ORD001397,2026-09-18 21:09:23,UPI,230.0,SUCCESS,GW2057692807
PAY0002086,ORD001664,2026-09-21 21:51:40,UPI,364.0,SUCCESS,GW2063564831
PAY0001081,ORD001474,2026-09-19 17:45:26,UPI,88.35,FAILED,GW2521342462
PAY0001003,ORD000778,2026-09-11 11:46:02,UPI,585.9,SUCCESS,GW8971756225
PAY0000148,ORD001554,2026-09-20 14:50:43,Wallet,891.0,SUCCESS,GW6506805070
PAY0000273,ORD000434,2026-09-06 21:54:22,Wallet,237.6,SUCCESS,GW4889564372
PAY0000219,ORD001667,2026-09-21 22:23:47,Wallet,178.5,SUCCESS,GW4052014028
PAY0002005,ORD000736,2026-09-10 19:01:15,UPI,237.15,SUCCESS,GW3563162535
PAY0001406,ORD001704,2026-09-22 14:06:25,Wallet,251.75,SUCCESS,GW1677792828
PAY0000269,ORD000067,2026-09-01 20:18:48,Wallet,831.0,SUCCESS,GW1427358720
PAY0000118,ORD001778,2026-09-23 14:55:58,UPI,1035.0,SUCCESS,GW4176114204
PAY0000445,ORD002004,2026-09-26 06:12:33,Cash on Delivery,6720.0,SUCCESS,
PAY0000016,ORD000520,2026-09-08 07:34:30,UPI,1456.0,SUCCESS,GW1862957910
PAY0000794,ORD001123,2026-09-15 12:38:34,Wallet,389.0,SUCCESS,GW8767398545
PAY0002099,ORD000232,2026-09-04 06:42:51,UPI,780.0,SUCCESS,GW1702390616
PAY0002213,ORD001449,2026-09-19 13:23:12,UPI,1728.0,SUCCESS,GW9866960280
PAY0001417,ORD001483,2026-09-19 18:51:55,UPI,186.0,SUCCESS,GW7040527370
PAY0001268,ORD000865,2026-09-12 15:14:15,Cash on Delivery,1132.2,SUCCESS,
PAY0000731,ORD001481,2026-09-19 18:38:36,Card,600.0,SUCCESS,GW7455461147
PAY0000792,ORD000726,2026-09-10 16:10:23,UPI,46.0,SUCCESS,GW3299892311
PAY0000327,ORD000049,2026-09-01 16:59:54,UPI,11.0,SUCCESS,GW4348468197
PAY0000252,ORD001854,2026-09-24 09:53:53,UPI,604.0,SUCCESS,GW5386629373
PAY0000215,ORD002021,2026-09-26 09:54:30,UPI,238.0,SUCCESS,GW3944516695
PAY0000468,ORD000181,2026-09-03 11:08:04,UPI,92.0,SUCCESS,GW9134037447
PAY0001825,ORD000024,2026-09-01 10:20:57,Cash on Delivery,1030.0,SUCCESS,
PAY0001419,ORD001801,2026-09-23 19:09:53,UPI,210.0,SUCCESS,GW3326593388
PAY0001462,ORD001464,2026-09-19 15:45:15,UPI,242.0,SUCCESS,GW1490233659
PAY0002016,ORD002042,2026-09-26 13:05:47,Wallet,1134.75,SUCCESS,GW8231658706
PAY0001226,ORD001142,2026-09-15 17:21:59,UPI,270.0,SUCCESS,GW6225387716
PAY0000341,ORD000459,2026-09-07 09:25:09,Card,481.1,SUCCESS,GW5873086206
PAY0000948,ORD000498,2026-09-07 17:30:27,UPI,357.85,SUCCESS,GW7342531833
PAY0000572,ORD001428,2026-09-19 09:53:43,Wallet,388.8,SUCCESS,GW5573588670
PAY0000968,ORD002205,2026-09-28 16:14:47,UPI,256.7,SUCCESS,GW3458675898
PAY0001530,ORD000066,2026-09-01 20:02:43,UPI,837.0,SUCCESS,GW9095264764
PAY0001738,ORD000407,2026-09-06 15:32:25,UPI,890.0,SUCCESS,GW8426623021
PAY0001077,ORD001115,2026-09-15 10:15:47,UPI,300.0,SUCCESS,GW3985003577
PAY0001661,ORD001287,2026-09-17 13:34:16,UPI,169.2,SUCCESS,GW4829988622
PAY0000135,ORD002310,2026-09-29 22:52:59,UPI,288.15,SUCCESS,GW5398575707
PAY0000068,ORD002050,2026-09-26 14:47:06,UPI,1425.0,SUCCESS,GW2372261439
PAY0001555,ORD002062,2026-09-26 16:44:51,UPI,1008.9,SUCCESS,GW2519636844
PAY0001139,ORD000178,2026-09-03 10:43:12,Card,353.0,SUCCESS,GW5431104889
PAY0000249,ORD001073,2026-09-14 20:22:38,UPI,454.0,SUCCESS,GW3367952685
PAY0001138,ORD001503,2026-09-19 22:34:44,UPI,684.0,SUCCESS,GW6642605191
PAY0000241,ORD000733,2026-09-10 17:48:39,Card,2436.0,SUCCESS,GW8087936019
PAY0000362,ORD000530,2026-09-08 09:30:30,UPI,1838.25,SUCCESS,GW8533889473
PAY0000536,ORD002351,2026-09-30 13:05:27,UPI,1178.0,SUCCESS,GW9397693468
PAY0001612,ORD000479,2026-09-07 13:50:22,Card,774.0,SUCCESS,GW2905544388
PAY0001467,ORD000441,2026-09-07 06:07:00,UPI,1256.0,REFUNDED,GW2875723257
PAY0001945,ORD001381,2026-09-18 18:31:55,UPI,547.2,SUCCESS,GW6508953195
PAY0000770,ORD000361,2026-09-06 06:39:25,UPI,270.3,SUCCESS,GW9864217656
PAY0001939,ORD002373,2026-09-30 18:24:24,Card,235.6,SUCCESS,GW7171943665
PAY0000675,ORD000599,2026-09-09 06:21:13,UPI,382.5,REFUNDED,GW9790024383
PAY0001980,ORD000609,2026-09-09 09:15:40,UPI,1346.4,SUCCESS,GW6555738698
PAY0001168,ORD000818,2026-09-11 21:50:43,UPI,184.45,SUCCESS,GW8158958884
PAY0000961,ORD001543,2026-09-20 12:36:41,Wallet,292.4,FAILED,GW4842218423
PAY0001211,ORD000595,2026-09-08 23:50:31,Wallet,1365.0,SUCCESS,GW3776119577
PAY0001580,ORD000503,2026-09-07 19:19:24,Cash on Delivery,383.4,SUCCESS,
PAY0002169,ORD001109,2026-09-15 09:11:33,UPI,450.0,REFUNDED,GW5536204083
PAY0000493,ORD001590,2026-09-20 22:47:55,Wallet,123.2,SUCCESS,GW2638858985
PAY0001431,ORD000113,2026-09-02 16:45:25,Cash on Delivery,436.0,SUCCESS,
PAY0000609,ORD000237,2026-09-04 10:02:34,Wallet,742.9,SUCCESS,GW2573894655
PAY0001827,ORD000262,2026-09-04 18:39:36,Wallet,243.1,SUCCESS,GW1506045819
PAY0001050,ORD002014,2026-09-26 08:43:02,UPI,798.0,SUCCESS,GW7440774698
PAY0000478,ORD001607,2026-09-21 10:02:13,Wallet,842.0,SUCCESS,GW8646882118
PAY0000624,ORD001912,2026-09-24 22:33:42,Cash on Delivery,324.0,SUCCESS,
PAY0001641,ORD001228,2026-09-16 19:10:00,UPI,371.45,SUCCESS,GW9015246189
PAY0000113,ORD000060,2026-09-01 18:29:21,Card,138.0,SUCCESS,GW8672055970
PAY0001033,ORD001748,2026-09-23 06:57:14,Card,162.4,SUCCESS,GW4289183034
PAY0001889,ORD002060,2026-09-26 16:16:11,Wallet,1521.0,SUCCESS,GW9914800093
PAY0001401,ORD001617,2026-09-21 11:54:50,Card,150.0,SUCCESS,GW6850634396
PAY0000156,ORD000447,2026-09-07 07:16:15,UPI,207.0,SUCCESS,GW3470448066
PAY0001203,ORD000391,2026-09-06 11:28:31,UPI,820.8,SUCCESS,GW4317605387
PAY0001465,ORD000764,2026-09-11 07:45:40,Card,324.0,SUCCESS,GW9649107593
PAY0000149,ORD000115,2026-09-02 16:51:15,UPI,220.0,SUCCESS,GW9354241179
PAY0001931,ORD001826,2026-09-23 22:40:00,UPI,684.0,SUCCESS,GW6123304685
PAY0001589,ORD000621,2026-09-09 11:51:40,Wallet,320.15,SUCCESS,GW5023860071
PAY0000459,ORD000132,2026-09-02 18:48:28,UPI,778.0,SUCCESS,GW2230659852
PAY0001952,ORD000946,2026-09-15 12:00:00,UPI,487.2,SUCCESS,GW9379046000
PAY0001601,ORD001027,2026-09-14 10:40:52,UPI,387.0,SUCCESS,GW6911474298
PAY0001145,ORD001690,2026-09-22 09:30:50,Card,242.0,SUCCESS,GW6948680585
PAY0001770,ORD002275,2026-09-29 16:03:55,Card,620.0,SUCCESS,GW5840407563
PAY0000436,ORD002063,2026-09-26 17:06:21,Cash on Delivery,121.6,REFUNDED,
PAY0000854,ORD002054,2026-09-26 15:17:52,UPI,442.8,SUCCESS,GW3662896822
PAY0001749,ORD001153,2026-09-15 20:30:07,UPI,271.7,SUCCESS,GW5391597972
PAY0001016,ORD000516,2026-09-08 06:01:05,UPI,136.8,SUCCESS,GW2456001569
PAY0001013,ORD001418,2026-09-19 08:21:04,Card,114.0,SUCCESS,GW6772876597
PAY0001456,ORD001957,2026-09-25 14:16:28,UPI,188.0,SUCCESS,GW8691227760
PAY0001463,ORD002105,2026-09-27 09:58:49,Cash on Delivery,210.9,SUCCESS,
PAY0001619,ORD001886,2026-09-24 17:39:50,UPI,258.4,SUCCESS,GW1157929965
PAY0001759,ORD002291,2026-09-29 18:52:41,UPI,526.3,SUCCESS,GW5387456428
PAY0002222,ORD953136,2026-09-18 14:22:10,UPI,581.62,SUCCESS,GW4344391456
PAY0000356,ORD001798,2026-09-23 19:01:45,UPI,810.0,SUCCESS,GW1665014783
PAY0000407,ORD000536,2026-09-08 10:20:37,UPI,150.0,SUCCESS,GW5850485918
PAY0002192,ORD001283,2026-09-17 12:45:08,Card,137.0,SUCCESS,GW8697125742
PAY0000232,ORD000160,2026-09-03 07:08:28,Card,440.0,SUCCESS,GW7627754407
PAY0001597,ORD002038,2026-09-26 12:17:36,UPI,634.6,SUCCESS,GW8033814995
PAY0000276,ORD001873,2026-09-24 14:53:21,Card,265.6,SUCCESS,GW5639330551
PAY0001000,ORD000264,2026-09-04 19:12:14,Card,416.0,SUCCESS,GW2561170588
PAY0001706,ORD001443,2026-09-19 12:19:27,UPI,41.65,SUCCESS,GW8912678338
PAY0001643,ORD001374,2026-09-18 16:22:20,UPI,208.0,SUCCESS,GW3805749062
PAY0000429,ORD002185,2026-09-28 13:06:27,UPI,218.2,SUCCESS,GW2551991961
PAY0000558,ORD000564,2026-09-08 16:57:35,UPI,304.0,FAILED,GW2515295005
PAY0001577,ORD000727,2026-09-10 16:25:11,Wallet,985.0,SUCCESS,GW8084838128
PAY0001602,ORD000268,2026-09-04 20:08:20,Card,220.0,SUCCESS,GW2818623936
PAY0000535,ORD001803,2026-09-23 19:36:07,UPI,119.0,SUCCESS,GW9972153533
PAY0000587,ORD001500,2026-09-19 22:23:57,UPI,1456.0,SUCCESS,GW8677307068
PAY0001036,ORD001092,2026-09-15 06:07:53,Wallet,246.6,SUCCESS,GW3630122968
PAY0001357,ORD000979,2026-09-13 18:10:07,UPI,492.0,SUCCESS,GW5453593718
PAY0001144,ORD000129,2026-09-02 18:39:37,Card,794.7,SUCCESS,GW8361042840
PAY0002216,ORD001203,2026-09-16 13:43:51,UPI,996.3,SUCCESS,GW9288871097
PAY0001332,ORD001213,2026-09-16 15:45:57,UPI,270.4,SUCCESS,GW4221140729
PAY0001040,ORD000855,2026-09-12 11:56:56,UPI,616.55,SUCCESS,GW7598129813
PAY0002067,ORD000548,2026-09-08 12:19:49,Wallet,205.2,SUCCESS,GW9222888042
PAY0001048,ORD002330,2026-09-30 08:27:20,UPI,336.0,SUCCESS,GW4304924750
PAY0000848,ORD000817,2026-09-11 20:31:57,Cash on Delivery,387.0,SUCCESS,
PAY0002108,ORD002005,2026-09-26 07:35:59,Card,387.0,SUCCESS,GW8597773918
PAY0001598,ORD001351,2026-09-18 11:24:58,Card,1795.5,FAILED,GW2585187591
PAY0000501,ORD000233,2026-09-04 07:14:32,UPI,11.0,SUCCESS,GW1585631527
PAY0000053,ORD000354,2026-09-05 22:08:42,Card,184.45,SUCCESS,GW8676066872
PAY0000820,ORD000876,2026-09-12 17:31:09,UPI,666.0,SUCCESS,GW9034796944
PAY0001442,ORD000217,2026-09-03 21:31:16,UPI,1520.0,SUCCESS,GW7079130453
PAY0000419,ORD001423,2026-09-19 08:59:15,UPI,360.0,SUCCESS,GW2138143901
PAY0001964,ORD000856,2026-09-12 12:44:07,UPI,336.6,SUCCESS,GW5308888841
PAY0001873,ORD000419,2026-09-06 18:45:11,Cash on Delivery,242.0,SUCCESS,
PAY0000358,ORD000635,2026-09-09 14:42:11,Card,46.0,SUCCESS,GW1590595106
PAY0001525,ORD001829,2026-09-23 22:53:00,Wallet,666.0,SUCCESS,GW6546608398
PAY0001221,ORD000714,2026-09-10 14:26:28,UPI,237.6,SUCCESS,GW4786895569
PAY0000579,ORD000753,2026-09-10 22:37:29,UPI,187.15,REFUNDED,GW2484966749
PAY0000204,ORD000507,2026-09-07 20:23:47,UPI,449.0,SUCCESS,GW9956757621
PAY0000943,ORD001793,2026-09-23 18:21:49,Wallet,211.0,SUCCESS,GW2223107812
PAY0000008,ORD000385,2026-09-06 10:03:24,UPI,589.0,SUCCESS,GW4518110561
PAY0001835,ORD000708,2026-09-10 12:45:37,UPI,416.0,SUCCESS,GW7446355231
PAY0001812,ORD000076,2026-09-01 22:14:53,UPI,3895.0,SUCCESS,GW9420307352
PAY0000188,ORD001469,2026-09-19 16:54:45,UPI,315.0,SUCCESS,GW1333134401
PAY0000141,ORD001439,2026-09-19 12:09:34,UPI,270.4,SUCCESS,GW2931009341
PAY0001076,ORD000310,2026-09-05 10:29:57,UPI,534.4,SUCCESS,GW8560673214
PAY0000064,ORD001451,2026-09-19 13:40:15,UPI,964.75,SUCCESS,GW9012084835
PAY0002070,ORD001260,2026-09-17 07:59:35,UPI,609.0,SUCCESS,GW2513361137
PAY0000786,ORD000012,2026-09-01 08:16:24,UPI,257.55,SUCCESS,GW6468612466
PAY0001917,ORD001995,2026-09-25 22:30:04,UPI,108.0,SUCCESS,GW1439195248
PAY0001063,ORD001981,2026-09-25 19:07:09,Cash on Delivery,533.8,SUCCESS,
PAY0001564,ORD001530,2026-09-20 10:00:53,UPI,396.0,SUCCESS,GW6055530331
PAY0002132,ORD000154,2026-09-03 06:11:36,Cash on Delivery,488.0,SUCCESS,
PAY0001054,ORD000837,2026-09-12 07:01:39,Wallet,143.1,SUCCESS,GW8596093922
PAY0001822,ORD002120,2026-09-27 13:34:24,UPI,8.0,SUCCESS,GW1271923828
PAY0001124,ORD001071,2026-09-14 20:16:30,UPI,1350.0,SUCCESS,GW4778128150
PAY0001932,ORD000838,2026-09-12 07:01:23,UPI,283.0,SUCCESS,GW2545093580
PAY0001979,ORD001114,2026-09-15 10:15:15,Card,1050.0,SUCCESS,GW2581234730
PAY0001388,ORD001224,2026-09-16 18:32:33,UPI,609.0,SUCCESS,GW7760602893
PAY0000004,ORD000550,2026-09-08 12:33:16,UPI,168.8,SUCCESS,GW6908174633
PAY0001686,ORD001189,2026-09-16 11:11:46,UPI,606.6,SUCCESS,GW1306843570
PAY0001626,ORD001539,2026-09-20 11:32:31,Card,168.15,SUCCESS,GW4104395250
PAY0002133,ORD001920,2026-09-25 07:03:59,UPI,69.0,SUCCESS,GW9397902427
PAY0001193,ORD000400,2026-09-06 12:53:34,Wallet,1128.6,REFUNDED,GW6062735515
PAY0001259,ORD000519,2026-09-08 07:01:53,UPI,129.2,SUCCESS,GW7862937715
PAY0001119,ORD002353,2026-09-30 13:06:43,UPI,198.0,SUCCESS,GW7388698229
PAY0001083,ORD001049,2026-09-14 16:26:23,UPI,69.0,SUCCESS,GW7903203580
PAY0001121,ORD001233,2026-09-16 19:49:08,Wallet,257.4,SUCCESS,GW2537152456
PAY0000345,ORD000630,2026-09-09 13:55:46,UPI,718.2,SUCCESS,GW3462801439
PAY0000654,ORD001293,2026-09-17 15:01:18,Cash on Delivery,850.5,SUCCESS,
PAY0000439,ORD000104,2026-09-02 14:10:15,UPI,753.3,SUCCESS,GW6494451212
PAY0000288,ORD000105,2026-09-02 14:15:28,Cash on Delivery,474.3,SUCCESS,
PAY0000151,ORD002194,2026-09-28 14:11:01,UPI,150.0,SUCCESS,GW4228638176
PAY0002115,ORD000988,2026-09-13 19:38:53,Wallet,1192.8,SUCCESS,GW6851128769
PAY0001257,ORD000834,2026-09-12 06:21:36,UPI,849.0,SUCCESS,GW3190202048
PAY0002100,ORD000020,2026-09-01 09:44:45,Cash on Delivery,168.0,SUCCESS,
PAY0000142,ORD000366,2026-09-06 07:03:22,UPI,468.0,SUCCESS,GW1718284414
PAY0001295,ORD000583,2026-09-08 19:55:39,UPI,2091.0,SUCCESS,GW9534780292
PAY0000722,ORD000933,2026-09-13 09:57:25,UPI,798.0,SUCCESS,GW4393660028
PAY0001701,ORD002029,2026-09-26 10:31:32,UPI,72.0,SUCCESS,GW3560046232
PAY0001365,ORD000723,2026-09-10 15:50:38,UPI,88.35,SUCCESS,GW2608079025
PAY0001543,ORD002309,2026-09-29 22:45:36,Wallet,238.0,SUCCESS,GW4904505719
PAY0001476,ORD001154,2026-09-15 20:30:56,Wallet,2314.2,SUCCESS,GW4194597986
PAY0000052,ORD001032,2026-09-14 12:33:49,UPI,109.0,SUCCESS,GW6698484994
PAY0000781,ORD001768,2026-09-23 12:31:56,UPI,750.5,SUCCESS,GW5000483659
PAY0002130,ORD001138,2026-09-15 16:41:53,Cash on Delivery,218.0,SUCCESS,
PAY0001006,ORD001850,2026-09-24 09:15:52,UPI,217.0,SUCCESS,GW5776936342
PAY0000235,ORD002235,2026-09-29 06:04:42,Card,137.0,FAILED,GW1679027442
PAY0000434,ORD001596,2026-09-21 06:09:51,Card,1640.0,SUCCESS,GW9705041243
PAY0002030,ORD001809,2026-09-23 20:30:28,UPI,142.8,SUCCESS,GW9205231971
PAY0002148,ORD000853,2026-09-12 11:17:07,Wallet,168.0,SUCCESS,GW4394344967
PAY0001986,ORD001561,2026-09-20 16:13:22,UPI,205.0,SUCCESS,GW4300752314
PAY0000760,ORD000534,2026-09-15 12:00:00,UPI,1116.0,SUCCESS,GW3443132017
PAY0001254,ORD000155,2026-09-03 06:35:47,UPI,1050.0,SUCCESS,GW6348953005
PAY0000061,ORD002103,2026-09-27 09:32:12,UPI,492.0,SUCCESS,GW2525278907
PAY0001548,ORD001311,2026-09-17 18:37:43,Card,679.2,SUCCESS,GW5911516472
PAY0000597,ORD001922,2026-09-25 07:15:00,Wallet,955.8,SUCCESS,GW9246699748
PAY0001562,ORD000119,2026-09-02 17:16:19,UPI,769.5,SUCCESS,GW3659104032
PAY0000290,ORD001328,2026-09-17 23:10:31,Card,292.0,SUCCESS,GW9471887652
PAY0000578,ORD000803,2026-09-11 17:43:18,Wallet,1600.75,SUCCESS,GW4039989719
PAY0000623,ORD000952,2026-09-13 13:55:27,Wallet,445.0,SUCCESS,GW1523383652
PAY0000818,ORD002199,2026-09-28 15:20:07,Card,230.0,SUCCESS,GW5848600725
PAY0001575,ORD001242,2026-09-16 21:51:25,UPI,2072.0,SUCCESS,GW9514058772
PAY0000152,ORD000687,2026-09-10 09:41:22,Card,143.0,SUCCESS,GW4617880289
PAY0000305,ORD001178,2026-09-16 08:35:32,Cash on Delivery,539.2,SUCCESS,
PAY0001393,ORD001559,2026-09-20 16:03:16,UPI,88.35,SUCCESS,GW2345280810
PAY0001078,ORD001562,2026-09-20 16:21:28,UPI,1575.0,SUCCESS,GW1672652651
PAY0000830,ORD001924,2026-09-25 07:42:29,UPI,84.0,SUCCESS,GW9962897558
PAY0002203,ORD001700,2026-09-22 13:02:06,Cash on Delivery,567.0,SUCCESS,
PAY0002187,ORD000665,2026-09-09 23:05:59,Card,300.0,SUCCESS,GW5153500765
PAY0001541,ORD000515,2026-09-07 23:59:47,UPI,106.25,SUCCESS,GW9045997206
PAY0000308,ORD002056,2026-09-26 15:28:33,Card,369.0,SUCCESS,GW4435464224
PAY0001834,ORD000744,2026-09-10 20:34:58,Wallet,235.45,SUCCESS,GW3901958311
PAY0000233,ORD000885,2026-09-12 18:49:18,Card,359.1,SUCCESS,GW6376431439
PAY0000859,ORD001238,2026-09-16 21:19:13,UPI,973.75,SUCCESS,GW6577131691
PAY0000500,ORD000341,2026-09-05 18:18:30,Cash on Delivery,105.0,SUCCESS,
PAY0001584,ORD001544,2026-09-20 12:49:41,Wallet,729.0,SUCCESS,GW7788996878
PAY0000539,ORD001722,2026-09-22 18:45:20,UPI,451.25,SUCCESS,GW7602216044
PAY0001102,ORD001444,2026-09-19 12:27:00,Card,737.1,SUCCESS,GW5603012697
PAY0001051,ORD001819,2026-09-23 21:39:43,UPI,135.85,SUCCESS,GW6323793563
PAY0001671,ORD001528,2026-09-20 09:49:12,Card,109.0,SUCCESS,GW9439288650
PAY0001150,ORD000323,2026-09-05 13:45:59,Cash on Delivery,563.55,SUCCESS,
PAY0000842,ORD001349,2026-09-18 10:56:19,Cash on Delivery,157.6,SUCCESS,
PAY0000050,ORD000170,2026-09-03 09:06:49,Wallet,168.15,SUCCESS,GW9509397347
PAY0000628,ORD000394,2026-09-06 12:07:11,Card,292.0,SUCCESS,GW8773843906
PAY0000693,ORD000473,2026-09-07 12:24:52,UPI,416.1,SUCCESS,GW3893558291
PAY0000634,ORD000619,2026-09-09 11:24:56,Card,197.0,SUCCESS,GW4130071384
PAY0001571,ORD000654,2026-09-09 20:34:13,UPI,380.0,SUCCESS,GW9130021383
PAY0001343,ORD000819,2026-09-11 21:52:10,UPI,50.0,SUCCESS,GW7756458719
PAY0000650,ORD001310,2026-09-17 18:12:34,UPI,224.0,SUCCESS,GW2172838267
PAY0000467,ORD001221,2026-09-16 17:50:23,UPI,177.3,SUCCESS,GW6437299062
PAY0001361,ORD001894,2026-09-24 18:59:29,Card,18.4,SUCCESS,GW5211685435
PAY0001181,ORD000656,2026-09-09 21:04:10,UPI,169.2,SUCCESS,GW2707847700
PAY0001106,ORD000761,2026-09-11 06:40:10,UPI,475.2,REFUNDED,GW4239745681
PAY0001594,ORD000180,2026-09-03 10:53:40,Card,3276.0,SUCCESS,GW7754511724
PAY0001994,ORD001816,2026-09-23 21:21:04,Cash on Delivery,305.1,SUCCESS,
PAY0000800,ORD000916,2026-09-12 23:45:27,UPI,450.0,SUCCESS,GW3848790094
PAY0001490,ORD001752,2026-09-23 07:41:27,UPI,108.0,SUCCESS,GW5954093140
PAY0001856,ORD001877,2026-09-24 15:32:11,UPI,380.0,SUCCESS,GW2699337079
PAY0001353,ORD001775,2026-09-23 14:18:50,Wallet,411.0,SUCCESS,GW8428017178
PAY0001599,ORD001977,2026-09-25 18:30:29,UPI,549.0,SUCCESS,GW6077162387
PAY0000914,ORD001069,2026-09-14 19:57:24,UPI,1071.0,SUCCESS,GW4756469528
PAY0000615,ORD002198,2026-09-28 15:13:32,UPI,364.8,SUCCESS,GW1599885633
PAY0000721,ORD000823,2026-09-11 22:59:51,Cash on Delivery,700.2,SUCCESS,
PAY0000309,ORD002395,2026-09-30 23:09:33,UPI,332.0,SUCCESS,GW5461761747
PAY0000755,ORD000094,2026-09-02 10:58:26,Card,403.2,SUCCESS,GW2899060380
PAY0002073,ORD001882,2026-09-24 16:22:34,UPI,72.0,SUCCESS,GW9081426663
PAY0001017,ORD000512,2026-09-07 22:54:37,UPI,805.0,SUCCESS,GW8397941018
PAY0001364,ORD002300,2026-09-29 20:51:18,Card,1060.0,SUCCESS,GW3977222353
PAY0000128,ORD000157,2026-09-03 07:01:54,Card,1575.0,SUCCESS,GW2763813871
PAY0000033,ORD002236,2026-09-29 06:20:28,UPI,240.3,SUCCESS,GW7359706904
PAY0001936,ORD000584,2026-09-08 20:18:52,Wallet,102.6,SUCCESS,GW7695191341
PAY0001801,ORD001698,2026-09-22 12:15:33,UPI,410.55,SUCCESS,GW1904183796
PAY0000969,ORD001269,2026-09-17 09:56:07,UPI,228.0,SUCCESS,GW2186675446
PAY0000368,ORD001336,2026-09-18 06:41:28,UPI,456.0,SUCCESS,GW9065491032
PAY0001998,ORD001048,2026-09-14 16:24:22,Cash on Delivery,1766.0,SUCCESS,
PAY0000867,ORD000330,2026-09-05 16:04:34,Wallet,94.5,SUCCESS,GW9388308542
PAY0001727,ORD001746,2026-09-23 06:47:09,UPI,547.2,SUCCESS,GW6455902624
PAY0002087,ORD000680,2026-09-10 07:54:46,UPI,109.6,SUCCESS,GW5838913822
PAY0001556,ORD001321,2026-09-17 20:59:02,UPI,242.0,SUCCESS,GW2607044362
PAY0001383,ORD001756,2026-09-23 09:48:17,Wallet,228.0,SUCCESS,GW7100860032
PAY0001953,ORD000653,2026-09-09 20:23:47,UPI,244.0,SUCCESS,GW4327734952
PAY0001818,ORD001330,2026-09-17 23:41:22,Card,364.0,SUCCESS,GW4448073522
PAY0001170,ORD000281,2026-09-04 23:13:02,UPI,525.0,SUCCESS,GW8759220757
PAY0000391,ORD002238,2026-09-29 06:47:40,UPI,1400.4,SUCCESS,GW4497217225
PAY0001232,ORD002211,2026-09-28 17:59:33,UPI,1256.0,SUCCESS,GW1294150293
PAY0000881,ORD001128,2026-09-15 13:36:24,Cash on Delivery,745.75,SUCCESS,
PAY0000101,ORD002247,2026-09-29 08:58:06,UPI,653.4,SUCCESS,GW9034289541
PAY0001841,ORD001552,2026-09-20 14:15:03,Wallet,107.0,SUCCESS,GW1849835651
PAY0000556,ORD002295,2026-09-29 19:45:55,Card,394.0,SUCCESS,GW6972951230
PAY0000811,ORD000552,2026-09-08 13:34:39,UPI,72.0,SUCCESS,GW8754283021
PAY0001516,ORD000875,2026-09-12 17:22:36,UPI,336.0,SUCCESS,GW7994051166
PAY0000346,ORD001294,2026-09-17 15:44:16,Card,387.2,SUCCESS,GW6513148025
PAY0000261,ORD001621,2026-09-21 12:55:15,UPI,581.4,SUCCESS,GW7462073676
PAY0000083,ORD000390,2026-09-06 11:01:53,UPI,157.0,SUCCESS,GW5768406211
PAY0001529,ORD002385,2026-09-30 20:52:11,UPI,299.25,SUCCESS,GW3622399046
PAY0001885,ORD000923,2026-09-13 07:16:09,Card,429.3,SUCCESS,GW7408205117
PAY0001675,ORD002311,2026-09-29 22:51:45,Card,750.5,SUCCESS,GW1795152122
PAY0000339,ORD000031,2026-09-01 11:24:32,UPI,1128.6,SUCCESS,GW6696413556
PAY0000831,ORD002249,2026-09-29 09:12:34,UPI,282.15,SUCCESS,GW2846343177
PAY0000589,ORD000932,2026-09-13 09:48:54,Card,1116.0,SUCCESS,GW5679677161
PAY0001713,ORD000719,2026-09-10 14:59:42,Card,1478.2,SUCCESS,GW2520876763
PAY0000557,ORD000431,2026-09-06 20:48:59,Cash on Delivery,2187.0,SUCCESS,
PAY0000545,ORD002344,2026-09-30 11:36:38,Card,1010.0,SUCCESS,GW5075829044
PAY0001443,ORD001974,2026-09-25 17:34:29,Wallet,832.0,SUCCESS,GW5753486110
PAY0001505,ORD001505,2026-09-19 23:43:37,Wallet,438.0,SUCCESS,GW6121030227
PAY0000248,ORD001760,2026-09-23 10:22:11,Card,1436.5,SUCCESS,GW7661098900
PAY0002145,ORD001335,2026-09-18 06:16:32,Cash on Delivery,9.0,SUCCESS,
PAY0000080,ORD000553,2026-09-08 13:55:24,UPI,322.05,SUCCESS,GW1530440112
PAY0001559,ORD000093,2026-09-02 10:51:29,Wallet,711.0,SUCCESS,GW6265782058
PAY0000892,ORD001511,2026-09-20 06:07:52,UPI,539.2,SUCCESS,GW5990908057
PAY0001897,ORD000912,2026-09-12 23:20:34,UPI,174.8,SUCCESS,GW1531970329
PAY0002076,ORD000833,2026-09-12 06:18:49,UPI,369.0,SUCCESS,GW9416206270
PAY0001480,ORD001457,2026-09-19 14:41:20,UPI,108.0,SUCCESS,GW9764424485
PAY0000645,ORD000290,2026-09-05 06:18:53,UPI,337.0,SUCCESS,GW2700186847
PAY0001753,ORD000592,2026-09-08 22:11:08,Cash on Delivery,444.0,SUCCESS,
PAY0000096,ORD000975,2026-09-13 17:41:32,UPI,199.8,SUCCESS,GW6940246930
PAY0001851,ORD000446,2026-09-07 06:52:39,Card,862.75,SUCCESS,GW1604411572
PAY0000776,ORD001861,2026-09-24 12:31:20,Card,120.0,SUCCESS,GW5131432439
PAY0000737,ORD001296,2026-09-17 16:08:23,UPI,-394.0,SUCCESS,GW1678766266
PAY0001806,ORD002126,2026-09-27 15:53:43,Wallet,205.0,SUCCESS,GW3138806004
PAY0002137,ORD002296,2026-09-29 19:51:21,Cash on Delivery,532.8,SUCCESS,
PAY0001423,ORD001948,2026-09-25 13:23:06,UPI,389.5,SUCCESS,GW7308717761
PAY0001497,ORD000364,2026-09-06 07:02:31,Cash on Delivery,527.0,SUCCESS,
PAY0000767,ORD001869,2026-09-24 14:08:09,Card,793.6,SUCCESS,GW7123651519
PAY0001553,ORD000799,2026-09-11 17:23:19,UPI,395.0,SUCCESS,GW7794356685
PAY0002128,ORD000009,2026-09-01 07:54:14,UPI,337.0,SUCCESS,GW2993144653
PAY0000653,ORD000077,2026-09-01 22:21:00,UPI,202.3,SUCCESS,GW7308946092
PAY0001950,ORD000573,2026-09-08 18:09:05,UPI,46.0,SUCCESS,GW5500116748
PAY0000171,ORD001101,2026-09-15 08:16:58,UPI,710.0,SUCCESS,GW8169663331
PAY0001199,ORD001303,2026-09-17 17:27:51,UPI,387.2,SUCCESS,GW2755618949
PAY0000700,ORD000784,2026-09-11 12:48:23,Card,193.6,SUCCESS,GW9691710115
PAY0002124,ORD000489,2026-09-07 15:44:46,UPI,387.6,SUCCESS,GW7291230951
PAY0001249,ORD001131,2026-09-15 15:02:10,UPI,336.6,FAILED,GW7396054408
PAY0000182,ORD002348,2026-09-30 12:21:23,Wallet,421.0,SUCCESS,GW7330538173
PAY0002144,ORD001550,2026-09-20 13:14:22,Wallet,537.6,SUCCESS,GW7413081635
PAY0001336,ORD001331,2026-09-17 23:47:16,UPI,50.0,SUCCESS,GW7755217432
PAY0002202,ORD000274,2026-09-04 21:36:03,UPI,283.5,SUCCESS,GW3562058209
PAY0001061,ORD001175,2026-09-16 07:59:02,UPI,836.4,SUCCESS,GW4394663768
PAY0001722,ORD002315,2026-09-29 23:36:39,UPI,752.0,SUCCESS,GW6284380917
PAY0000051,ORD001641,2026-09-21 17:46:02,Wallet,1178.0,SUCCESS,GW7071682436
PAY0000078,ORD002251,2026-09-29 09:53:33,Cash on Delivery,820.0,SUCCESS,
PAY0001532,ORD000729,2026-09-10 16:31:44,UPI,619.65,SUCCESS,GW8244514196
PAY0000913,ORD001571,2026-09-20 18:35:44,UPI,152.95,SUCCESS,GW3840332082
PAY0000809,ORD001429,2026-09-19 10:03:41,UPI,1096.2,SUCCESS,GW8857426887
PAY0002011,ORD001368,2026-09-18 14:58:47,Cash on Delivery,232.9,SUCCESS,
PAY0000027,ORD001962,2026-09-25 15:10:24,UPI,243.2,SUCCESS,GW6571234864
PAY0000680,ORD001235,2026-09-16 20:45:59,Card,487.2,REFUNDED,GW9916695035
PAY0001791,ORD001484,2026-09-19 19:21:33,UPI,636.0,SUCCESS,GW7080255159
PAY0001335,ORD000471,2026-09-07 11:59:40,Cash on Delivery,2419.65,SUCCESS,
PAY0001772,ORD001556,2026-09-20 15:13:16,Cash on Delivery,1240.0,SUCCESS,
PAY0001977,ORD001638,2026-09-21 16:43:20,UPI,299.25,SUCCESS,GW9455624562
PAY0001432,ORD001145,2026-09-15 18:30:37,Cash on Delivery,151.2,SUCCESS,
PAY0000838,ORD000007,2026-09-01 07:35:48,Card,92.0,SUCCESS,GW1249849310
PAY0000394,ORD002241,2026-09-29 07:26:13,UPI,992.0,SUCCESS,GW8330055612
PAY0000593,ORD000709,2026-09-10 12:48:25,UPI,194.75,SUCCESS,GW5693990003
PAY0001029,ORD000606,2026-09-09 08:13:10,Card,137.0,FAILED,GW2682585939
PAY0000962,ORD000627,2026-09-09 13:13:52,Wallet,147.0,SUCCESS,GW5517226881
PAY0001142,ORD001019,2026-09-14 09:50:16,UPI,599.4,SUCCESS,GW6289678427
PAY0000603,ORD000808,2026-09-11 18:24:14,UPI,265.05,SUCCESS,GW3059154236
PAY0000903,ORD000055,2026-09-01 17:49:25,Wallet,738.0,SUCCESS,GW8436351850
PAY0000613,ORD000628,2026-09-09 13:16:29,UPI,386.75,SUCCESS,GW6235255496
PAY0002217,ORD966342,2026-09-18 14:22:10,UPI,237.84,SUCCESS,GW8488434439
PAY0000684,ORD001046,2026-09-14 15:20:54,Wallet,219.45,SUCCESS,GW7717326751
PAY0001310,ORD002059,2026-09-26 16:10:12,UPI,656.1,SUCCESS,GW6077531163
PAY0001896,ORD001899,2026-09-24 19:53:34,UPI,684.0,SUCCESS,GW3314207105
PAY0000481,ORD001220,2026-09-16 17:24:57,UPI,16.0,SUCCESS,GW4668221987
PAY0000993,ORD000265,2026-09-04 19:30:13,UPI,589.0,SUCCESS,GW7175533122
PAY0002028,ORD001750,2026-09-23 07:24:18,Cash on Delivery,1201.5,SUCCESS,
PAY0000884,ORD000528,2026-09-08 08:44:01,UPI,223.2,SUCCESS,GW3745457620
PAY0002066,ORD000005,2026-09-01 07:12:53,Card,1231.2,SUCCESS,GW7072643094
PAY0000058,ORD000894,2026-09-12 20:05:06,UPI,849.6,SUCCESS,GW8093819410
PAY0001482,ORD001455,2026-09-19 13:57:40,UPI,738.0,SUCCESS,GW7086479458
PAY0001928,ORD000810,2026-09-11 18:48:09,Cash on Delivery,738.0,SUCCESS,
PAY0000839,ORD001794,2026-09-23 18:26:34,UPI,164.0,SUCCESS,GW2074249850
PAY0000644,ORD001787,2026-09-23 16:53:49,UPI,674.0,SUCCESS,GW2659296881
